class,image,width,height,channels,aspect_ratio,resolution,brightness,contrast,black_ratio,masked_brightness,masked_contrast,blur_score
no_dr,aptos_002c21358ce6.png,1050,1050,3,1.0,1050x1050,85.49923628117914,46.504283823420025,0.20970249433106575,107.86856696235408,18.703930588050177,42.16775472071081
no_dr,aptos_005b95c28852.png,2048,1536,3,1.3333333333333333,2048x1536,22.645921389261883,26.404921217074147,0.526060422261556,47.74971711433142,16.523037916213564,27.614818572998047
no_dr,aptos_0097f532ac9f.png,2588,1958,3,1.3217568947906027,2588x1958,49.54123139247221,16.814747043410584,0.015319388771622937,50.15830065920112,16.19496542128945,12.599714363143413
no_dr,aptos_00cc2b75cddd.png,1050,1050,3,1.0,1050x1050,77.16966530612245,41.75042671267805,0.20901315192743763,97.14779551477359,17.132995859431226,38.565751935129896
no_dr,aptos_00f6c1be5a33.png,1050,1050,3,1.0,1050x1050,76.71665578231293,41.44527601866008,0.20914013605442178,96.74903288478455,15.895394920060818,45.41359305725577
no_dr,aptos_0125fbd2e791.png,1050,1050,3,1.0,1050x1050,80.9758439909297,43.904398518041326,0.20951836734693877,102.2092791099545,16.91570858593996,45.09918629326339
no_dr,aptos_014508ccb9cb.png,819,614,3,1.3338762214983713,819x614,46.20689607171692,33.23572730767682,0.20368646915878186,57.993569557410744,26.55159350664859,16.59115935399807
no_dr,aptos_0151781fe50b.png,2048,1536,3,1.3333333333333333,2048x1536,56.55101076761881,60.265853580752996,0.5250256856282552,119.02993360729249,14.542151810282533,19.509639104207356
no_dr,aptos_0182152c50de.png,1050,1050,3,1.0,1050x1050,82.89287891156462,42.93461440067377,0.20756190476190475,104.04956945641511,12.999678947035385,39.68709776382967
no_dr,aptos_01d9477b1171.png,819,614,3,1.3338762214983713,819x614,43.28973921482065,47.9306141364222,0.5244418990347329,90.95797894138211,22.31430362269459,38.332645277270686
no_dr,aptos_01f7bb8be950.png,2588,1958,3,1.3217568947906027,2588x1958,51.603607164677705,24.930520265739478,0.0945469227818185,56.317083627021105,21.244572141855752,13.091150440963029
no_dr,aptos_0212dd31f623.png,1050,1050,3,1.0,1050x1050,73.73799365079365,39.93664272934781,0.20924625850340137,92.99259009458527,15.644556827058114,47.525164591020406
no_dr,aptos_022f820027b8.png,2048,1536,3,1.3333333333333333,2048x1536,52.25417963663737,56.060211897734725,0.524725596110026,109.9131754469983,16.630447261095185,22.01291783650716
no_dr,aptos_0231642cf1c2.png,2588,1958,3,1.3217568947906027,2588x1958,52.68193323313541,22.049927357259637,0.09371511951917627,57.512911817100395,16.951684205238994,13.458687498912015
no_dr,aptos_0232dfea7547.png,1050,1050,3,1.0,1050x1050,83.65902040816327,44.287304360005635,0.2084544217687075,105.30182919492735,15.177616067976707,44.52794142909509
no_dr,aptos_02358b47ea89.png,2588,1958,3,1.3217568947906027,2588x1958,66.61880952869613,29.289107162891245,0.01485938084630407,67.4752024586504,28.66064140585327,13.76304796380711
no_dr,aptos_02cd34a85b24.png,1050,1050,3,1.0,1050x1050,72.5510485260771,40.59688166412175,0.20941950113378685,91.52922792746797,19.088271669553027,50.5618131475704
no_dr,aptos_02da652c74b8.png,1050,1050,3,1.0,1050x1050,81.05247528344671,43.15392796141299,0.20810702947845805,102.04498878659247,15.283433475162944,46.06051664594569
no_dr,aptos_0304bedad8fe.png,1050,1050,3,1.0,1050x1050,89.44567891156463,49.27317460688591,0.2092045351473923,112.86510783940393,21.164753730142987,49.05305196804295
no_dr,aptos_03b373718013.png,1050,1050,3,1.0,1050x1050,77.84245170068027,40.8428011162699,0.20962721088435374,98.09641421826836,12.376895508936522,35.741102783634396
no_dr,aptos_0423237770a7.png,1050,1050,3,1.0,1050x1050,87.42792653061224,47.14871059350861,0.20817052154195012,109.9613765074594,19.17618157671717,45.500805292263216
no_dr,aptos_04579e31e4be.png,1050,1050,3,1.0,1050x1050,79.83221768707483,44.75924709058316,0.20941133786848073,100.69380030838985,21.338199446790032,48.337191090671865
no_dr,aptos_04aef84a2cc1.png,819,614,3,1.3338762214983713,819x614,42.09990733117769,46.89568628354205,0.5245373518989154,88.47448283938535,22.917426471910844,26.578826168402717
no_dr,aptos_04efb1a284cc.png,1050,1050,3,1.0,1050x1050,88.23596190476191,49.9790466479595,0.20913378684807257,111.33320335348022,24.639062842154267,49.77925418728121
no_dr,aptos_050bb1eafa76.png,819,614,3,1.3338762214983713,819x614,47.821188944967446,51.813251715304595,0.5241774150568939,100.44139588339776,18.96169601269021,41.57925172908886
no_dr,aptos_05113073b268.png,2588,1958,3,1.3217568947906027,2588x1958,63.5663741508305,37.06909818506409,0.0937238026374577,69.46130663924151,33.84201202919656,14.021308565077746
no_dr,aptos_05195a3db5e2.png,819,614,3,1.3338762214983713,819x614,41.68525213476354,25.855207506283858,0.20285722240119633,52.259305087113574,16.950906726453482,12.794603277702974
no_dr,aptos_05339950962e.png,1050,1050,3,1.0,1050x1050,69.7225850340136,38.31687219034699,0.2091501133786848,87.80966542495115,17.08438819849006,49.16178674175554
no_dr,aptos_054b1b305160.png,1050,1050,3,1.0,1050x1050,77.55817777777777,40.58973016028186,0.20818503401360544,97.44450019244515,13.43270809123004,46.07617334589273
no_dr,aptos_0551676cc2aa.png,2588,1958,3,1.3217568947906027,2588x1958,54.27013694066904,27.88007943432645,0.03545968428181929,55.90626335645229,27.025462204302034,12.675660665605063
no_dr,aptos_05b1bb2bdb81.png,2588,1958,3,1.3217568947906027,2588x1958,56.407210421952186,22.442129976346447,0.02084422012178468,57.398520863900934,21.615339479656917,13.539870312290471
no_dr,aptos_05e9126dfa5c.png,1050,1050,3,1.0,1050x1050,79.68984489795919,43.45086735214785,0.20884172335600906,100.48059964322238,17.779554808738386,54.338728319933345
no_dr,aptos_060e00d1e2ab.png,819,614,3,1.3338762214983713,819x614,47.98461021425191,51.98472120322828,0.5238353756269065,100.70958917839856,19.19229791367589,57.257098312472905
no_dr,aptos_06586082a24d.png,2048,1536,3,1.3333333333333333,2048x1536,48.168667793273926,51.93501877084953,0.5249357223510742,101.36433727264637,16.935947650489492,20.69171206156413
no_dr,aptos_06be1092a062.png,819,614,3,1.3338762214983713,819x614,42.87122812041379,45.702201942987195,0.5246168959524008,90.11207509600341,11.813352720578813,26.660808247127466
no_dr,aptos_0709652336e2.png,2048,1536,3,1.3333333333333333,2048x1536,46.62408574422201,52.22738501299901,0.5253467559814453,98.19893244392652,26.141271604821753,20.812822341918945
no_dr,aptos_070d4ce5fd90.png,2048,1536,3,1.3333333333333333,2048x1536,43.69948387145996,48.2104821177632,0.5255641937255859,92.07914792226988,21.10438677347408,18.706610997517902
no_dr,aptos_07596907347b.png,1050,1050,3,1.0,1050x1050,80.47800544217687,42.6878978176989,0.20715736961451248,101.07290623938205,15.823398889665512,41.61352962455272
no_dr,aptos_0773a1c326ad.png,2048,1536,3,1.3333333333333333,2048x1536,29.97460714975993,33.45904233367911,0.5251372655232748,63.0938988036463,16.39129243231664,25.085365295410156
no_dr,aptos_07751b94a88a.png,1050,1050,3,1.0,1050x1050,81.15756462585034,43.814007862250016,0.2093315192743764,102.38065209610514,16.603755882386054,48.72461808400492
no_dr,aptos_0790515cf5af.png,1050,1050,3,1.0,1050x1050,91.13479092970522,47.870003466249976,0.20909297052154194,114.92862983457094,13.751213074805191,43.090925041713284
no_dr,aptos_07a0be6b347f.png,2048,1536,3,1.3333333333333333,2048x1536,48.83057371775309,53.021314557713985,0.5246086120605469,102.6852449961617,19.61899455809828,20.667428334554035
no_dr,aptos_07a2b8cabf6b.png,1050,1050,3,1.0,1050x1050,74.95541133786848,42.78067494573525,0.2106113378684807,94.72401387565911,21.505947196216184,51.21383193935122
no_dr,aptos_07e827469099.png,2048,1536,3,1.3333333333333333,2048x1536,48.8351624806722,52.675147772455645,0.5245513916015625,102.6811902927993,17.561563539098167,20.90163803100586
no_dr,aptos_07f5d7baf907.png,2588,1958,3,1.3217568947906027,2588x1958,95.57680593072766,34.08977446245844,0.008911642167116873,96.34726728374683,33.25583472639924,16.38029610776413
no_dr,aptos_08037e4490e5.png,819,614,3,1.3338762214983713,819x614,43.39715948185003,48.16368292089644,0.5246268389590865,91.22193776171413,22.802455977432672,26.993350117128617
no_dr,aptos_084c02cf077f.png,819,614,3,1.3338762214983713,819x614,40.61647834612004,44.850042488405734,0.5243007083397963,85.31928866742192,20.419379874046168,28.816376529731578
no_dr,aptos_0851d6a69589.png,1050,1050,3,1.0,1050x1050,70.83745850340136,38.612307981447756,0.20994013605442177,89.29045475471304,16.268547349973286,41.36753508130132
no_dr,aptos_08b6e3240858.png,2588,1958,3,1.3217568947906027,2588x1958,52.521783772988556,24.25999225482311,0.03647205693599594,54.14034051075179,23.21613838737501,12.552672582357035
no_dr,aptos_08bef347f40d.png,1050,1050,3,1.0,1050x1050,71.14984308390022,38.91266940240324,0.21005260770975057,89.86568754542625,15.773854291898527,43.6227214447478
no_dr,aptos_08c60c647673.png,2588,1958,3,1.3217568947906027,2588x1958,60.813114231946614,29.08425295101225,0.09530215672870623,66.72125341294863,23.845768162660182,13.615928706822782
no_dr,aptos_08ee569d4721.png,1050,1050,3,1.0,1050x1050,84.77339863945578,45.330430705746934,0.20854331065759638,106.82451256674166,16.251053562486035,49.59099195669211
no_dr,aptos_08f8838d69bb.png,1050,1050,3,1.0,1050x1050,79.3110394557823,42.3857275109655,0.20793106575963718,99.68663828247387,16.460286207378942,48.87199111010331
no_dr,aptos_09237bf783a4.png,1050,1050,3,1.0,1050x1050,76.85472743764173,41.26528525937941,0.20635827664399092,96.4318495068515,16.964976955813544,47.396804966552
no_dr,aptos_0924cec998fa.png,2048,1536,3,1.3333333333333333,2048x1536,44.88983567555746,49.63321972564712,0.525157610575358,94.50593583156204,22.36480928567936,21.380144755045574
no_dr,aptos_093cf723fede.png,2048,1536,3,1.3333333333333333,2048x1536,48.70588970184326,52.99237157635813,0.5248203277587891,102.47035160885906,20.04550226009687,19.982693354288738
no_dr,aptos_096436d68d06.png,2588,1958,3,1.3217568947906027,2588x1958,54.68005116724791,25.613182159209885,0.0955754776109742,59.92695102808339,20.9093848652727,13.961349269623234
no_dr,aptos_09662e462531.png,2588,1958,3,1.3217568947906027,2588x1958,92.6907075241588,41.8938610056675,0.002196828925203619,92.87295270018504,41.759319780076765,16.00032699831638
no_dr,aptos_099021fac3c9.png,2048,1536,3,1.3333333333333333,2048x1536,21.977814356486004,25.836955665596108,0.5266536076863607,46.4015818468401,16.658158526154914,27.8629207611084
no_dr,aptos_09934421c79e.png,2048,1536,3,1.3333333333333333,2048x1536,21.539061546325684,26.24943288907646,0.5269902547200521,45.50623739885481,19.145781536348554,28.65566889444987
no_dr,aptos_09c8323c612e.png,1050,1050,3,1.0,1050x1050,81.2839537414966,43.249078222525,0.20883446712018142,102.33655446770459,15.539178654577842,46.905950787970866
no_dr,aptos_09f1111a388a.png,2048,1536,3,1.3333333333333333,2048x1536,24.48212655385335,26.62147779891505,0.525874137878418,51.60796689979222,9.7692673070409,25.180866241455078
no_dr,aptos_0a38b552372d.png,1050,1050,3,1.0,1050x1050,93.26679909297052,49.873221968218125,0.2077687074829932,117.37945353689742,18.45266836269826,50.595445253692446
no_dr,aptos_0a4e1a29ffff.png,1050,1050,3,1.0,1050x1050,75.5339746031746,41.50766340098881,0.2076517006802721,95.00714658571096,18.648469919366406,47.85465112691852
no_dr,aptos_0a74c92e287c.png,2048,1536,3,1.3333333333333333,2048x1536,25.063218752543133,27.99376979695683,0.5261319478352865,52.85916171360337,13.60622224422312,23.953601837158203
no_dr,aptos_0a85a1e8f9e9.png,2588,1958,3,1.3217568947906027,2588x1958,77.07015051790853,34.445766080529374,0.0578897575515501,81.2095175094717,31.039016276491466,15.111508007345403
no_dr,aptos_0a902c80d5da.png,1050,1050,3,1.0,1050x1050,79.77390839002267,42.25820498411627,0.20843990929705217,100.31376024842585,15.208247815211147,37.04816272165117
no_dr,aptos_0abf0c485f66.png,2048,1536,3,1.3333333333333333,2048x1536,42.63733959197998,47.936591966672445,0.5255400339762369,89.83683992597764,24.578001978710933,20.5995610555013
no_dr,aptos_0ae2dd2e09ea.png,1050,1050,3,1.0,1050x1050,80.97072108843537,43.10762205519198,0.2091201814058957,101.92592193314945,15.784396845199952,34.26471196630293
no_dr,aptos_0afbeeef0ff7.png,1050,1050,3,1.0,1050x1050,71.49073015873016,37.87063000555824,0.20920272108843538,90.15107804747124,12.191755447676776,43.74855047553312
no_dr,aptos_0b00f8a77510.png,819,614,3,1.3338762214983713,819x614,34.00960494445837,22.03761728781461,0.2030958545616526,42.64134742074583,15.571286511141928,9.469228499654957
no_dr,aptos_0b2ea8f268cf.png,819,614,3,1.3338762214983713,819x614,43.86921565586061,26.63669909470892,0.20290097163061332,54.99914178936916,16.718030455505815,13.63987191444184
no_dr,aptos_0b3efe669365.png,2048,1536,3,1.3333333333333333,2048x1536,23.268837928771973,28.230273339887997,0.5274254480997721,49.20768254348371,20.262856386753246,27.48226483662923
no_dr,aptos_0b64a0a06f9a.png,819,614,3,1.3338762214983713,819x614,49.8293044270243,32.586246861443946,0.20301631050816718,62.48362925923708,23.312551230867772,12.81183154264879
no_dr,aptos_0b8bdec9d869.png,2048,1536,3,1.3333333333333333,2048x1536,48.82630729675293,52.64759514966922,0.5240945816040039,102.56613088641873,17.71141839307509,21.395288467407227
no_dr,aptos_0babc12807b2.png,2416,1736,3,1.391705069124424,2416x1736,65.5158100184637,29.82145265583598,0.16716179769280068,78.26906217167134,9.735138600100166,10.048479365237586
no_dr,aptos_0c38940e1f80.png,819,614,3,1.3338762214983713,819x614,37.504434580981815,40.129459109067724,0.5244538306427557,78.80011374280744,11.600138298220648,32.434358258462495
no_dr,aptos_0c43c79e8cfb.png,2588,1958,3,1.3217568947906027,2588x1958,61.65417488273843,29.76610244923751,0.09454198919188586,67.51068876000359,24.812012954263288,14.367413125242079
no_dr,aptos_0cae727cf119.png,2048,1536,3,1.3333333333333333,2048x1536,47.43452739715576,50.96379809475102,0.5248559315999349,99.80150454212757,15.53682042052849,20.74156888326009
no_dr,aptos_0cb6b898389f.png,819,614,3,1.3338762214983713,819x614,47.679672119411535,52.326339289672234,0.5238313984242323,100.07558185667929,22.564241901503387,40.38916530447475
no_dr,aptos_0cbcc7b23613.png,2588,1958,3,1.3217568947906027,2588x1958,47.88927484911108,24.574567240627253,0.09558633150882599,52.41931411262511,21.28228195430021,12.548598228734678
no_dr,aptos_0cd31078cd08.png,2048,1536,3,1.3333333333333333,2048x1536,45.4891611735026,53.99825741593358,0.5250040690104166,95.73803044823747,36.45701577389987,21.230403264363606
no_dr,aptos_0ce062f26edc.png,819,614,3,1.3338762214983713,819x614,54.99923637708654,39.762652459263336,0.2031952846285094,68.9878034171396,31.955193990224576,20.84329660770437
no_dr,aptos_0cecc2864b7f.png,819,614,3,1.3338762214983713,819x614,42.21777372103105,27.122013876524772,0.20282540477980218,52.922057414835656,18.913832138653646,12.31821241700034
no_dr,aptos_0d0b8fc9ab5c.png,2048,1536,3,1.3333333333333333,2048x1536,40.34244346618652,50.61761971591188,0.5250120162963867,84.90053962600297,40.153740591282876,25.30785369873047
no_dr,aptos_0d744aed4d64.png,1050,1050,3,1.0,1050x1050,94.644631292517,50.25497563996828,0.20761814058956915,118.96895607949166,18.35298902383002,43.61302135587621
no_dr,aptos_0d8f60ed9280.png,2048,1536,3,1.3333333333333333,2048x1536,19.637492497762043,23.914032581055622,0.5285984675089518,41.61169761164096,17.30290282559521,29.746782302856445
no_dr,aptos_0d9a9896f801.png,1050,1050,3,1.0,1050x1050,71.04037188208616,39.51784660753447,0.20988390022675738,89.63941692314226,18.107301715642958,44.98256255169398
no_dr,aptos_0da321efbce6.png,819,614,3,1.3338762214983713,819x614,40.06337871321585,26.002881134673437,0.203219147844555,50.24612278311046,18.39191837247726,8.294008106532113
no_dr,aptos_0da632ca45e0.png,2048,1536,3,1.3333333333333333,2048x1536,19.249584515889484,22.84546456958796,0.5269498825073242,40.6524981402297,15.289423781202506,29.155786514282227
no_dr,aptos_0daddc45d832.png,1050,1050,3,1.0,1050x1050,78.30135328798185,42.872565053520944,0.20905668934240362,98.55004214377047,19.02873685839643,43.294992369669835
no_dr,aptos_0db1d8dcf219.png,2048,1536,3,1.3333333333333333,2048x1536,48.21721808115641,51.48766645849361,0.5251620610555013,101.51321574253654,13.193595292453557,20.744883855183918
no_dr,aptos_0dbe6c26cedc.png,819,614,3,1.3338762214983713,819x614,43.88963063718764,47.567489621307615,0.5243484347718875,92.21664039734269,17.39932391013034,39.56647297689643
no_dr,aptos_0e0003ddd8df.png,1050,1050,3,1.0,1050x1050,87.51061587301588,46.818438086929085,0.20766802721088434,110.17776968814464,17.081715991616946,55.62543080917934
no_dr,aptos_0e3572b5884a.png,1050,1050,3,1.0,1050x1050,90.39947210884354,48.475652343282796,0.2084517006802721,113.96765488459714,17.421368371463263,58.278916878568914
no_dr,aptos_0e43c8298fc0.png,2048,1536,3,1.3333333333333333,2048x1536,54.96164067586263,59.02526896591198,0.5244019826253256,115.52909761500219,18.163791231703197,20.236762364705402
no_dr,aptos_0e94cd271c00.png,1050,1050,3,1.0,1050x1050,49.00163174603175,28.84104976474358,0.21206439909297053,61.943021691057545,16.29534974330609,37.50353252722151
no_dr,aptos_0eced86c9db8.png,2048,1536,3,1.3333333333333333,2048x1536,51.6178814570109,55.40475235455473,0.5247271855672201,108.57351685094902,16.62876108819322,20.53013038635254
no_dr,aptos_0ef4c61dc056.png,1050,1050,3,1.0,1050x1050,75.89487800453514,40.44653364702527,0.20915827664399092,95.52422689221163,15.028611639553505,41.10235827127586
no_dr,aptos_0f364b7d4384.png,2588,1958,3,1.3217568947906027,2588x1958,61.079164384059055,23.523094946632405,0.09043961049110139,66.22662241140685,17.758155553320947,4.860283687959021
no_dr,aptos_0f6e645466a2.png,819,614,3,1.3338762214983713,819x614,43.12935056257532,47.955769705071404,0.5243086627451449,90.60893193817958,23.125961831667393,32.96707273905971
no_dr,aptos_0fbbd665431f.png,819,614,3,1.3338762214983713,819x614,35.50332295283435,20.95845722319874,0.20301631050816718,44.510222668024035,12.306405929358107,9.920184457642996
no_dr,aptos_0fc6829da85b.png,2588,1958,3,1.3217568947906027,2588x1958,33.66919588799093,13.520498574935512,0.09565875660903707,36.59574950486321,10.607316840176614,11.311967073484468
no_dr,aptos_0fe31196e0e8.png,1050,1050,3,1.0,1050x1050,77.56557097505669,41.858849488400665,0.20839455782312924,97.61767755759128,16.83768052742053,45.44141215257018
no_dr,aptos_1002b5151b8e.png,819,614,3,1.3338762214983713,819x614,46.58812089105249,51.223938301194345,0.5245353632975783,97.91495848930342,22.270476385804372,33.17401057140471
no_dr,aptos_1002f3fe38f0.png,1050,1050,3,1.0,1050x1050,62.41009342403628,34.07642238575796,0.20983401360544218,78.66267887111178,14.501096371286812,43.942688628712524
no_dr,aptos_103abbd8b63e.png,2048,1536,3,1.3333333333333333,2048x1536,50.509609858194985,56.82141663702321,0.524712880452474,106.2410127855616,29.55650025825847,21.12071418762207
no_dr,aptos_103f97a2ab15.png,2588,1958,3,1.3217568947906027,2588x1958,44.54134427300987,19.913028153653404,0.09572328796535594,48.78080482383635,15.831849962883679,11.981364843407171
no_dr,aptos_10a5026eb8e6.png,2588,1958,3,1.3217568947906027,2588x1958,47.4004938326179,24.131087916115145,0.09379208352212537,51.71896901392869,21.062687756626,12.843627489649515
no_dr,aptos_10bf25731c08.png,1050,1050,3,1.0,1050x1050,82.82167709750567,44.492500818231825,0.2078421768707483,104.20207498906514,17.296884016507246,46.7360824130061
no_dr,aptos_10de500cf0c5.png,2048,1536,3,1.3333333333333333,2048x1536,45.63258202870687,50.20509438017886,0.5245691935221354,95.94952914462388,21.796258999228385,20.83659489949544
no_dr,aptos_10f10fd30718.png,1050,1050,3,1.0,1050x1050,87.48895782312925,47.1365949142611,0.20876462585034014,110.28463999578145,17.84478106820516,45.75356987754772
no_dr,aptos_10f6ef37fe43.png,1050,1050,3,1.0,1050x1050,74.53546666666666,39.970038236509446,0.20810884353741496,93.65604082193664,16.128895850137635,45.00525691373781
no_dr,aptos_11b220a397b8.png,2048,1536,3,1.3333333333333333,2048x1536,51.189242680867515,54.722783152486684,0.5247907638549805,107.68837344025837,14.79156168786086,19.6634095509847
no_dr,aptos_11d8e5eaee5b.png,1050,1050,3,1.0,1050x1050,87.46857777777778,46.69643163922372,0.20827755102040815,110.22911783373087,16.322976058237913,51.81717096115301
no_dr,aptos_12058bbb8299.png,1050,1050,3,1.0,1050x1050,91.12170340136055,48.1531676593455,0.2075936507936508,114.71030347012687,15.662857488539146,52.23510878796057
no_dr,aptos_12ab2f6397f0.png,1050,1050,3,1.0,1050x1050,77.49637278911564,41.4846786841618,0.208615873015873,97.57720048458397,15.529668732557644,46.10241097789419
no_dr,aptos_12ae44be0d38.png,1050,1050,3,1.0,1050x1050,80.66095600907029,44.079527703355666,0.20807981859410432,101.3802130817829,19.743270571483425,36.934342629767634
no_dr,aptos_12b57dac703e.png,2588,1958,3,1.3217568947906027,2588x1958,89.01038422009022,42.11711670312131,0.00396621161864376,89.32537863522907,41.90343603633124,16.784488553386222
no_dr,aptos_12bc439d373a.png,1050,1050,3,1.0,1050x1050,84.37720362811791,45.86792181539618,0.20739682539682538,106.03569054008435,19.79999182422609,48.073004568599295
no_dr,aptos_12ef75375322.png,1050,1050,3,1.0,1050x1050,91.93037369614512,48.62761823880717,0.20875736961451247,115.925073222177,15.167043699157611,45.39187399890702
no_dr,aptos_13073f075a56.png,1050,1050,3,1.0,1050x1050,93.73239909297052,50.2018296159018,0.2088390022675737,118.08320846541436,18.588074291141012,43.312913152407894
no_dr,aptos_13c191b59ed0.png,2048,1536,3,1.3333333333333333,2048x1536,40.34643363952637,43.34808365888001,0.5253747304280599,84.9774969491816,12.941508520286353,20.13445536295573
no_dr,aptos_13d014ccd136.png,1050,1050,3,1.0,1050x1050,71.6590866213152,39.47138563808828,0.2096625850340136,90.45441138834471,16.910647880251886,55.59833920547589
no_dr,aptos_13d411c85ffd.png,1050,1050,3,1.0,1050x1050,92.68938775510205,48.7153022547825,0.20700589569161,116.57955496891142,15.328463535056175,61.131037142767454
no_dr,aptos_1409ab48175a.png,1050,1050,3,1.0,1050x1050,77.72541133786848,41.91664395045119,0.209156462585034,98.05022336149007,15.689461337705051,53.357465652748395
no_dr,aptos_143db89c11c8.png,1050,1050,3,1.0,1050x1050,72.81979954648526,39.37302471475672,0.20935873015873016,91.75621843745769,15.730633003596662,38.100444991758785
no_dr,aptos_14c3b41d289c.png,2588,1958,3,1.3217568947906027,2588x1958,77.20288105864579,41.141913423344,0.09027403921296216,84.16019322070224,36.390067701936694,15.303270535515187
no_dr,aptos_1509d097b69a.png,1050,1050,3,1.0,1050x1050,79.96379138321996,43.250625523921016,0.2091655328798186,100.78324912976906,17.1057096237457,45.82102634820349
no_dr,aptos_150f92b45349.png,1050,1050,3,1.0,1050x1050,77.09866213151928,41.2191410199039,0.20674739229024944,96.7820632294374,16.3444768748779,48.50980105680578
no_dr,aptos_150fc7127582.png,1050,1050,3,1.0,1050x1050,81.24460045351474,45.42294662299213,0.20875555555555556,102.4526352472124,21.273864456787408,56.23593332677227
no_dr,aptos_152db3de8120.png,2048,1536,3,1.3333333333333333,2048x1536,51.03278605143229,55.76274710295336,0.5249732335408529,107.40104864803371,22.211363410371227,20.28564453125
no_dr,aptos_155e2df6bfcf.png,1050,1050,3,1.0,1050x1050,79.72385034013605,43.17757841604012,0.20929433106575965,100.34795980053983,18.022736306748754,45.03293635232149
no_dr,aptos_15b21c80cc31.png,1050,1050,3,1.0,1050x1050,91.17028117913833,48.203340436772045,0.20857596371882087,114.88702703012451,15.44540497236468,46.642647122994234
no_dr,aptos_15c24478ac72.png,1050,1050,3,1.0,1050x1050,90.0927283446712,47.685233348056826,0.20713560090702948,113.1570527597059,17.29362615112824,50.81236715596567
no_dr,aptos_15e24b73d4a7.png,1050,1050,3,1.0,1050x1050,71.81417505668934,40.708766249903846,0.21012426303854875,90.66488485803329,20.161204427839525,38.60748480328753
no_dr,aptos_15f8d769935c.png,1050,1050,3,1.0,1050x1050,87.50855782312925,47.48257696221087,0.20804444444444445,110.15227039241535,19.537013109328495,53.29972488704522
no_dr,aptos_1601c939412f.png,1050,1050,3,1.0,1050x1050,85.26213786848072,48.17070043435687,0.21031746031746032,107.77862455132806,22.965079097408047,61.96723762677812
no_dr,aptos_16060f05d047.png,1050,1050,3,1.0,1050x1050,77.32004807256236,41.14855715671355,0.20873560090702947,97.27159149396643,15.242766226938317,46.41172836863322
no_dr,aptos_1608c82a263f.png,2588,1958,3,1.3217568947906027,2588x1958,59.8816275873719,31.23445211051846,0.0949457541919727,65.70963491442234,26.83507203423764,13.630258416073064
no_dr,aptos_1633f8291a80.png,819,614,3,1.3338762214983713,819x614,45.64907152203569,49.81487924392153,0.5249847871997709,96.03182078880056,19.71513246032846,23.298751556080546
no_dr,aptos_164cd5a3a6cd.png,2588,1958,3,1.3217568947906027,2588x1958,52.13758460120017,18.551306616978255,0.008852044400730645,52.514405923167345,18.198442104101748,3.615835744055006
no_dr,aptos_165634a6167e.png,2588,1958,3,1.3217568947906027,2588x1958,58.51650443707344,31.041524143304738,0.09415480105397268,63.94098940937778,27.40591471455844,15.57411791353254
no_dr,aptos_165c548185f8.png,1050,1050,3,1.0,1050x1050,80.85755646258504,44.22137638962968,0.2093705215419501,101.91507785638815,18.842876473665665,47.5267926733408
no_dr,aptos_174db0854291.png,1050,1050,3,1.0,1050x1050,88.47796553287982,47.266328944579826,0.20852879818594106,111.44767974219485,17.08826778722092,46.32959527582767
no_dr,aptos_1782142e17d9.png,1050,1050,3,1.0,1050x1050,82.28164716553287,44.46639478186671,0.20919727891156462,103.80374372032207,16.90143550081013,48.04384150006551
no_dr,aptos_178412895d5e.png,2048,1536,3,1.3333333333333333,2048x1536,44.38193130493164,49.71820942055491,0.525117556254069,93.42763100202095,24.98671211894925,20.103173573811848
no_dr,aptos_17d7d6b092f4.png,2048,1536,3,1.3333333333333333,2048x1536,45.45433394114176,55.52559003158255,0.5245844523111979,95.574846475626,41.18540341720509,24.284186681111652
no_dr,aptos_17d997fe1090.png,2588,1958,3,1.3217568947906027,2588x1958,43.14685185652963,28.68538881983768,0.09524176958793078,47.2250593006935,27.10644407902968,11.826539516799286
no_dr,aptos_17e6116b89b3.png,1050,1050,3,1.0,1050x1050,76.65871383219955,42.41789423599511,0.2090965986394558,96.6880710482344,18.86430341252101,48.35793070748833
no_dr,aptos_17f6c7072f61.png,1050,1050,3,1.0,1050x1050,88.53089886621315,46.71927804399033,0.2084045351473923,111.41638689451769,15.611253514084162,43.41879232298805
no_dr,aptos_184a185e7447.png,819,614,3,1.3338762214983713,819x614,43.93584374366133,28.829660498416317,0.20280154156375654,55.0773989483242,20.745898851056875,14.591950594879739
no_dr,aptos_18621b9ca978.png,819,614,3,1.3338762214983713,819x614,40.05237578201748,24.688641129487113,0.20290296023195045,50.210621380974125,16.00047591591648,10.17198064017934
no_dr,aptos_1864d3411143.png,2048,1536,3,1.3333333333333333,2048x1536,55.445700327555336,60.535752110054986,0.5243406295776367,116.53380449710785,24.22904358198118,22.315465927124023
no_dr,aptos_186c1835eec5.png,1050,1050,3,1.0,1050x1050,90.78992199546485,47.26278568087064,0.20743492063492064,114.07283678357707,14.298284536821578,37.842203278078586
no_dr,aptos_188219f2d9c6.png,2048,1536,3,1.3333333333333333,2048x1536,43.05593204498291,48.3022113286091,0.5244007110595703,90.49616203664714,24.774262556266063,20.827159245808918
no_dr,aptos_1891698febce.png,2588,1958,3,1.3217568947906027,2588x1958,48.964465917182,26.00241291317895,0.0341937251051052,50.352402128796,25.37162055772471,12.06043252967182
no_dr,aptos_189cbbc9e5e3.png,2048,1536,3,1.3333333333333333,2048x1536,50.21221764882406,54.22258988693576,0.5247259140014648,105.61815163439087,18.321131677312394,21.086220423380535
no_dr,aptos_18b7e34eab8f.png,1050,1050,3,1.0,1050x1050,87.35794013605442,46.08336019181709,0.20805442176870748,109.80739417262232,16.080363416929117,47.09241372225273
no_dr,aptos_18b99159a14f.png,1050,1050,3,1.0,1050x1050,79.40832199546485,42.94097382732165,0.20878639455782314,99.97120528984436,17.459082971864518,45.168525438338136
no_dr,aptos_18cde9649e90.png,2048,1536,3,1.3333333333333333,2048x1536,58.25154050191244,63.627924542853584,0.5246667861938477,122.51543234026788,25.410968705552936,21.227697372436523
no_dr,aptos_18ce0cdc473d.png,2588,1958,3,1.3217568947906027,2588x1958,90.59915154093774,40.65765417502052,0.0906268895649442,98.83828869787135,32.689310836831346,15.754527058033952
no_dr,aptos_190a309f2cc5.png,819,614,3,1.3338762214983713,819x614,41.557935911356104,46.373519900904476,0.5248515509101829,87.39589262396625,22.85869963562294,25.287420505661547
no_dr,aptos_191cf5668f33.png,1050,1050,3,1.0,1050x1050,76.6668879818594,44.620617084890604,0.21025487528344672,96.70260734540493,24.72607123751704,42.18441031599716
no_dr,aptos_19545647508e.png,1050,1050,3,1.0,1050x1050,88.12242630385488,47.0485413492559,0.2086657596371882,111.12949683991903,16.125270345476654,56.55357164952378
no_dr,aptos_197af0de76e2.png,1050,1050,3,1.0,1050x1050,84.78089433106575,46.07772030333205,0.20846984126984128,106.90105905837541,18.297457199978155,53.94416949198245
no_dr,aptos_19b0e3c734f5.png,1050,1050,3,1.0,1050x1050,85.62372063492063,45.901384001957915,0.20892063492063492,108.01848159465239,16.195395522559064,54.75359377725865
no_dr,aptos_1a0dbc6c0cda.png,1050,1050,3,1.0,1050x1050,82.13821133786848,43.991593854117525,0.20900589569161,103.6349219272284,15.334589693419641,54.13309466590076
no_dr,aptos_1a19f2ef4472.png,2588,1958,3,1.3217568947906027,2588x1958,60.18057235168839,32.046960110308234,0.09410645187263286,65.83359235001105,28.17848040970506,14.379920957566425
no_dr,aptos_1a1e974a7dbf.png,1050,1050,3,1.0,1050x1050,91.32372335600907,49.06722550809033,0.20888163265306123,115.21235072368059,17.627521744651272,61.12565513391559
no_dr,aptos_1ab8d3431ffc.png,2588,1958,3,1.3217568947906027,2588x1958,65.42032035180837,28.110043447315217,0.09337292572144873,71.53094377529709,21.715549376303912,15.498321987173046
no_dr,aptos_1ae3c58759fb.png,1050,1050,3,1.0,1050x1050,79.8786775510204,43.51780631884397,0.2100344671201814,100.91294089009882,17.039725857570918,53.521171219398504
no_dr,aptos_1b3647865779.png,819,614,3,1.3338762214983713,819x614,37.87710244876369,41.85018234563629,0.5244418990347329,79.5795510617123,19.147669074064662,25.33485660195758
no_dr,aptos_1b398c0494d1.png,1050,1050,3,1.0,1050x1050,70.79221859410431,38.1474000343627,0.21004625850340136,89.22543643302974,14.96697792827875,38.47474687393505
no_dr,aptos_1b862fb6f65d.png,1050,1050,3,1.0,1050x1050,70.0490947845805,39.61720482947166,0.20975419501133788,88.3003755540915,19.93955447655777,47.44653543033282
no_dr,aptos_1b8701231c8f.png,819,614,3,1.3338762214983713,819x614,38.68550468713335,23.191061917020047,0.20281745037445364,48.490662948143566,14.160767643506562,9.412302189096042
no_dr,aptos_1c13a1483f4a.png,1050,1050,3,1.0,1050x1050,76.02547392290249,40.372165997880664,0.20883265306122448,95.68031050303694,14.484777153361494,41.4717755341661
no_dr,aptos_1c47815f4a6b.png,1476,1117,3,1.3213965980304387,1476x1117,58.399571296518694,32.734860422923504,0.09492070077370425,64.00124045283565,29.20995024158497,8.438256445130058
no_dr,aptos_1c7a013eeba7.png,1050,1050,3,1.0,1050x1050,73.61086167800454,39.648677324006975,0.20945306122448978,92.89903944340035,14.555367927576308,49.99513281964283
no_dr,aptos_1c9c583c10bf.png,2416,1736,3,1.391705069124424,2416x1736,66.36565966711936,31.74938267132029,0.16748891796624654,79.30599439012194,14.525224770343957,12.894753579650638
no_dr,aptos_1ca35d483772.png,1050,1050,3,1.0,1050x1050,79.66216870748299,42.680915464030626,0.20890068027210884,100.50183274916962,14.94454540368835,57.51169773645425
no_dr,aptos_1ca62b3e4fd3.png,2588,1958,3,1.3217568947906027,2588x1958,50.16313388736891,20.38410755273444,0.01919896655104963,50.95234724549232,19.778784219006784,12.508188771881288
no_dr,aptos_1ca91751be4d.png,1050,1050,3,1.0,1050x1050,86.9711537414966,46.285532662806894,0.20835555555555554,109.43751518123531,16.828094605147765,42.771747583108684
no_dr,aptos_1caba2fb38f6.png,1050,1050,3,1.0,1050x1050,60.64502585034013,34.00369467282871,0.21031655328798185,76.47242099362987,16.51431660049612,46.39099477625804
no_dr,aptos_1cb6961d141c.png,819,614,3,1.3338762214983713,819x614,50.55382348379091,54.12543338352028,0.5241774150568939,106.17713091630968,15.9429339217971,46.800018295132304
no_dr,aptos_1cc58b15f466.png,2588,1958,3,1.3217568947906027,2588x1958,63.607248548735186,26.808554980330438,0.09448456220507,69.68681265993712,20.05979591745956,14.240321085864254
no_dr,aptos_1d0b93317aa8.png,2048,1536,3,1.3333333333333333,2048x1536,22.057794253031414,25.398585276339837,0.5264180501302084,46.5484970733541,14.921446752114248,26.32919438680013
no_dr,aptos_1d2472849dce.png,1050,1050,3,1.0,1050x1050,45.85283265306123,27.978453092757015,0.21191836734693878,57.8564176046774,17.69345892977824,40.46820188017625
no_dr,aptos_1d29cb2f4296.png,2588,1958,3,1.3217568947906027,2588x1958,55.60175252955023,21.561314421433764,0.09373268309933645,60.73214937421772,15.234138826348177,13.618715395800177
no_dr,aptos_1d37f1c8b6d8.png,1050,1050,3,1.0,1050x1050,89.46355464852607,46.40363484266765,0.2070358276643991,112.38685925995404,13.299477752611354,43.140778352562144
no_dr,aptos_1d3e9b939732.png,1050,1050,3,1.0,1050x1050,86.11806984126984,45.72662994656344,0.208443537414966,108.54487785481918,15.1002435251067,51.181616652547
no_dr,aptos_1d46f1326394.png,1050,1050,3,1.0,1050x1050,83.46367709750567,45.40197592684398,0.2089560090702948,104.99889006863687,19.638917444382763,43.73533457707438
no_dr,aptos_1d74c4713e21.png,2048,1536,3,1.3333333333333333,2048x1536,43.67559782663981,49.70026220929757,0.5252278645833334,91.96486182829105,27.62145637900251,21.622355143229168
no_dr,aptos_1da4a17c18c9.png,1050,1050,3,1.0,1050x1050,83.52154829931973,45.646874951234665,0.20933786848072564,105.36575791121996,18.852419002247377,48.34121322795668
no_dr,aptos_1db0393cdbc1.png,819,614,3,1.3338762214983713,819x614,43.14280345062104,48.87474878174103,0.5246168959524008,90.69130823997925,26.742629635340972,43.34341951931528
no_dr,aptos_1db6bb46c102.png,1050,1050,3,1.0,1050x1050,88.18906575963719,47.34417207691711,0.2092390022675737,111.27002434005419,16.9710185092143,49.99113654213129
no_dr,aptos_1df0431bfa73.png,2048,1536,3,1.3333333333333333,2048x1536,51.868977546691895,55.0028461432384,0.5242923100789388,109.0032069294803,11.547519882653155,21.559560775756836
no_dr,aptos_1df0a4c23c95.png,819,614,3,1.3338762214983713,819x614,36.90934165364133,39.87018429411942,0.524398149805316,77.53833770968875,13.940763340428648,29.839301125946076
no_dr,aptos_1df1530b9b8d.png,1050,1050,3,1.0,1050x1050,75.96444353741497,41.528830770575226,0.20928526077097506,95.82727759723686,17.18989746948432,55.32803750712017
no_dr,aptos_1dfe599d12a9.png,819,614,3,1.3338762214983713,819x614,45.183593641248365,50.77741575913818,0.5239387828964376,94.85120407694396,26.599296191185054,52.041239614529516
no_dr,aptos_1e036f2e7095.png,2588,1958,3,1.3217568947906027,2588x1958,39.115680843304446,16.751621853435175,0.09564000896729306,42.70504708284499,13.246415942544012,12.302838747156477
no_dr,aptos_1e742358e0b9.png,1476,1117,3,1.3213965980304387,1476x1117,84.74505608082043,47.12002969649653,0.0935371797764531,92.91139715673299,41.66850555213559,65.72141296095954
no_dr,aptos_1e7ccd4a1c87.png,2588,1958,3,1.3217568947906027,2588x1958,60.668585701588064,28.550013267257597,0.09401429241269124,66.3804435073259,23.50674513953778,15.654470700528927
no_dr,aptos_1e8c31e29dd3.png,1050,1050,3,1.0,1050x1050,83.60826575963719,44.95908446863343,0.2070938775510204,105.1873883952829,17.32659372434683,52.76813005895689
no_dr,aptos_1ec95179cdfe.png,819,614,3,1.3338762214983713,819x614,45.055131983470744,29.47273105447881,0.20288705142125338,56.48683393165869,21.10709875713524,14.131229773862088
no_dr,aptos_1ee355480567.png,2048,1536,3,1.3333333333333333,2048x1536,40.124494870503746,44.3230960713421,0.5245857238769531,84.36852902394077,20.014384322863364,21.616390228271484
no_dr,aptos_1eee55494271.png,2048,1536,3,1.3333333333333333,2048x1536,44.40665626525879,47.29239326100092,0.524586041768392,93.37222897942726,11.568660252564403,19.162700017293293
no_dr,aptos_1f15ca672675.png,2048,1536,3,1.3333333333333333,2048x1536,29.23363463083903,31.9860519120877,0.5256207784016927,61.594125183948194,12.817954999336541,24.93715540568034
no_dr,aptos_1f31701dd61b.png,1050,1050,3,1.0,1050x1050,82.07751746031747,43.45256768257635,0.20998367346938776,103.63095799851433,13.309289448679966,35.912281582808795
no_dr,aptos_1f3f32efaf20.png,1050,1050,3,1.0,1050x1050,91.91071564625851,48.70969281709672,0.20712108843537416,115.48898871931445,17.541370126535966,48.74465723342105
no_dr,aptos_1f4fb37e0854.png,819,614,3,1.3338762214983713,819x614,42.24937856208214,30.230953912320736,0.2029228462453218,52.96760415445222,24.090280156360873,14.133517705312075
no_dr,aptos_1f5496352859.png,2048,1536,3,1.3333333333333333,2048x1536,44.76793257395426,49.451010364338075,0.5251696904500326,94.2531500910164,22.070490945992628,21.20182164510091
no_dr,aptos_1f9ccda4ddf2.png,819,614,3,1.3338762214983713,819x614,40.273635521192524,44.604453946867515,0.5246805311951892,84.66303938549589,20.738393040872964,37.34685184522318
no_dr,aptos_1faf8664816c.png,1050,1050,3,1.0,1050x1050,83.451979138322,43.80745163454954,0.2076108843537415,105.02992528694188,13.368231927175156,47.709381683935376
no_dr,aptos_1fb455685328.png,1050,1050,3,1.0,1050x1050,85.99972698412698,46.5590546899484,0.20876825396825396,108.37509758314772,18.465413144235086,47.72711183237767
no_dr,aptos_1fddd7c98fd2.png,2588,1958,3,1.3217568947906027,2588x1958,46.73035523426264,20.2486998413061,0.0638854507248825,49.2586073758263,18.382554426543322,11.858785064592672
no_dr,aptos_201f6e10c108.png,1050,1050,3,1.0,1050x1050,90.95070657596372,48.50358747841505,0.20745759637188207,114.47494443668758,17.331031048224425,57.88871446768458
no_dr,aptos_201f882365d3.png,819,614,3,1.3338762214983713,819x614,50.9709544888698,34.98467503302114,0.20274387212497963,63.89396452596947,26.671117156684755,20.152400841391078
no_dr,aptos_207dd0487264.png,1050,1050,3,1.0,1050x1050,80.9071873015873,43.35330847664386,0.207934693877551,101.76607554291316,16.73373172133073,49.135177317450264
no_dr,aptos_20f86e068276.png,2588,1958,3,1.3217568947906027,2588x1958,61.37868124746414,25.163444905003324,0.0940421178599113,67.28541698070299,18.106526421766727,14.117813732903969
no_dr,aptos_21037f5c7790.png,1050,1050,3,1.0,1050x1050,76.60396916099774,41.15160715410691,0.20903673469387754,96.47410832338537,15.867306454461332,38.00487824395061
no_dr,aptos_210bfe0127c6.png,2588,1958,3,1.3217568947906027,2588x1958,60.74126517769607,29.58542039539999,0.09452403092453107,66.45788307795311,24.916887904495567,14.98895388941572
no_dr,aptos_215d2b7c3fde.png,819,614,3,1.3338762214983713,819x614,41.34259623836171,27.073880910247016,0.20311971777769824,51.845569519170304,19.40708308681349,15.058016131809131
no_dr,aptos_218c822a3dd9.png,2588,1958,3,1.3217568947906027,2588x1958,79.55298379572254,34.30867262556035,0.09361072475620172,87.08631315385537,26.311451924165993,16.133669303961327
no_dr,aptos_2209daf71aab.png,2588,1958,3,1.3217568947906027,2588x1958,74.0306496314411,30.558110259877033,0.002264320435482063,74.17613191108087,30.439611308962053,14.21382060001972
no_dr,aptos_2221cf5c7935.png,2588,1958,3,1.3217568947906027,2588x1958,80.75036074409587,36.21814200750854,0.006915116993178227,81.24380641472833,35.856325464728826,15.709688425282385
no_dr,aptos_22449af52060.png,1050,1050,3,1.0,1050x1050,82.87986394557824,43.96425559014962,0.20672653061224489,104.14878273556342,15.7423073336614,52.5406959210321
no_dr,aptos_224c14366e11.png,1050,1050,3,1.0,1050x1050,89.20489795918367,47.30268375842141,0.20728526077097506,112.21594497739048,16.356662237674826,50.27274595761558
no_dr,aptos_226c6ceb9185.png,2048,1536,3,1.3333333333333333,2048x1536,23.13217258453369,25.487318865126166,0.5255740483601888,48.7267261452076,11.077572952574656,25.431163787841797
no_dr,aptos_22d843b2bbd1.png,2048,1536,3,1.3333333333333333,2048x1536,40.343441009521484,44.78070983046138,0.5257282257080078,85.03329646833296,20.716970408634246,19.550540924072266
no_dr,aptos_233d948e2544.png,2588,1958,3,1.3217568947906027,2588x1958,52.6941864944357,21.542363612049645,0.09476853964159246,57.629634126960426,15.984932863621504,13.476814889602934
no_dr,aptos_237aa50edc34.png,2588,1958,3,1.3217568947906027,2588x1958,60.95120600619185,24.90379028753509,0.0629926682906729,64.39861009696297,21.753390951691877,4.478039599936751
no_dr,aptos_2399d68d407f.png,2048,1536,3,1.3333333333333333,2048x1536,46.424230893452965,50.443156629918896,0.5244830449422201,97.5990472287607,18.91325774985585,21.475070317586262
no_dr,aptos_2408799a09b2.png,1050,1050,3,1.0,1050x1050,77.081179138322,42.17529137110674,0.20868571428571428,97.06893322512907,18.245072326293844,48.784564346316586
no_dr,aptos_240b25a7debe.png,819,614,3,1.3338762214983713,819x614,49.98013784984469,37.18022981802158,0.20595745188579065,62.88461220595196,30.529220635382156,15.015471088806546
no_dr,aptos_242fc19be06f.png,1050,1050,3,1.0,1050x1050,66.67597369614512,38.646676443798995,0.21054331065759638,84.27155734992692,20.517976678424972,52.97669393556057
no_dr,aptos_248dec89b3a2.png,819,614,3,1.3338762214983713,819x614,45.12750116333178,50.061351897324066,0.5242012782729395,94.77815207533133,23.755012969609247,41.45105853249176
no_dr,aptos_24de56d433cd.png,1050,1050,3,1.0,1050x1050,70.27833378684807,38.33141859351847,0.21022040816326532,88.5965302756761,16.23949667559172,41.38338916790515
no_dr,aptos_24f271c87e73.png,2588,1958,3,1.3217568947906027,2588x1958,66.17640149475935,31.591955363369184,0.09445476332187688,72.52803828034816,25.979332657768854,14.537191176761521
no_dr,aptos_24f3e70f0419.png,2588,1958,3,1.3217568947906027,2588x1958,61.435821296689525,23.92532384366796,0.0073021077874941,61.81508883562061,23.599405284371805,13.55546716744975
no_dr,aptos_252305189b3a.png,1050,1050,3,1.0,1050x1050,85.55101587301587,46.52990765329582,0.20527437641723356,107.10000513590167,21.476477814902946,59.90315501569078
no_dr,aptos_253e96488cfb.png,2416,1736,3,1.391705069124424,2416x1736,55.15299071855831,27.09031812044803,0.16710719817194128,65.82771815410018,14.112221101711206,10.804292428306658
no_dr,aptos_2585bbc91909.png,2048,1536,3,1.3333333333333333,2048x1536,23.77071221669515,26.29521999335243,0.5261783599853516,50.13854817868199,11.73980659206601,25.20387331644694
no_dr,aptos_25a0a1e41afd.png,1050,1050,3,1.0,1050x1050,83.07516825396826,45.95304676133776,0.20940589569160997,104.81460940995606,20.338410107362773,49.04530222975898
no_dr,aptos_25b4080f598b.png,2048,1536,3,1.3333333333333333,2048x1536,49.884246190389,53.27404412628384,0.5242249170939127,104.81931421920424,14.434628428171756,22.336767196655273
no_dr,aptos_260a455692b5.png,2048,1536,3,1.3333333333333333,2048x1536,23.756884574890137,27.166962123118964,0.5262889862060547,50.12449015747239,15.390262150876623,27.150999704996746
no_dr,aptos_263d8851e33b.png,2048,1536,3,1.3333333333333333,2048x1536,54.6576951344808,59.63541619083788,0.5244738260904948,114.9101650136776,23.596963644188467,20.246295928955078
no_dr,aptos_266fbefa58fb.png,1050,1050,3,1.0,1050x1050,78.14353106575963,42.61772991007425,0.2084108843537415,98.43706794908374,17.82983923534234,50.601817705519
no_dr,aptos_2682e6da9050.png,2588,1958,3,1.3217568947906027,2588x1958,45.69861922631837,16.207927345266246,0.01949873147535652,46.4114321873532,15.551851430971855,11.905584901364733
no_dr,aptos_26cd40b57ad1.png,1050,1050,3,1.0,1050x1050,74.2223074829932,40.13360403743723,0.20874920634920635,93.46877872973586,16.143371788830596,50.76653530835898
no_dr,aptos_26d60db3bbfd.png,819,614,3,1.3338762214983713,819x614,38.791928664892836,22.899208714912692,0.20317539861513803,48.64830694591411,13.409755861969197,11.603490852901094
no_dr,aptos_26d9576e8043.png,819,614,3,1.3338762214983713,819x614,39.37072500427549,42.89437141456206,0.5244955912708356,82.7277293352571,16.886680980114235,32.13312095071053
no_dr,aptos_26fc2358a38d.png,1050,1050,3,1.0,1050x1050,69.78047800453514,40.63134816966373,0.21027120181405895,88.06343347008531,22.368396456774004,44.23658267718819
no_dr,aptos_274f4de2a59d.png,1050,1050,3,1.0,1050x1050,78.88211700680272,44.4566863650096,0.20957460317460316,99.591111993427,21.299017431321264,59.00262569929198
no_dr,aptos_276b14f72328.png,2588,1958,3,1.3217568947906027,2588x1958,56.57793927500698,23.488850887157692,0.022606301102124523,57.65895075282403,22.64488223944759,13.509111945122013
no_dr,aptos_27933cdbe0cc.png,1050,1050,3,1.0,1050x1050,84.06631473922903,45.235032594040796,0.20939863945578233,106.07507933339299,16.566077520875165,45.48813135959688
no_dr,aptos_27f82ada84ac.png,819,614,3,1.3338762214983713,819x614,35.4581777252787,20.62444129932186,0.2029566524680531,44.450926383337574,11.624227222515291,7.77725906034136
no_dr,aptos_2821998fc002.png,1050,1050,3,1.0,1050x1050,90.68099229024943,48.91266995063924,0.20776326530612244,114.00983810011209,19.991894560644347,45.25314920357179
no_dr,aptos_283c3aeba594.png,2048,1536,3,1.3333333333333333,2048x1536,40.077638943990074,43.93362443367456,0.5249233245849609,84.33158956199622,18.217852803703607,21.766624450683594
no_dr,aptos_28503940d10b.png,1050,1050,3,1.0,1050x1050,86.83144580498866,44.904365078339396,0.20776598639455782,109.07110407378657,12.801618195600957,44.1695632945326
no_dr,aptos_286e9981dd9b.png,2588,1958,3,1.3217568947906027,2588x1958,56.96437652053242,21.907243884607496,0.09356178354406998,62.36922749683336,14.736193392066964,13.54462136062721
no_dr,aptos_28751f290ba3.png,1050,1050,3,1.0,1050x1050,95.450631292517,49.73162777173052,0.2037034013605442,119.29485247466447,17.713707066189787,71.3188863756612
no_dr,aptos_289a47dcbb82.png,2048,1536,3,1.3333333333333333,2048x1536,40.07716496785482,44.357311004049784,0.5250295003255209,84.34703117805168,20.238985919898234,20.877435048421223
no_dr,aptos_28dc010a0780.png,1050,1050,3,1.0,1050x1050,79.74121541950113,43.121171194021045,0.20844897959183672,100.31413969530816,17.83389150921546,48.46467109503057
no_dr,aptos_28f73575e1f2.png,819,614,3,1.3338762214983713,819x614,42.02533279243377,45.637394325684184,0.5242450275023565,88.27332271642402,17.255325365661324,40.75839289194338
no_dr,aptos_29192375ab1b.png,1050,1050,3,1.0,1050x1050,52.345980045351475,29.419077206872252,0.21034013605442176,66.06144957500574,14.18837498005279,45.793717777431425
no_dr,aptos_291f581d365e.png,2416,1736,3,1.391705069124424,2416x1736,74.3244797070986,33.8137936658501,0.16707954077272866,88.82203603064623,10.709908884379088,11.25218207166664
no_dr,aptos_2923971566fe.png,2416,1736,3,1.391705069124424,2416x1736,71.53002735221412,35.17152411720003,0.16755376979888303,85.51776122421039,17.839369234402902,11.409733401243354
no_dr,aptos_2927665214e1.png,1050,1050,3,1.0,1050x1050,74.06458231292517,40.13269841080421,0.20801995464852607,93.17767803765183,16.644334608801127,42.59710411384149
no_dr,aptos_2974c6ad1d58.png,1050,1050,3,1.0,1050x1050,68.5889804988662,37.06185932614801,0.20864580498866214,86.25131580757116,15.493781729746155,45.11685726807162
no_dr,aptos_29a13e666266.png,1050,1050,3,1.0,1050x1050,68.68530612244898,37.59608800220515,0.20970521541950113,86.70482497417652,15.482318586584217,49.34026580995695
no_dr,aptos_29d059522fa1.png,1050,1050,3,1.0,1050x1050,77.87276099773243,41.85893782147876,0.2085360544217687,97.93162989677843,16.8481221909391,47.20420707113519
no_dr,aptos_29f9e1ac9507.png,819,614,3,1.3338762214983713,819x614,47.613185222305745,50.94341407945079,0.5239706005178318,99.95382218156146,14.940672880862207,34.11171962312027
no_dr,aptos_2a2274bcb00a.png,2588,1958,3,1.3217568947906027,2588x1958,68.88995943405014,23.818784173759607,0.09379405695809843,75.4092429019815,13.146675215953975,15.329492368120794
no_dr,aptos_2a2a6435f7f3.png,1050,1050,3,1.0,1050x1050,75.18071383219954,42.8678871200689,0.20853968253968255,94.81222345101051,21.75710158541391,75.36981647122255
no_dr,aptos_2a4520f1f9a3.png,1050,1050,3,1.0,1050x1050,77.2426820861678,42.743838305828405,0.20897414965986394,97.29170651274042,19.640489031130617,45.614634712187645
no_dr,aptos_2a7373eeb352.png,819,614,3,1.3338762214983713,819x614,42.46158618797055,29.012227336288653,0.20295864106939027,53.23602000973042,21.998963480796363,11.128881645851292
no_dr,aptos_2a93334f663a.png,1050,1050,3,1.0,1050x1050,78.56565986394558,42.89051153738703,0.20898684807256235,98.92853620948249,18.46616287009832,43.593156379702705
no_dr,aptos_2b10f138e67d.png,819,614,3,1.3338762214983713,819x614,35.618868644927275,40.33947298804825,0.5249112089502969,74.90679179258788,22.0100384066207,23.876985121284797
no_dr,aptos_2b2f5a0f880d.png,2048,1536,3,1.3333333333333333,2048x1536,45.5957400004069,50.57049018271962,0.5249729156494141,95.9563436136909,23.50427939588343,20.669296264648438
no_dr,aptos_2b3a4a81d748.png,1050,1050,3,1.0,1050x1050,92.01902675736962,49.865144287901664,0.20890702947845805,116.08353436217294,19.250652531679926,55.12366045133456
no_dr,aptos_2b4c7b5f1f1e.png,1050,1050,3,1.0,1050x1050,83.71285986394558,44.43566622750185,0.20883446712018142,105.5198920046775,14.76599804287446,41.88917105321344
no_dr,aptos_2b5bb6d33959.png,2048,1536,3,1.3333333333333333,2048x1536,53.563517570495605,57.969826623336104,0.5250930786132812,112.75775070820012,20.074981809454012,20.281805674235027
no_dr,aptos_2bb3c492d6d3.png,2588,1958,3,1.3217568947906027,2588x1958,40.91715081629206,18.610761811452214,0.09486642206585592,44.71469962305304,15.183595264933713,11.800584489147466
no_dr,aptos_2c77bf969079.png,2588,1958,3,1.3217568947906027,2588x1958,34.29620662190388,15.064140898043439,0.09582531460516282,37.43139007815392,12.177771280539254,11.416995111812085
no_dr,aptos_2c8101f14723.png,2048,1536,3,1.3333333333333333,2048x1536,39.1728318532308,44.90345382190347,0.5258833567301432,82.59468755741088,25.833725352143894,20.336990356445312
no_dr,aptos_2c827005b8f8.png,1050,1050,3,1.0,1050x1050,87.75350476190476,46.39085066186661,0.20761269841269842,110.48735300884722,15.036977135386408,59.31462862270269
no_dr,aptos_2c9dfc270f1b.png,1050,1050,3,1.0,1050x1050,83.25745487528344,45.32464249405559,0.2096825396825397,105.04377930163831,18.310540505520088,46.580879140498865
no_dr,aptos_2cacdb0dffae.png,1050,1050,3,1.0,1050x1050,82.7250693877551,43.90107434681649,0.20682993197278912,103.86543391997438,16.38706022671799,48.70861735222175
no_dr,aptos_2cdcc910778d.png,819,614,3,1.3338762214983713,819x614,42.62456002195416,48.89204784706374,0.5242032668742767,89.53182285527998,28.749168614533286,36.87149260439163
no_dr,aptos_2cf18033da31.png,2048,1536,3,1.3333333333333333,2048x1536,53.745826403299965,58.328072967505676,0.5250530242919922,113.13152737451257,21.12769767932824,20.31303342183431
no_dr,aptos_2cfe8703f265.png,2588,1958,3,1.3217568947906027,2588x1958,59.832897532889284,22.824059607032392,0.09401764725384544,65.40083879197228,15.657500199456036,14.177252439808665
no_dr,aptos_2d04cead4d3a.png,2048,1536,3,1.3333333333333333,2048x1536,38.543338775634766,43.23099855837469,0.5249341328938802,81.10115776738658,21.99162193555593,23.804624557495117
no_dr,aptos_2d07162a13b1.png,2588,1958,3,1.3217568947906027,2588x1958,51.67218801161328,20.85383102820074,0.09469828532095173,56.45745196829865,15.442418959720827,13.02803818311183
no_dr,aptos_2d3f4094c08a.png,2048,1536,3,1.3333333333333333,2048x1536,44.609612147013344,49.19628922932667,0.5246763229370117,93.82220568083096,21.812703127422623,21.25790023803711
no_dr,aptos_2d558de2cabe.png,2048,1536,3,1.3333333333333333,2048x1536,21.22710641225179,25.44320912554236,0.5264339447021484,44.79466674721926,17.657433399879256,29.196441014607746
no_dr,aptos_2da82d14e1b7.png,1050,1050,3,1.0,1050x1050,87.18202176870749,46.514369204065666,0.208615873015873,109.8421640777489,16.489924758668252,45.54573858121995
no_dr,aptos_2db0cd3e30da.png,2588,1958,3,1.3217568947906027,2588x1958,52.64045358241779,29.558352401357958,0.09515888527706251,57.6539376960833,26.482535389370728,12.82052783876923
no_dr,aptos_2dc647e00ad3.png,2588,1958,3,1.3217568947906027,2588x1958,47.34584425959051,21.40713102521283,0.04120021218383582,48.962080917479156,20.360358376736063,12.030136340704628
no_dr,aptos_2dd28ac497d2.png,1050,1050,3,1.0,1050x1050,93.57690793650794,49.811150295752874,0.2083546485260771,117.87210769154973,17.337991481276653,51.80251141898697
no_dr,aptos_2eba4279e503.png,1050,1050,3,1.0,1050x1050,73.91397097505669,39.96184317718565,0.20883537414965986,93.06413003477178,16.183109696408305,39.859346349569165
no_dr,aptos_2ef10194e80d.png,2048,1536,3,1.3333333333333333,2048x1536,25.611250241597492,28.654546237227308,0.5258839925130209,53.989999597704234,14.152055692076855,26.543015162150066
no_dr,aptos_2ef4a04aed1b.png,1050,1050,3,1.0,1050x1050,87.95783854875283,48.074718896892186,0.20890249433106575,110.89988821178993,20.035610009488995,51.51686595348648
no_dr,aptos_2ef955d6d9ff.png,819,614,3,1.3338762214983713,819x614,34.64904368161697,37.54308005341706,0.5245134886828698,72.80251018376786,13.74067989451564,29.45200112952556
no_dr,aptos_2f143453bb71.png,2588,1958,3,1.3217568947906027,2588x1958,58.931010257130815,33.77015467774494,0.09435352605645922,64.61685318485675,30.27415931781581,13.486343229268806
no_dr,aptos_2f7fbdcc9a4b.png,2048,1536,3,1.3333333333333333,2048x1536,49.869227727254234,53.96923588079437,0.524926503499349,104.94287872745328,18.7816794789689,20.39369074503581
no_dr,aptos_2f81ee5f2926.png,819,614,3,1.3338762214983713,819x614,49.99743470427509,54.90940549653811,0.5237956036001639,104.92470778854707,23.902682534189502,59.28255240958824
no_dr,aptos_2f8d14a7d390.png,2588,1958,3,1.3217568947906027,2588x1958,36.93172365423507,12.817672974063017,0.05183328255024763,38.42047358714445,11.423695395883751,11.025555206071477
no_dr,aptos_2fdfb80ea53c.png,1050,1050,3,1.0,1050x1050,89.44923446712018,47.582640403393235,0.20791927437641725,112.52834006474522,17.20715981697218,39.0309646770438
no_dr,aptos_2fefb720869a.png,2048,1536,3,1.3333333333333333,2048x1536,48.44509220123291,52.51434595816225,0.5248409907023112,101.92559949314956,18.81961372247715,21.777095794677734
no_dr,aptos_30263a7d5609.png,2588,1958,3,1.3217568947906027,2588x1958,38.401496535435804,15.793882049129632,0.046685377470939184,39.80717406357417,14.809653941628989,11.196809190721757
no_dr,aptos_306c841af3fc.png,2588,1958,3,1.3217568947906027,2588x1958,65.24435202624512,31.30564914137057,0.08337510439476298,70.32242411272608,27.565654273330395,15.34622157883109
no_dr,aptos_3079490a4b9c.png,1050,1050,3,1.0,1050x1050,77.27461678004535,40.130869889032084,0.20900045351473923,97.32360445235913,10.589089520630564,35.199608332824276
no_dr,aptos_30db694bee42.png,2048,1536,3,1.3333333333333333,2048x1536,48.00832939147949,52.57940189726007,0.5252161026000977,101.08631701439732,21.417688605045328,20.515085856119793
no_dr,aptos_3132556f5352.png,1050,1050,3,1.0,1050x1050,72.43867029478459,38.56479103536667,0.2091374149659864,91.3331119842739,13.153092619640066,47.254597527799625
no_dr,aptos_31360e44ac64.png,2588,1958,3,1.3217568947906027,2588x1958,44.09608146659446,19.85140504708516,0.09673802874270027,48.32515108355656,15.852275251989301,12.153214006232583
no_dr,aptos_315c1a0d87fd.png,1050,1050,3,1.0,1050x1050,83.82262222222222,45.215014434601585,0.2091718820861678,105.66023503018737,17.455069718588096,44.26621489271983
no_dr,aptos_3178559fbf57.png,1050,1050,3,1.0,1050x1050,91.85341678004535,47.674070449021045,0.20557732426303854,115.14834258338462,14.85127940447475,49.64473952009628
no_dr,aptos_318eb706a134.png,2048,1536,3,1.3333333333333333,2048x1536,46.074990590413414,50.22044233836964,0.5243050257364908,96.82776945042359,19.72126266348911,21.571200688680012
no_dr,aptos_3232b34cbe99.png,1050,1050,3,1.0,1050x1050,87.03050340136055,47.089824390758594,0.20827210884353742,109.58588924021629,18.9067051270221,48.56017693320049
no_dr,aptos_3254e48c8aa0.png,1050,1050,3,1.0,1050x1050,84.68921995464852,45.706296909886035,0.20947936507936507,106.86028897973608,17.19144930612532,46.97024323394799
no_dr,aptos_3286073a976e.png,819,614,3,1.3338762214983713,819x614,46.45644366491272,28.809601184414614,0.2028611996038706,58.242013301601084,18.878766480099493,12.74438584325072
no_dr,aptos_328d141ed3aa.png,1050,1050,3,1.0,1050x1050,81.89824671201814,44.81541004819279,0.2083873015873016,103.05030862111045,19.737194832192692,49.72670439229004
no_dr,aptos_32d7d360d891.png,1050,1050,3,1.0,1050x1050,82.94150566893424,44.38820075389782,0.20924263038548752,104.54375035844966,16.151391800690124,43.49529666860949
no_dr,aptos_32ed318235b8.png,1050,1050,3,1.0,1050x1050,81.25872018140589,45.21303749037249,0.20942494331065759,102.45578005734222,20.9704667343324,42.51874490728123
no_dr,aptos_331121c65e88.png,2048,1536,3,1.3333333333333333,2048x1536,41.562036196390785,47.45818155691988,0.5256207784016927,87.58558784347048,26.793819314690825,20.963537216186523
no_dr,aptos_3323fd59782e.png,1050,1050,3,1.0,1050x1050,82.20016235827664,43.680391999550665,0.20804716553287983,103.44244715551443,15.485746261621125,42.96004593083663
no_dr,aptos_3325b1fe55d2.png,1050,1050,3,1.0,1050x1050,85.17807256235828,45.40950847818728,0.20816417233560092,107.26730958454706,16.11115039863626,45.70197493241684
no_dr,aptos_33596a635b53.png,2048,1536,3,1.3333333333333333,2048x1536,49.237673123677574,55.09910622804961,0.5248807271321615,103.60304122318004,27.54466901165913,21.680573145548504
no_dr,aptos_338326891d84.png,2048,1536,3,1.3333333333333333,2048x1536,39.02359358469645,45.21201442811682,0.5252272288004557,82.16604285486633,27.59787313970543,20.865825017293293
no_dr,aptos_33b91def2035.png,819,614,3,1.3338762214983713,819x614,47.388588610086984,51.86683555763,0.5239328170924262,99.48232650230996,21.704215474860096,49.87409767214327
no_dr,aptos_33b978734eab.png,2048,1536,3,1.3333333333333333,2048x1536,23.687163988749187,27.03425105799158,0.5257438023885092,49.917400248411234,15.240115492790466,26.106407165527344
no_dr,aptos_33d72035c27a.png,2048,1536,3,1.3333333333333333,2048x1536,55.15394814809164,60.77293015349578,0.5242713292439779,115.90142818672474,26.9185752381326,24.537631352742512
no_dr,aptos_33e7bf536fc5.png,2588,1958,3,1.3217568947906027,2588x1958,60.35636484410645,26.407920461623046,0.05703545711881505,63.42326017184397,23.971447702759914,13.428338816829738
no_dr,aptos_342edf9b889d.png,819,614,3,1.3338762214983713,819x614,38.86166692518484,42.91380597435498,0.5244796824601385,81.65905412695558,19.502829645576664,33.97728221832456
no_dr,aptos_345b1f0abbba.png,2588,1958,3,1.3217568947906027,2588x1958,69.58408435728347,36.27346931904981,0.09406954861993676,76.20818428863173,31.39799300053969,14.271285280326879
no_dr,aptos_348598d01e18.png,1050,1050,3,1.0,1050x1050,76.54698321995465,43.2747902535484,0.21017777777777777,96.71263661617931,20.875585492407502,55.39710391526163
no_dr,aptos_3486f7096276.png,2588,1958,3,1.3217568947906027,2588x1958,83.12722998264955,42.82597523075008,0.01995873940067539,84.61979168239812,41.94990883475538,15.240213927077354
no_dr,aptos_34a7dbd3f05c.png,2048,1536,3,1.3333333333333333,2048x1536,49.297842025756836,54.10559997952732,0.5251906712849935,103.79852854238123,22.575433453258857,19.4942569732666
no_dr,aptos_34acae864963.png,2048,1536,3,1.3333333333333333,2048x1536,47.87974007924398,52.500229487055854,0.5245974858601888,100.6859377580681,21.958643582802146,22.36805025736491
no_dr,aptos_351e842842a2.png,2588,1958,3,1.3217568947906027,2588x1958,40.78550250784244,21.574336725716098,0.09478669525254454,44.458061068792155,19.282200580317838,12.732961945191363
no_dr,aptos_35362d43e753.png,1050,1050,3,1.0,1050x1050,103.33714739229025,53.99514389543686,0.2072299319727891,130.02169836469957,15.519824423052595,38.329021460918845
no_dr,aptos_356304d15a5c.png,1050,1050,3,1.0,1050x1050,59.7792589569161,32.57360608029817,0.21172063492063492,75.56070801470064,13.011900651810414,40.61753143094985
no_dr,aptos_35777eb7859d.png,2588,1958,3,1.3217568947906027,2588x1958,77.0335863015126,32.23867832087703,0.09219636319431398,84.1276150150094,24.471719219474483,15.442015710256815
no_dr,aptos_357f02a779d7.png,1050,1050,3,1.0,1050x1050,83.03643537414966,43.97260603012164,0.20837460317460318,104.40792559755353,15.811384412957242,42.02009248812995
no_dr,aptos_3580a545016d.png,1050,1050,3,1.0,1050x1050,58.47562993197279,32.52240588514069,0.20922086167800452,73.63884179786518,15.434311320544724,50.89224475972789
no_dr,aptos_3599029efeb3.png,2588,1958,3,1.3217568947906027,2588x1958,48.00545181421916,21.718206970525635,0.09593839248641882,52.631391428580784,17.279817222000563,12.663488711124101
no_dr,aptos_359bab5d784b.png,1050,1050,3,1.0,1050x1050,71.42731065759637,39.017318274450844,0.2096544217687075,90.09019275703616,16.260418471379293,40.68078261933988
no_dr,aptos_35ac70c0d08f.png,1050,1050,3,1.0,1050x1050,72.0934058956916,39.63420498816477,0.20903945578231292,90.9348947403427,16.951898328139634,58.82635427398581
no_dr,aptos_35beb47fe159.png,1050,1050,3,1.0,1050x1050,71.83134784580498,39.1023534849357,0.20883265306122448,90.48864790624835,16.286576862883688,50.36185831582436
no_dr,aptos_35cd9832fc0a.png,1050,1050,3,1.0,1050x1050,81.36980680272109,44.117381124734486,0.20780861678004536,102.3243736196045,18.528853905836193,49.000417416611384
no_dr,aptos_35df2bc6ae95.png,1050,1050,3,1.0,1050x1050,77.14265124716553,40.917295422359466,0.20850249433106577,97.11421731646776,14.205402947125487,44.45655783240604
no_dr,aptos_3601dac9bed7.png,2588,1958,3,1.3217568947906027,2588x1958,56.149658871857696,21.568015831678544,0.07362218647233322,59.856294035368464,17.76243860689399,14.169607151038244
no_dr,aptos_360832d84ce0.png,819,614,3,1.3338762214983713,819x614,33.44674525619151,36.36345385994448,0.5245035456761841,70.26245969445154,14.017897728139125,25.60045021934273
no_dr,aptos_369229040a34.png,1050,1050,3,1.0,1050x1050,84.12799637188209,44.687259885420445,0.20872108843537415,105.99767189944806,15.220041529637967,44.63208977725867
no_dr,aptos_3694e8c8e09a.png,2588,1958,3,1.3217568947906027,2588x1958,58.11388402985098,23.474049248521528,0.025592504416549706,59.38256637460282,22.418908481681264,13.48568429907938
no_dr,aptos_36e4b704b905.png,819,614,3,1.3338762214983713,819x614,39.78189815974832,26.323680458794758,0.20319329602717226,49.88791750169084,19.15441631853389,9.714369401936853
no_dr,aptos_370f575adb23.png,1050,1050,3,1.0,1050x1050,76.84471927437642,44.61907298271999,0.2101297052154195,97.09809125066603,23.83174242565818,56.78940029094544
no_dr,aptos_3710ff45299c.png,1050,1050,3,1.0,1050x1050,80.41141768707483,43.75518827026261,0.2086938775510204,101.42765541628697,17.394877328037264,67.03410751578693
no_dr,aptos_3730c322d35b.png,1050,1050,3,1.0,1050x1050,84.65624308390022,46.23558116728404,0.20648707482993198,106.41657407915432,20.007325278650676,59.773862976558924
no_dr,aptos_3732de8b416f.png,2588,1958,3,1.3217568947906027,2588x1958,70.17061656454793,31.679501705708272,0.09412302873480652,76.85971278032152,25.147635165010556,15.016725064438903
no_dr,aptos_37c523296d42.png,1050,1050,3,1.0,1050x1050,75.21682630385487,40.94635371433068,0.20946031746031746,94.7656275456934,17.200923511416416,49.52718105256555
no_dr,aptos_3823acc4e464.png,2048,1536,3,1.3333333333333333,2048x1536,43.857824643452965,47.174434908827,0.5250797271728516,92.31957803704225,14.596892462838609,23.01334508260091
no_dr,aptos_38373431d996.png,2048,1536,3,1.3333333333333333,2048x1536,38.855285008748375,42.95518290495493,0.5249703725179037,81.76590529165891,19.40853152038338,22.145776748657227
no_dr,aptos_384db24ebbd7.png,1050,1050,3,1.0,1050x1050,85.95147573696146,45.30530580220455,0.2092907029478458,108.45876431161436,13.224793249156393,47.78373259658275
no_dr,aptos_384e6c915722.png,2588,1958,3,1.3217568947906027,2588x1958,47.76278273417186,17.97047378452968,0.04003923980088821,49.34683958783927,16.544787070224935,12.238356529952679
no_dr,aptos_387138ddf43d.png,819,614,3,1.3338762214983713,819x614,34.14029980153759,19.299231087772476,0.20302625351485287,42.802093963884616,9.884172928540913,10.101639720752512
no_dr,aptos_388279491b5d.png,2048,1536,3,1.3333333333333333,2048x1536,49.47876993815104,54.16138002127462,0.5247847239176432,104.08709958806554,22.143227946214182,21.130184809366863
no_dr,aptos_389552047476.png,1050,1050,3,1.0,1050x1050,71.39234557823129,38.37725246971326,0.2093079365079365,90.0645079140751,14.019229815512317,46.900713003326814
no_dr,aptos_38c7153457e2.png,1050,1050,3,1.0,1050x1050,69.7273814058957,39.40346289569539,0.20899773242630384,87.74439386294836,20.23040876227289,52.77965032425294
no_dr,aptos_38f1901f214a.png,2588,1958,3,1.3217568947906027,2588x1958,59.82797538888529,25.546774613151083,0.07366520737654579,63.82678237416969,22.07810200695103,13.128600532343732
no_dr,aptos_3908b3cfd620.png,1050,1050,3,1.0,1050x1050,75.35520362811792,41.38102811102484,0.20988662131519276,95.1756090001148,17.17982171982311,53.32220305435616
no_dr,aptos_393fa5a023a5.png,1050,1050,3,1.0,1050x1050,81.38284535147392,41.89387909501018,0.20783945578231292,102.1994041382848,11.399318743078808,39.59504888852608
no_dr,aptos_39f8935185e6.png,1050,1050,3,1.0,1050x1050,85.18646893424037,46.797613766941936,0.20889342403628117,107.44168448569414,19.91950007296968,57.07184847910079
no_dr,aptos_39fd8ef3a45c.png,1050,1050,3,1.0,1050x1050,81.88175510204081,44.548350394891294,0.20935963718820863,103.25087273899511,18.12213423236729,42.70495909353325
no_dr,aptos_3a4cfea0a766.png,1050,1050,3,1.0,1050x1050,87.5918775510204,46.151840437291106,0.2065514739229025,110.04476912401675,15.596905314190495,45.06998730748115
no_dr,aptos_3a643599f852.png,2048,1536,3,1.3333333333333333,2048x1536,22.623748143513996,25.915906072559576,0.5273062388102213,47.83215890612159,14.684161175118716,26.818098704020183
no_dr,aptos_3abac0961bfd.png,1050,1050,3,1.0,1050x1050,82.76583310657597,44.19997178734482,0.20834648526077099,104.08126164358764,16.925787240087107,42.503370203560046
no_dr,aptos_3ac92ac3d65a.png,2048,1536,3,1.3333333333333333,2048x1536,53.9928830464681,57.905381608544666,0.5251340866088867,113.66968849222687,16.708251000249735,19.206868489583332
no_dr,aptos_3af9aaa880e9.png,1050,1050,3,1.0,1050x1050,91.29913015873016,49.45563124395146,0.20885714285714285,115.16959076395696,19.050286543762695,51.51718910053404
no_dr,aptos_3b0190bbe615.png,1050,1050,3,1.0,1050x1050,82.7207201814059,45.063501922331945,0.2089859410430839,104.17038435121025,19.107704709263757,45.4718031337017
no_dr,aptos_3b10191dfd25.png,819,614,3,1.3338762214983713,819x614,48.22806473295073,31.20250742125741,0.20307199134560697,60.48033427490593,21.96232574704694,14.565087891507453
no_dr,aptos_3b2b91590590.png,1050,1050,3,1.0,1050x1050,74.34500136054422,39.6699163809454,0.21018321995464853,93.81442350647069,13.73335034466886,47.0378470559234
no_dr,aptos_3b5dffe159b6.png,1050,1050,3,1.0,1050x1050,89.65376780045351,48.20661989051436,0.2071437641723356,112.5255169747084,20.120032957088185,47.58058910622959
no_dr,aptos_3b9817a39adf.png,1050,1050,3,1.0,1050x1050,80.13180136054422,42.26688938343967,0.20797913832199547,100.86551008184809,13.717112187969796,47.287371828930546
no_dr,aptos_3bf2deaa5ef0.png,1050,1050,3,1.0,1050x1050,78.26605623582766,42.653035657665335,0.208615873015873,98.5260601420514,18.18932688260621,46.79533315823263
no_dr,aptos_3bf3085ac167.png,1050,1050,3,1.0,1050x1050,88.90111746031747,47.33141561721469,0.20800362811791384,112.02659830320577,16.034061011078737,61.523226527346964
no_dr,aptos_3c28fd846b43.png,1050,1050,3,1.0,1050x1050,90.95950929705215,48.38533689782605,0.20793832199546486,114.55056410091979,16.696641582513028,50.01128423086594
no_dr,aptos_3c326543fff6.png,2048,1536,3,1.3333333333333333,2048x1536,69.78193632761638,75.85262880893568,0.5241835912068685,146.62559519077172,28.75687412543395,20.818862279256184
no_dr,aptos_3c42512c81e0.png,1050,1050,3,1.0,1050x1050,103.02949659863945,55.3115208771378,0.20709478458049888,129.65229163854502,20.86276704190359,54.367191811539456
no_dr,aptos_3c9529918097.png,1050,1050,3,1.0,1050x1050,83.23861678004535,44.157971367295744,0.207815873015873,104.77412086106554,15.142210675789359,48.015594033293546
no_dr,aptos_3ca12e02dd4e.png,1050,1050,3,1.0,1050x1050,82.54427936507936,44.55256710572031,0.20821587301587302,104.01149217244674,17.121216000719393,54.71586350839412
no_dr,aptos_3ca8be3b40d6.png,819,614,3,1.3338762214983713,819x614,39.97598167305008,44.21647959101704,0.5243205943531677,83.97639661709928,20.432332063173735,29.89831485922691
no_dr,aptos_3cab32dd6ef9.png,1050,1050,3,1.0,1050x1050,79.66025941043084,43.04335848496411,0.2086548752834467,100.38684612898271,16.790410220897837,48.3576783058705
no_dr,aptos_3cd9713c0ecb.png,1050,1050,3,1.0,1050x1050,88.54375419501133,47.45122937786382,0.20864126984126985,111.64399012920744,16.9453935751755,52.68405702245957
no_dr,aptos_3cdef7c591cc.png,819,614,3,1.3338762214983713,819x614,45.26630553666384,48.50085605308799,0.5245950213376923,95.14560893480852,14.327516654119556,31.227718716318066
no_dr,aptos_3ce2f8a77a32.png,2048,1536,3,1.3333333333333333,2048x1536,36.66948668162028,40.41482225116176,0.5248689651489258,77.14257078493516,17.794641309933628,19.442834854125977
no_dr,aptos_3d2ecffe0386.png,819,614,3,1.3338762214983713,819x614,48.436669013216246,52.0763557096784,0.5238453186335923,101.66222717818928,16.951238791577047,46.084762143394066
no_dr,aptos_3dec415b188a.png,1050,1050,3,1.0,1050x1050,84.80407346938776,45.29915927904961,0.2098893424036281,107.12424104319037,14.93670068025413,52.66462002358194
no_dr,aptos_3e61703b5ab2.png,2048,1536,3,1.3333333333333333,2048x1536,23.419944763183594,27.204526304040034,0.5261128743489584,49.39208100783514,16.717648691407867,28.67778968811035
no_dr,aptos_3f0d3629d69e.png,2048,1536,3,1.3333333333333333,2048x1536,39.42302385965983,43.481270878075755,0.5247948964436849,82.93227285923956,19.266764042130784,22.424784342447918
no_dr,aptos_3f44d749cd0b.png,2416,1736,3,1.391705069124424,2416x1736,77.39676780373547,35.641622121400275,0.16665347376934112,92.47304790967732,12.666047920894448,7.555100691853489
no_dr,aptos_3f6bccf21ce8.png,1050,1050,3,1.0,1050x1050,87.48438367346938,47.28274357074743,0.2084018140589569,110.19921694622779,18.647696179701008,52.131366550649986
no_dr,aptos_3f6c627e2ff2.png,1050,1050,3,1.0,1050x1050,84.9391873015873,45.119196700362544,0.2091047619047619,107.15743690665418,14.583176402736452,49.330435005598716
no_dr,aptos_3f82631e9080.png,2048,1536,3,1.3333333333333333,2048x1536,48.43827215830485,52.19388367904311,0.5248009363810221,101.90337807146818,16.905554419019953,21.26961898803711
no_dr,aptos_3f98be586fe3.png,1050,1050,3,1.0,1050x1050,80.51388299319729,43.02426701743118,0.2089814058956916,101.41752532398881,15.769325358311157,37.49424130667776
no_dr,aptos_3fd45879afe6.png,1050,1050,3,1.0,1050x1050,92.79700045351474,49.97785666843388,0.21004897959183674,117.20494051699293,18.032742798699235,38.996629430190914
no_dr,aptos_3fe282197c1c.png,2048,1536,3,1.3333333333333333,2048x1536,45.34299914042155,49.08697356837652,0.524333635965983,95.29625607408056,17.50557202497497,22.18596076965332
no_dr,aptos_401fdfd0db07.png,1050,1050,3,1.0,1050x1050,84.17334875283447,45.11933446931211,0.20942675736961452,106.21473324560266,15.960864599314268,53.42682139078346
no_dr,aptos_4036471a1bb7.png,2048,1536,3,1.3333333333333333,2048x1536,26.523109753926594,28.629283423462883,0.5257485707600912,55.89747470617334,9.32605049554429,25.013188044230144
no_dr,aptos_404ede327e98.png,819,614,3,1.3338762214983713,819x614,43.81912875398218,48.23118444938033,0.5240123611459117,91.99410924222295,21.4027593469424,47.89144225300577
no_dr,aptos_405085b53d7b.png,1050,1050,3,1.0,1050x1050,87.03755827664399,46.436768221858365,0.2082748299319728,109.68589274319291,16.134130300541976,57.99817822992191
no_dr,aptos_40c24aded50c.png,1050,1050,3,1.0,1050x1050,88.55281541950113,46.75785374375025,0.2088453514739229,111.70548055140281,14.00654656287203,54.721434514996524
no_dr,aptos_40dd4e6e4444.png,2048,1536,3,1.3333333333333333,2048x1536,48.295602798461914,51.23022365660057,0.524076779683431,101.44481656508307,11.152351505461093,21.6014830271403
no_dr,aptos_41345cec5957.png,2048,1536,3,1.3333333333333333,2048x1536,21.35278065999349,24.93557565450423,0.5273342132568359,45.145201556550035,15.552379149526576,27.979923884073894
no_dr,aptos_4134b290f5f3.png,2588,1958,3,1.3217568947906027,2588x1958,86.05848297240505,33.26122846530252,0.07546557301476288,92.40950718873862,25.724775493428734,39.35203969589596
no_dr,aptos_4145dcb25053.png,2048,1536,3,1.3333333333333333,2048x1536,48.616659800211586,52.712052416924195,0.5252265930175781,102.37176566847985,18.7256213839629,20.46026865641276
no_dr,aptos_4158c340fa49.png,2588,1958,3,1.3217568947906027,2588x1958,47.18660021186809,22.33347245951411,0.09465230426277958,51.53744208391533,18.731145435597803,3.7980032348504764
no_dr,aptos_415d5c5e785f.png,1050,1050,3,1.0,1050x1050,99.2907201814059,52.041186337620296,0.20616598639455783,124.61496888718261,17.329574415923993,50.24014343774457
no_dr,aptos_415f2d2bd2a1.png,1050,1050,3,1.0,1050x1050,75.76279727891156,41.43084621771344,0.20875736961451247,95.34372524631883,18.22907141211035,44.50455601834706
no_dr,aptos_41960d5f58c2.png,2588,1958,3,1.3217568947906027,2588x1958,94.17826422097431,38.37984811846386,0.010325411698212699,95.05775394607598,37.59610618625264,16.162047503119066
no_dr,aptos_41ab357d103f.png,819,614,3,1.3338762214983713,819x614,42.16293406195686,47.65306770329501,0.5244816710614756,88.61060881056532,25.727971016003224,29.254568811572067
no_dr,aptos_4205e9deb058.png,1050,1050,3,1.0,1050x1050,108.90698231292517,56.340960324571355,0.20713015873015872,136.98515110297103,14.024597770053067,32.998487772721035
no_dr,aptos_4210809074c1.png,1050,1050,3,1.0,1050x1050,71.19426394557823,38.12776030021142,0.20891519274376416,89.64889224704788,14.385077264378015,53.41456889089546
no_dr,aptos_4276b82e4489.png,2048,1536,3,1.3333333333333333,2048x1536,39.84632269541422,43.51279205558002,0.5246550242106119,83.79234350694774,17.378545808264914,22.160919189453125
no_dr,aptos_42985aa2e32f.png,2416,1736,3,1.391705069124424,2416x1736,67.78024908825952,30.538993704431263,0.1666892376476333,80.93204020998829,9.025215722724953,10.548306505225096
no_dr,aptos_42af7282349b.png,2588,1958,3,1.3217568947906027,2588x1958,57.04934458244463,23.530747891285923,0.021128789589099056,58.06940211336634,22.724370137335207,12.922574013196803
no_dr,aptos_42b9c1977681.png,1050,1050,3,1.0,1050x1050,83.70871383219955,45.729169129610774,0.20912380952380952,105.63838493659549,18.54705399709067,80.06072406248431
no_dr,aptos_42c65af5ab16.png,2048,1536,3,1.3333333333333333,2048x1536,26.82263437906901,31.2803140623638,0.5255304972330729,56.499853941437216,19.651731410837055,26.16549809773763
no_dr,aptos_4318b6adeb97.png,2048,1536,3,1.3333333333333333,2048x1536,47.11231295267741,50.72146789438785,0.5248937606811523,99.13294860343045,16.100425279273868,21.92858950297038
no_dr,aptos_4350a1b2f3cb.png,1050,1050,3,1.0,1050x1050,69.96091882086168,37.960807824799026,0.20981315192743763,88.16939878165387,15.588702496515472,38.86117228343662
no_dr,aptos_435414ccccf7.png,2048,1536,3,1.3333333333333333,2048x1536,48.44836966196696,52.2137369883153,0.5248498916625977,101.93420053482555,16.94202385314262,20.097585678100586
no_dr,aptos_436e7a7af761.png,2048,1536,3,1.3333333333333333,2048x1536,54.7895310719808,63.04223694700697,0.5248546600341797,115.2826909876241,37.31067052396504,21.54066340128581
no_dr,aptos_436fa3fd145a.png,2048,1536,3,1.3333333333333333,2048x1536,17.15015983581543,22.53954506536286,0.5271040598551432,36.22258171204395,19.594166312486003,32.7087205251058
no_dr,aptos_43823561c3f0.png,2048,1536,3,1.3333333333333333,2048x1536,55.09457778930664,60.07678358625223,0.5241111119588217,115.73672042468456,23.821350367592554,20.106975555419922
no_dr,aptos_43bc7c066dfb.png,1050,1050,3,1.0,1050x1050,91.04703764172335,48.21323531530635,0.2081795918367347,114.7697065918885,15.227980493720823,71.21046336420237
no_dr,aptos_43e9c66eb0f3.png,2588,1958,3,1.3217568947906027,2588x1958,66.9513922985477,28.551451509164163,0.02769500310224135,68.57920585999697,27.252942411472883,14.575610419639736
no_dr,aptos_43f22d1be8dd.png,819,614,3,1.3338762214983713,819x614,49.502177518464165,52.50402351767049,0.524296731137122,103.99477875551283,11.450312141387926,42.93285686445296
no_dr,aptos_4403538fb50f.png,1050,1050,3,1.0,1050x1050,85.28843900226758,45.77778432423144,0.20879455782312925,107.51500852913664,16.791604235553113,50.82134497667617
no_dr,aptos_4409965eb2a4.png,1050,1050,3,1.0,1050x1050,80.34455419501134,42.520101868475884,0.20826031746031745,101.0666943141943,14.871990174531089,40.51846380096851
no_dr,aptos_441848e0f308.png,819,614,3,1.3338762214983713,819x614,40.15093285288725,23.691311567773703,0.20296261827206452,50.34116511103959,13.873807121326907,11.467971078733987
no_dr,aptos_44271f3cb18f.png,819,614,3,1.3338762214983713,819x614,36.48790134946487,39.232703229679416,0.5246745653911777,76.69592302060454,12.519112563709978,32.5022491081123
no_dr,aptos_445a8a6da55c.png,1050,1050,3,1.0,1050x1050,81.02563900226757,43.9883777916031,0.20880634920634922,102.14668499388392,17.57019572434119,44.44653146299824
no_dr,aptos_4464bb62bf20.png,2588,1958,3,1.3217568947906027,2588x1958,72.95658914483914,25.214223177134887,0.01675723422159002,74.03208961964037,24.0325354744036,14.577936314143262
no_dr,aptos_44878f34e31f.png,1050,1050,3,1.0,1050x1050,68.90517551020409,37.673641888240525,0.20959092970521542,86.80424499613278,16.328796337090953,41.529455737524174
no_dr,aptos_44976c3b11a6.png,2588,1958,3,1.3217568947906027,2588x1958,64.62525378386613,25.824954822083612,0.01200875258322769,65.29072664633557,25.26174070084941,13.919755749303363
no_dr,aptos_44a4d04162cc.png,1050,1050,3,1.0,1050x1050,75.28639637188209,42.55469716777542,0.2110294784580499,95.23932907201325,20.206042808993,66.08837040890901
no_dr,aptos_44a86263117b.png,1050,1050,3,1.0,1050x1050,85.84205714285714,45.03405909972127,0.2079002267573696,108.00242073079961,14.062404731581807,48.54333600641215
no_dr,aptos_44f7f3ef9d50.png,2588,1958,3,1.3217568947906027,2588x1958,49.161295631760005,18.80119687095308,0.09542668053860594,53.833690682821135,12.723475065742083,12.583460948840738
no_dr,aptos_4528fbbd43a3.png,1050,1050,3,1.0,1050x1050,71.33104217687075,41.631558217877945,0.21029387755102041,90.14308948131915,22.6158674066705,63.7167858165262
no_dr,aptos_45369821d6a3.png,1050,1050,3,1.0,1050x1050,86.70052517006803,46.691252698391565,0.20865396825396826,109.23972587823611,17.87927918223035,47.631282837295934
no_dr,aptos_454792eb6e05.png,2048,1536,3,1.3333333333333333,2048x1536,56.17016887664795,60.25352932194205,0.5244391759236654,118.08331099576533,18.022309941872493,19.966314951578777
no_dr,aptos_454a944eb557.png,819,614,3,1.3338762214983713,819x614,46.593754598640594,50.298306426517016,0.5240899165980599,97.84210196432377,17.448935527835694,41.511213722940106
no_dr,aptos_4554062fa836.png,2588,1958,3,1.3217568947906027,2588x1958,57.36868066332708,28.54239367852973,0.02233396693784308,58.45451361701981,27.937146237983534,13.233553381234358
no_dr,aptos_45693d027798.png,1050,1050,3,1.0,1050x1050,79.4033306122449,43.49523594909638,0.20884353741496597,99.90888850673545,19.424555502697984,43.83058517490224
no_dr,aptos_461fa5292fda.png,1050,1050,3,1.0,1050x1050,72.63830385487529,41.53256212284731,0.21097687074829932,91.67620686563252,21.6290700630612,43.466982128557554
no_dr,aptos_462937ece243.png,1050,1050,3,1.0,1050x1050,86.9635247165533,45.86537410359302,0.20688616780045352,109.12910106037457,16.63489843903817,47.402253947521054
no_dr,aptos_46acc506fa61.png,1050,1050,3,1.0,1050x1050,84.1922902494331,43.96860391380317,0.20554013605442176,105.50158923702922,14.94732571882709,50.963388674705705
no_dr,aptos_4704dbb59536.png,2048,1536,3,1.3333333333333333,2048x1536,46.229647954305015,51.30184511190854,0.5256592432657877,97.43321603032409,23.680164595581278,20.289032618204754
no_dr,aptos_4731e708ede3.png,819,614,3,1.3338762214983713,819x614,36.85796017229242,41.45577118992423,0.5242271300903223,77.40906165099268,21.799995394086604,37.63872284067724
no_dr,aptos_475300735b7f.png,1050,1050,3,1.0,1050x1050,79.85874376417233,43.138647733888156,0.20886984126984126,100.65740448808272,16.7541302609055,50.32249726965617
no_dr,aptos_47536db39f00.png,2588,1958,3,1.3217568947906027,2588x1958,69.80557393043718,30.498632651025503,0.022932904755664944,71.21278076611723,29.421871049034635,14.100594710475033
no_dr,aptos_478fc46eaa49.png,1050,1050,3,1.0,1050x1050,92.87797006802721,48.983102017929376,0.20667845804988663,116.65451838877156,16.986803303594872,41.743177993218055
no_dr,aptos_482088e6be44.png,2048,1536,3,1.3333333333333333,2048x1536,33.128838221232094,36.4545308533022,0.5251487096150717,69.73631450447296,15.705322016110832,24.01372718811035
no_dr,aptos_4826d10030b3.png,1050,1050,3,1.0,1050x1050,80.77826757369614,42.73792645453942,0.2076997732426304,101.54799538872436,15.09589135117092,43.16198810459757
no_dr,aptos_484dbeb9bf2a.png,2048,1536,3,1.3333333333333333,2048x1536,49.8557710647583,54.32036227150325,0.5249935785929362,104.92793063501804,20.849752634746324,20.470539728800457
no_dr,aptos_4860f7813654.png,2588,1958,3,1.3217568947906027,2588x1958,32.55174664871103,15.009460426285514,0.096417345397079,35.547796462248904,12.495036901976551,11.273749907198049
no_dr,aptos_486e852a3b4d.png,819,614,3,1.3338762214983713,819x614,44.826466692916206,27.937115106244367,0.20288108561724197,56.199608825378455,18.478930534615525,15.395896507840135
no_dr,aptos_48a45619d1a3.png,819,614,3,1.3338762214983713,819x614,47.76103176591776,51.339723443388,0.5240640647806771,100.28183443918908,16.56336799862951,44.524891322936924
no_dr,aptos_4926dea289f8.png,1050,1050,3,1.0,1050x1050,80.95254512471655,44.35276045328177,0.20828208616780045,101.79214521308467,19.972867300659225,45.48488950197582
no_dr,aptos_4927945ecfed.png,1050,1050,3,1.0,1050x1050,88.42483446712018,48.043463976573236,0.20817596371882086,111.40503513229307,19.433470166985114,53.16753893208199
no_dr,aptos_493d99f030e2.png,2588,1958,3,1.3217568947906027,2588x1958,68.55989911005932,27.545914243117913,0.08148297398379888,73.81209177112864,22.079699122399113,14.048602373163904
no_dr,aptos_495106ae3b68.png,1050,1050,3,1.0,1050x1050,87.38538503401361,46.91797752337044,0.20800816326530613,109.88246288527677,18.59307443682446,46.037343856830006
no_dr,aptos_4958bfcc9f38.png,1050,1050,3,1.0,1050x1050,80.9704,44.278242216887115,0.20867482993197278,101.88533600172391,19.511279891469805,42.316739582000515
no_dr,aptos_496155f71d0a.png,1050,1050,3,1.0,1050x1050,71.83783945578232,39.24201922835899,0.2091002267573696,90.47056482642118,16.920085365030396,46.01778446277755
no_dr,aptos_4982378d72f9.png,2048,1536,3,1.3333333333333333,2048x1536,51.49897003173828,56.01818194485345,0.5241460800170898,108.18933173537167,21.51535661658548,20.497412999471027
no_dr,aptos_49e4b95ee2dc.png,2588,1958,3,1.3217568947906027,2588x1958,35.65920221087979,13.311867896460152,0.09313749480986339,38.41188219042388,10.677364902031258,10.798879245770967
no_dr,aptos_49eb73968c44.png,819,614,3,1.3338762214983713,819x614,46.405157636427994,49.20390661679665,0.5246089415470523,97.54287244099758,10.37922910797676,28.64319321648312
no_dr,aptos_4a05f81b3aba.png,819,614,3,1.3338762214983713,819x614,42.286014564516194,29.755037494738115,0.20298648148811016,53.018890144738776,23.307574452764225,10.861350136308875
no_dr,aptos_4a1afe4044f4.png,819,614,3,1.3338762214983713,819x614,41.31944096439211,44.51479518735907,0.5244796824601385,86.82861958071787,14.770053194786128,38.123297260105076
no_dr,aptos_4a4cb731f91a.png,2048,1536,3,1.3333333333333333,2048x1536,46.56875451405843,51.697981926877176,0.5251649220784506,98.04448276831657,24.145295092135246,19.235942204793293
no_dr,aptos_4a589edaea60.png,1050,1050,3,1.0,1050x1050,77.26531337868481,42.06358605012327,0.2089451247165533,97.4329418050813,17.017081019573975,42.99921665600236
no_dr,aptos_4a5a6efc0bef.png,1050,1050,3,1.0,1050x1050,81.74898866213152,44.94867915672398,0.20886621315192744,102.92688927742269,20.14988301012759,44.93676873283951
no_dr,aptos_4a96c28f3f07.png,819,614,3,1.3338762214983713,819x614,41.915991536512706,46.99447525747503,0.5246009871417038,88.10122478687538,24.06775682413596,27.31141099219275
no_dr,aptos_4aa3d771c5e4.png,1050,1050,3,1.0,1050x1050,81.78951655328798,45.81169791526676,0.2114702947845805,103.54065662549434,20.588310180946618,57.76143230092318
no_dr,aptos_4ab8c0cece7f.png,1050,1050,3,1.0,1050x1050,72.5055156462585,40.39876616803591,0.21048072562358278,91.44668761380673,19.030006567074988,36.005629741431584
no_dr,aptos_4ad8d3ec8789.png,2048,1536,3,1.3333333333333333,2048x1536,34.54133574167887,38.58802588253358,0.5251874923706055,72.71234461523629,19.016142248365362,27.244794845581055
no_dr,aptos_4b237b958555.png,1050,1050,3,1.0,1050x1050,78.46635283446712,43.186553429510354,0.20867845804988663,98.91133750252169,18.798845381432933,55.78071049029982
no_dr,aptos_4b6895d0cf8d.png,819,614,3,1.3338762214983713,819x614,36.55912708355705,26.56281503110589,0.20298250428543588,45.83412883957554,21.47942247666587,9.726023919848725
no_dr,aptos_4b6cb0bcfd44.png,2048,1536,3,1.3333333333333333,2048x1536,38.95915508270264,43.05539869216942,0.525951067606608,82.15492992692604,19.046664042830724,20.985745747884113
no_dr,aptos_4bcee3cbe232.png,1050,1050,3,1.0,1050x1050,78.01878367346939,44.24536818587647,0.20953015873015873,98.46152292674755,21.944756018753417,55.14442645807129
no_dr,aptos_4bd5d0b30198.png,1050,1050,3,1.0,1050x1050,74.65217959183674,40.78450669118151,0.20879637188208616,94.00777368388471,17.536151200813993,47.217536223064236
no_dr,aptos_4beeca5cc859.png,1050,1050,3,1.0,1050x1050,75.85680634920635,42.57707601696406,0.20946303854875284,95.61377495935481,20.715555380116545,44.678230823164405
no_dr,aptos_4c17e85686f0.png,1050,1050,3,1.0,1050x1050,99.02833741496599,52.125243214884534,0.20618775510204082,124.29020953451754,18.084143636383676,48.317236796005794
no_dr,aptos_4c389d033cb0.png,2048,1536,3,1.3333333333333333,2048x1536,52.65323575337728,56.90432398183425,0.5248762766520182,110.79084376526318,19.380599240926827,21.424708048502605
no_dr,aptos_4c53cc97ea13.png,2048,1536,3,1.3333333333333333,2048x1536,21.745483716328938,25.732666893656024,0.5264123280843099,45.88795847434987,17.054518847192497,28.980750401814777
no_dr,aptos_4c5ab774a381.png,2048,1536,3,1.3333333333333333,2048x1536,58.353806813557945,62.11015961820931,0.5248120625813802,122.77128896476614,14.534340898859364,20.809805552164715
no_dr,aptos_4c60f6fcea75.png,819,614,3,1.3338762214983713,819x614,40.3318319393238,26.227901847981485,0.20295864106939027,50.56477339354549,18.628794170442603,9.22115147706492
no_dr,aptos_4c635a01593d.png,2048,1536,3,1.3333333333333333,2048x1536,41.451669692993164,44.909717841452085,0.5255250930786133,87.33412391654925,15.645223310558535,19.5262934366862
no_dr,aptos_4c6c5a1bf5ab.png,819,614,3,1.3338762214983713,819x614,45.15578504014986,28.620891790611736,0.20288705142125338,56.612285170429175,19.509709868399014,13.684235264126642
no_dr,aptos_4ccee4db09b6.png,2048,1536,3,1.3333333333333333,2048x1536,47.62524159749349,51.29404835365774,0.5243679682413737,100.09745363114378,16.759061124988026,20.56209882100423
no_dr,aptos_4cddfc22b0ad.png,819,614,3,1.3338762214983713,819x614,39.74790301988999,24.57096544780404,0.20306005973758418,49.839921747505954,15.996573798667066,11.01152323218494
no_dr,aptos_4cde86044ad1.png,1050,1050,3,1.0,1050x1050,85.06848253968253,47.158150645177734,0.20918820861678006,107.17775356417815,21.790917323420594,43.45203995041491
no_dr,aptos_4cf4d528c08e.png,2048,1536,3,1.3333333333333333,2048x1536,40.279754956563316,44.426309940595054,0.5245736440022787,84.68910215691493,19.791422961122937,23.03496551513672
no_dr,aptos_4cfd22ae43d4.png,1050,1050,3,1.0,1050x1050,84.08111746031746,44.22134483744255,0.20925714285714286,105.90306310894546,14.029756907257731,39.11698438087012
no_dr,aptos_4d167ca69ea8.png,1050,1050,3,1.0,1050x1050,88.12649977324263,46.395604096078145,0.2073859410430839,110.72782045574962,15.876758534399746,50.13191160994771
no_dr,aptos_4d17559ac1e2.png,2588,1958,3,1.3217568947906027,2588x1958,54.28141571928584,30.00368102438605,0.09517487010844425,59.48172375978839,26.65816949882546,13.76316301526981
no_dr,aptos_4d1e7def7624.png,2588,1958,3,1.3217568947906027,2588x1958,52.679333033897315,27.550017941913303,0.05688212114370877,55.27386151893728,26.199652916555802,13.051765988361142
no_dr,aptos_4d3de40ced3a.png,1050,1050,3,1.0,1050x1050,80.59890975056689,43.896123074172216,0.20723174603174604,101.39634130295747,18.517185946925117,50.43052098969543
no_dr,aptos_4dd14c380696.png,819,614,3,1.3338762214983713,819x614,37.847710921000825,42.488682604048385,0.524370309386596,79.50889713936901,22.03234025519462,32.00236245838852
no_dr,aptos_4dd4a4bf2421.png,1050,1050,3,1.0,1050x1050,74.80530068027211,41.68057022584704,0.2089578231292517,94.20111818961524,19.88520880850097,41.655550446950826
no_dr,aptos_4dd7b322f342.png,819,614,3,1.3338762214983713,819x614,69.58510020562137,60.95334079387325,0.2032350566552521,87.2932791901484,55.85594471927143,32.95983935484317
no_dr,aptos_4e1e252317b5.png,1050,1050,3,1.0,1050x1050,88.79823492063493,46.81602927390572,0.20519818594104308,111.25246585238095,17.315043753259335,57.32060890848072
no_dr,aptos_4e231670b48c.png,1050,1050,3,1.0,1050x1050,72.98927437641723,41.022440760621876,0.20859773242630386,91.86213626949953,20.4554715936092,53.18999003010968
no_dr,aptos_4e4a6224a04e.png,1050,1050,3,1.0,1050x1050,83.86505668934241,45.94584674795763,0.20921995464852608,105.7828511128826,19.31274629797423,50.64240981764673
no_dr,aptos_4e54ccfd49b2.png,1050,1050,3,1.0,1050x1050,84.20786303854875,43.63915435138141,0.20749569160997733,105.79614895117061,12.4990689601713,45.04856097221716
no_dr,aptos_4e8585a96739.png,819,614,3,1.3338762214983713,819x614,45.39553280595626,28.78497141842865,0.2029049488332876,56.91503422880409,19.63144097803541,14.177896301343823
no_dr,aptos_4e85aa647534.png,819,614,3,1.3338762214983713,819x614,39.69103299885059,43.948148827479635,0.5242569591103793,83.36239680648734,20.53719388249087,40.13784586748756
no_dr,aptos_4eabad7948cf.png,2048,1536,3,1.3333333333333333,2048x1536,23.64565372467041,26.221498349770442,0.5262962977091471,49.888254348743715,11.951204835893032,26.473168690999348
no_dr,aptos_4eaf2f81819d.png,1050,1050,3,1.0,1050x1050,79.63281995464853,43.82787644202569,0.21063038548752835,100.69411109068346,18.08549939054313,52.88428461678005
no_dr,aptos_4ec7796df40e.png,2048,1536,3,1.3333333333333333,2048x1536,57.15422757466634,62.061660671950634,0.5241731007893881,120.08192757722695,23.237247452425517,21.045157114664715
no_dr,aptos_4ef16a53d899.png,819,614,3,1.3338762214983713,819x614,27.148924365536743,30.257710881522534,0.5249827985984338,57.09597270481852,14.795463028744589,22.47945178238338
no_dr,aptos_4f5dd7660b17.png,2416,1736,3,1.391705069124424,2416x1736,82.38546856402783,37.30123960869126,0.16650278862880336,98.43511619830919,11.054380227348528,9.05334944998666
no_dr,aptos_4f6abc40c72d.png,1050,1050,3,1.0,1050x1050,73.65267210884353,39.38526143383218,0.20939138321995465,92.76544606411318,14.730612616752527,35.27340280027027
no_dr,aptos_4faf4063db8c.png,1050,1050,3,1.0,1050x1050,79.59164353741497,42.98604076125484,0.20886802721088435,100.33668798002346,16.574848617650293,48.831390845784625
no_dr,aptos_4fd5ec0dca09.png,819,614,3,1.3338762214983713,819x614,50.926664359889116,53.84405658353919,0.5240262813552716,106.927349373932,10.310649133782292,46.38643296623753
no_dr,aptos_4ffa38550c95.png,2048,1536,3,1.3333333333333333,2048x1536,46.96247545878092,54.44706413301181,0.5249064763387045,98.81669504822635,33.423392745185794,24.914216995239258
no_dr,aptos_500aad15b7c8.png,2048,1536,3,1.3333333333333333,2048x1536,46.94044303894043,52.87226612909344,0.5242112477620443,98.631482419346,27.89712405759054,21.282283147176106
no_dr,aptos_501c319f7a9f.png,1050,1050,3,1.0,1050x1050,88.6833560090703,47.639572163304905,0.20821043083900226,111.68986812502004,17.986437869313097,48.914525909620764
no_dr,aptos_504a69096fcb.png,1050,1050,3,1.0,1050x1050,81.25798820861678,45.69031151014118,0.20864308390022676,102.45732179063832,21.991287399309645,55.17476215607365
no_dr,aptos_5056fa7d505f.png,819,614,3,1.3338762214983713,819x614,48.43054412109787,31.202442428674853,0.20280949596910508,60.71420624625823,21.844585615502076,11.72048269388076
no_dr,aptos_5069feccd866.png,2048,1536,3,1.3333333333333333,2048x1536,28.361164728800457,31.246185544793533,0.5256404876708984,59.7602087111297,13.508306367409565,25.895427068074543
no_dr,aptos_5077cdb88aed.png,1050,1050,3,1.0,1050x1050,87.10806077097506,45.34198965937796,0.20628027210884353,109.21872614492912,14.812597340965048,49.45061675309282
no_dr,aptos_5078caaf1f57.png,819,614,3,1.3338762214983713,819x614,41.904666451897725,24.917896293670605,0.20289102862392766,52.53303446021969,14.90196353155781,10.898292643363485
no_dr,aptos_50915e2329a1.png,2048,1536,3,1.3333333333333333,2048x1536,65.52999528249104,70.72978476492989,0.5240818659464518,137.65315885483287,24.209316743000958,26.958247502644856
no_dr,aptos_50916d67bb51.png,1050,1050,3,1.0,1050x1050,88.78623764172336,47.825746792089696,0.20936054421768707,111.97246581314243,18.016088935359342,42.31789747835851
no_dr,aptos_50d8249f7bc9.png,2048,1536,3,1.3333333333333333,2048x1536,54.9999802907308,60.99290959783215,0.5249741872151693,115.75430133935443,28.29051389455923,20.07879638671875
no_dr,aptos_50ddd7d976df.png,2588,1958,3,1.3217568947906027,2588x1958,60.92715041371112,25.355707646580527,0.01560277417735348,61.73664839702982,24.7204740402378,13.092801614688753
no_dr,aptos_50f5201fd18a.png,819,614,3,1.3338762214983713,819x614,46.79269626500897,50.65275614079239,0.5242430389010193,98.28523419800871,18.302361157748763,38.59772583551085
no_dr,aptos_511fd66b2df8.png,2588,1958,3,1.3217568947906027,2588x1958,64.11977670966652,35.898030316374104,0.09319788195063884,69.99587490168751,32.41067772917957,15.303967142916253
no_dr,aptos_519c6e8f78dc.png,2048,1536,3,1.3333333333333333,2048x1536,40.071412086486816,43.04780517893036,0.5246092478434244,84.26532949948177,13.229865537503345,22.685740152994793
no_dr,aptos_51a078d6d43a.png,1050,1050,3,1.0,1050x1050,76.37952199546486,40.60272975718788,0.2089560090702948,96.16475715664939,14.497070267653175,41.78838779109446
no_dr,aptos_51aa3361294c.png,819,614,3,1.3338762214983713,819x614,43.67949712249386,27.10123457378388,0.20299045869078441,54.76782047411481,17.768936415782957,11.957134759003605
no_dr,aptos_51af8a689511.png,1050,1050,3,1.0,1050x1050,73.88323990929705,40.44792303368389,0.2091283446712018,93.207260624633,16.811598721960774,46.46368485856078
no_dr,aptos_51cd8d2057fa.png,1050,1050,3,1.0,1050x1050,69.31943582766439,39.18127469054047,0.21088072562358276,87.49201153098147,19.466713578564658,40.689587603416264
no_dr,aptos_51e656e5a541.png,819,614,3,1.3338762214983713,819x614,41.806252560324225,45.733135144300704,0.5244319560280473,87.84006071579405,18.893821568531646,23.497587826578055
no_dr,aptos_521b5377a727.png,819,614,3,1.3338762214983713,819x614,35.717875139699245,26.25254909416864,0.2034080649715829,44.80192421469922,21.433084200417536,8.227073138607926
no_dr,aptos_5257cb536da2.png,819,614,3,1.3338762214983713,819x614,59.50905807909065,34.53341050289284,0.20257086380864883,74.58854613466335,19.310126166071967,20.901917855332158
no_dr,aptos_525d0dd8dc45.png,819,614,3,1.3338762214983713,819x614,47.10105276554788,31.291183770313882,0.20308193435229266,59.06773168838882,22.878091000030054,10.974443391586282
no_dr,aptos_5264a54e1830.png,819,614,3,1.3338762214983713,819x614,48.68757283252397,29.46109413414438,0.20279955296241942,61.036396971700114,18.349604312551122,12.582916543822254
no_dr,aptos_5288f7441f64.png,819,614,3,1.3338762214983713,819x614,41.46427875418104,44.17264423054345,0.5247779726607088,87.18169416628656,11.087649299520484,24.054245067274383
no_dr,aptos_5293576816aa.png,1050,1050,3,1.0,1050x1050,79.96194467120182,44.156139485764385,0.20944036281179138,100.78592162387906,19.883075870820825,43.776674283430495
no_dr,aptos_529906ff9dfa.png,1050,1050,3,1.0,1050x1050,98.49208707482993,52.300944368434315,0.20804625850340136,124.12553700541386,17.180115131187968,45.33986837539911
no_dr,aptos_5299a532f0e0.png,1050,1050,3,1.0,1050x1050,79.23148934240363,41.48591876490447,0.20862131519274377,99.6211645912011,13.467695985228016,39.31827179831533
no_dr,aptos_52ddde91a349.png,1050,1050,3,1.0,1050x1050,83.83213333333333,45.33825026768798,0.20888616780045352,105.7246065422843,17.418971170661166,50.814495156462584
no_dr,aptos_52edbe29d655.png,1050,1050,3,1.0,1050x1050,72.67512834467121,39.32892141051663,0.209340589569161,91.65213111820324,15.346143658574183,42.643828109496766
no_dr,aptos_5321ab64f9ea.png,1050,1050,3,1.0,1050x1050,83.6364843537415,45.98067005528739,0.2090857142857143,105.54012635567436,19.444530470636057,61.52338493184301
no_dr,aptos_53273d664cd8.png,1050,1050,3,1.0,1050x1050,81.46160090702948,44.428554171123075,0.2077514739229025,102.5591685423617,18.669657993252834,50.38010924226756
no_dr,aptos_53327edb9e4d.png,1050,1050,3,1.0,1050x1050,78.27968344671201,41.24534143231268,0.2090530612244898,98.71832379799064,12.331028992694616,39.82714156111989
no_dr,aptos_535682537302.png,1050,1050,3,1.0,1050x1050,89.66082993197278,47.08374153519382,0.2069605442176871,112.7121016645965,15.081164474951878,39.62610988214914
no_dr,aptos_537e5c578f40.png,819,614,3,1.3338762214983713,819x614,44.03102615806199,27.280163188579987,0.20301631050816718,55.211554584106835,17.830923158951165,13.103816008652306
no_dr,aptos_53c874dbc594.png,2048,1536,3,1.3333333333333333,2048x1536,49.26122156778971,56.14069496439531,0.524409294128418,103.54521251885762,31.745525464890296,22.409692764282227
no_dr,aptos_53ddae6a619e.png,2048,1536,3,1.3333333333333333,2048x1536,45.92691612243652,49.84751237202763,0.5246108373006185,96.58088863181193,18.325093046644877,20.508860905965168
no_dr,aptos_54038e56131d.png,1050,1050,3,1.0,1050x1050,81.63325714285715,45.746820182604964,0.20916643990929706,102.94193445533517,21.795488494209234,45.85732008074825
no_dr,aptos_540e4973829e.png,819,614,3,1.3338762214983713,819x614,50.320844916936124,54.29261068780188,0.523724013952027,105.59765848444488,18.832397527000705,53.1513047213373
no_dr,aptos_542964865b1e.png,1050,1050,3,1.0,1050x1050,73.90089160997732,40.97704793904919,0.20965986394557823,93.11411373156596,19.060097045836805,48.08006748003149
no_dr,aptos_54334705a34d.png,2048,1536,3,1.3333333333333333,2048x1536,54.744092305501304,63.09358195461232,0.5241785049438477,115.0180718263234,37.885140403599415,24.01656150817871
no_dr,aptos_5445255635f0.png,2588,1958,3,1.3217568947906027,2588x1958,89.45286606053239,35.15574557550664,0.09396692994933795,98.18344944452855,23.51231190485696,16.843160583856186
no_dr,aptos_549381330191.png,1050,1050,3,1.0,1050x1050,73.36911836734694,40.23135798399464,0.20940408163265306,92.53501707142463,17.10778740943509,50.87062714733964
no_dr,aptos_54b322c66d01.png,2048,1536,3,1.3333333333333333,2048x1536,48.13315963745117,51.4092953833916,0.524900754292806,101.28017715232785,13.473698340857494,21.274656931559246
no_dr,aptos_54bdcdecd8f3.png,2048,1536,3,1.3333333333333333,2048x1536,42.54100704193115,46.14943466961201,0.5244372685750326,89.42613090586775,16.93391716213056,23.131133397420246
no_dr,aptos_54f57cf26126.png,2048,1536,3,1.3333333333333333,2048x1536,48.87419064839681,57.27462230032059,0.5244951248168945,102.75195228802608,36.93417891476705,27.22520637512207
no_dr,aptos_5511f114e7ee.png,2048,1536,3,1.3333333333333333,2048x1536,43.87417443593343,47.1949067948347,0.5251909891764323,92.37601866605964,14.55278380810782,21.536963780721027
no_dr,aptos_555d0bef3c5b.png,1050,1050,3,1.0,1050x1050,87.25896145124716,46.356199459286685,0.2077170068027211,109.74145842205768,16.684976588689764,39.532351499279414
no_dr,aptos_55968f0e63c4.png,1050,1050,3,1.0,1050x1050,80.40114467120182,42.049712928023474,0.20731519274376417,100.9946311796644,13.581320974551597,45.15263452562172
no_dr,aptos_55f7f018c61c.png,2588,1958,3,1.3217568947906027,2588x1958,53.18642852293843,25.677363381348343,0.09502587569247868,58.229709281672754,21.465881327146118,12.925864323898395
no_dr,aptos_565f3404f9b2.png,1050,1050,3,1.0,1050x1050,80.6752126984127,43.723384454195255,0.20804081632653063,101.42974683181868,18.518359017956083,44.41176306420392
no_dr,aptos_568455854a11.png,819,614,3,1.3338762214983713,819x614,43.26968615893697,46.98636811234399,0.5245910441350181,90.94638323147905,17.624532982488848,33.22823575266572
no_dr,aptos_571bbdbf585e.png,1050,1050,3,1.0,1050x1050,93.71579682539682,50.49284032210549,0.20838639455782312,118.1441391274059,18.882594926290466,52.12660117912515
no_dr,aptos_5728b8aa98ef.png,1050,1050,3,1.0,1050x1050,81.22815419501134,44.51278191006544,0.20863401360544218,102.34547342578234,19.125810187717,47.131046025054175
no_dr,aptos_573ea80a53be.png,2048,1536,3,1.3333333333333333,2048x1536,49.65246772766113,53.73819654850944,0.5244439442952474,104.37734112315087,19.02352652928018,22.298831303914387
no_dr,aptos_57a5e4274275.png,2048,1536,3,1.3333333333333333,2048x1536,46.130431493123375,49.7454005075215,0.524900754292806,97.06824138376335,16.28998896456834,21.886790593465168
no_dr,aptos_57a710de68a4.png,1050,1050,3,1.0,1050x1050,83.76051156462584,45.12184458154663,0.20942494331065759,105.54390099230274,17.579291263257325,44.06593657773378
no_dr,aptos_57db4781e7ec.png,1050,1050,3,1.0,1050x1050,94.5029351473923,49.51170307612421,0.20796643990929706,118.98281412294996,14.590614630840832,53.19058522336349
no_dr,aptos_57f5ad4b5b29.png,819,614,3,1.3338762214983713,819x614,57.82214148500793,34.68686711750007,0.20282938198247644,72.5019357896575,21.13686947547242,27.34318462362121
no_dr,aptos_58059e73d2d4.png,819,614,3,1.3338762214983713,819x614,32.38466708825015,35.77465105909887,0.5249509809770396,68.11309578627463,16.193800244029724,26.1739190957432
no_dr,aptos_5814cbd2e9bf.png,1050,1050,3,1.0,1050x1050,81.37577142857143,44.029527037685384,0.20944943310657596,102.73544084205503,16.537035498603725,59.47532066112866
no_dr,aptos_586f5c56081e.png,1050,1050,3,1.0,1050x1050,82.74251428571428,44.61666153573649,0.2077278911564626,104.06002083619545,18.010001657185686,45.42962657681436
no_dr,aptos_5889a0c75cac.png,1050,1050,3,1.0,1050x1050,84.35676281179138,47.473682401406755,0.20874467120181406,106.33132460374685,23.119714442201506,55.74323815372484
no_dr,aptos_58a9e0d7f7af.png,1050,1050,3,1.0,1050x1050,84.42847528344672,46.702458158507255,0.20950022675736962,106.4538545034801,21.04854963814087,46.272575942393544
no_dr,aptos_58af2c054ced.png,1050,1050,3,1.0,1050x1050,87.45433106575963,47.686056905472704,0.20944036281179138,110.39641483629956,19.048345675177796,51.68192372954397
no_dr,aptos_58c12863f33d.png,1050,1050,3,1.0,1050x1050,86.54964081632653,45.611314964558495,0.20853333333333332,108.83688252929204,15.679625873167874,44.50030885260769
no_dr,aptos_58eb3809f456.png,2048,1536,3,1.3333333333333333,2048x1536,18.796268463134766,22.370790975193035,0.5270595550537109,39.70901271860309,15.10742927711647,31.13441785176595
no_dr,aptos_58f07741ee3b.png,2048,1536,3,1.3333333333333333,2048x1536,48.87937672932943,52.189869687129026,0.5241943995157877,102.70180824517038,14.077543729679203,21.589396158854168
no_dr,aptos_596f4fdb0004.png,1050,1050,3,1.0,1050x1050,84.90045442176871,47.11667856093384,0.20903310657596372,107.07500564767024,21.302082938123817,55.9204745939192
no_dr,aptos_598b8f5b3822.png,819,614,3,1.3338762214983713,819x614,36.94575294412428,41.63808661020019,0.5244757052574642,77.62844955567172,22.137461335629794,28.6188805765353
no_dr,aptos_59928f999ae7.png,2048,1536,3,1.3333333333333333,2048x1536,44.0725154876709,47.87053690227745,0.5252761840820312,92.80883408600249,17.47100599279206,21.831302007039387
no_dr,aptos_599498e9e4bc.png,2048,1536,3,1.3333333333333333,2048x1536,44.243597666422524,49.56422574944306,0.524592399597168,93.03339679024381,25.091192665497328,21.214033762613933
no_dr,aptos_5995321563b7.png,1050,1050,3,1.0,1050x1050,80.75592653061224,43.51576994650598,0.20891519274376416,101.84981844156708,16.230185943411875,54.53341375851911
no_dr,aptos_59bd19c1c5bb.png,1050,1050,3,1.0,1050x1050,81.57446167800454,46.44769231804374,0.20908480725623582,102.8312675461935,23.794004586844057,46.97494951299101
no_dr,aptos_5a0fe0ee4301.png,1050,1050,3,1.0,1050x1050,78.97448253968254,43.67443984526869,0.21012607709750566,99.77182730158147,18.86941723647784,51.86484668661803
no_dr,aptos_5a179c123fd8.png,819,614,3,1.3338762214983713,819x614,46.675716791351974,36.495334533337385,0.20312568358170965,58.53561705026689,31.28641416309505,15.601241400119399
no_dr,aptos_5a27b9b2a9c1.png,819,614,3,1.3338762214983713,819x614,49.99285296679434,37.5781959669698,0.20311971777769824,62.6981538415468,31.260577994055456,12.688853159422218
no_dr,aptos_5a444c32cd9a.png,1050,1050,3,1.0,1050x1050,81.59159092970522,44.134424080068996,0.20919637188208617,102.90638874774763,17.053733118181103,47.16986821802932
no_dr,aptos_5a93c0f783c4.png,819,614,3,1.3338762214983713,819x614,35.323274987770105,25.714212510861934,0.2031853416218237,44.29514513677622,20.822154554746852,9.806783282408928
no_dr,aptos_5ac7a414560e.png,1050,1050,3,1.0,1050x1050,86.89707573696145,47.74765563237069,0.20863673469387756,109.5226320892905,20.658086055694085,48.74622721300197
no_dr,aptos_5ad3dabeb2cd.png,1050,1050,3,1.0,1050x1050,75.65605079365079,40.6541564685885,0.2091437641723356,95.35465106277074,15.296507064755776,48.09731761943304
no_dr,aptos_5b1c4cefeb24.png,2048,1536,3,1.3333333333333333,2048x1536,63.993007024129234,70.13663350847116,0.5241931279500326,134.4605056659088,29.41849208714143,23.034892400105793
no_dr,aptos_5b2648ad455e.png,2048,1536,3,1.3333333333333333,2048x1536,40.1160249710083,43.593541662734204,0.5249773661295573,84.42093713946136,16.17014068642225,22.634360631306965
no_dr,aptos_5b32ece9c627.png,1050,1050,3,1.0,1050x1050,73.18988390022676,39.90813641119045,0.20929342403628118,92.16231528619312,17.14440477911441,39.240454073330355
no_dr,aptos_5b3d41626ec5.png,1050,1050,3,1.0,1050x1050,79.63045714285714,44.5604080543243,0.20736145124716554,100.11559085645234,21.928804240243373,50.76354823548131
no_dr,aptos_5b47043942f4.png,819,614,3,1.3338762214983713,819x614,42.60780008988478,47.38775670234063,0.5245095114801955,89.54294712012981,22.860445565664136,38.85965644923299
no_dr,aptos_5b994ff78547.png,1050,1050,3,1.0,1050x1050,83.08456145124717,44.3238670003972,0.2085904761904762,104.55547494696451,16.486229627331493,44.42577874413978
no_dr,aptos_5ba156a35ff2.png,1050,1050,3,1.0,1050x1050,82.30951383219954,46.51140319847952,0.20891428571428572,103.84251156881899,22.68851431751502,60.701040357072614
no_dr,aptos_5baed382f062.png,819,614,3,1.3338762214983713,819x614,38.68436720716851,42.100719205952764,0.5251100690840105,81.38900613887424,16.100699666115016,19.802070531712225
no_dr,aptos_5bea250d8bf5.png,1050,1050,3,1.0,1050x1050,87.16542857142858,45.67907123158809,0.20685260770975056,109.50240095146064,14.770044658056444,51.74024033761652
no_dr,aptos_5bf3357a2823.png,2048,1536,3,1.3333333333333333,2048x1536,33.4863494237264,36.30778709126771,0.524969736735026,70.4625735118944,13.060213040138148,22.409958521525066
no_dr,aptos_5bf6f2958e53.png,1050,1050,3,1.0,1050x1050,103.98444716553288,54.45532609367746,0.20686530612244897,130.7385259671718,16.672335217462578,44.38400820767067
no_dr,aptos_5c817060c0ed.png,1050,1050,3,1.0,1050x1050,72.53160181405896,40.362442343003,0.2096281179138322,91.3414139559437,19.312072903212215,43.391441240655084
no_dr,aptos_5c85d22bd0de.png,1050,1050,3,1.0,1050x1050,80.81665487528345,44.10055996871134,0.2090766439909297,101.7775005074582,18.895711506472477,42.373512520272115
no_dr,aptos_5ca73d28f17f.png,2048,1536,3,1.3333333333333333,2048x1536,54.33790683746338,58.89322860314321,0.5247271855672201,114.2990002534983,21.114225327033296,20.299232482910156
no_dr,aptos_5ca779ace6e7.png,1050,1050,3,1.0,1050x1050,73.55425578231292,39.424537423978315,0.20871201814058957,92.50099209647006,15.612332466761295,42.68347476771509
no_dr,aptos_5cbe88914a72.png,1050,1050,3,1.0,1050x1050,79.21817233560091,42.92892934818709,0.20851791383219956,99.6571098854126,18.011874484412896,46.090081095839686
no_dr,aptos_5ce5eeaf757a.png,2048,1536,3,1.3333333333333333,2048x1536,48.72970644632975,52.656640181336606,0.5245475769042969,102.4581798877273,18.11984524312092,22.498402913411457
no_dr,aptos_5d3c8c1f57da.png,819,614,3,1.3338762214983713,819x614,30.046795766665472,20.217212387101338,0.20324698826327492,37.67675585284281,15.048663083083937,7.595857958448137
no_dr,aptos_5d4e5fd34d91.png,2048,1536,3,1.3333333333333333,2048x1536,51.9103733698527,56.0267232404282,0.5247373580932617,109.19265213735756,18.748322361156923,20.655567169189453
no_dr,aptos_5d5b5da5f939.png,1050,1050,3,1.0,1050x1050,81.62494421768707,44.76133859630871,0.20919637188208617,102.93575352034327,19.029978666275635,55.44108381859413
no_dr,aptos_5d6239c0fd39.png,1050,1050,3,1.0,1050x1050,74.62119092970522,39.485556385831686,0.2072408163265306,93.73802111400579,14.23995725638516,42.001192564868354
no_dr,aptos_5d9c841eb245.png,2048,1536,3,1.3333333333333333,2048x1536,46.696725845336914,51.75637017999935,0.5249532063802084,98.26860920469389,23.92242419932084,21.173004150390625
no_dr,aptos_5db2e3a4594a.png,1050,1050,3,1.0,1050x1050,71.2198775510204,39.12530946472666,0.21073469387755103,89.98246999132348,16.3878387762974,40.12566237923008
no_dr,aptos_5db895d3f1fc.png,2048,1536,3,1.3333333333333333,2048x1536,42.9436461130778,48.573804137571024,0.5252304077148438,90.42229507142972,26.03130456476885,20.008978525797527
no_dr,aptos_5de4615a5161.png,1050,1050,3,1.0,1050x1050,72.87604897959184,38.80449871468875,0.20800272108843537,91.57768012670971,14.80693828588443,43.25985060106354
no_dr,aptos_5e505e25cd3e.png,2048,1536,3,1.3333333333333333,2048x1536,52.602582931518555,57.54888872910662,0.5247399012247721,110.64992418257985,23.39173563591298,20.48768933614095
no_dr,aptos_5e5275ddee29.png,1050,1050,3,1.0,1050x1050,78.41596825396826,42.090198921383376,0.2086548752834467,98.62937356296807,16.73281391511749,47.72623809089832
no_dr,aptos_5e97cb2b0888.png,819,614,3,1.3338762214983713,819x614,45.26989496207737,27.859536816645655,0.202910914637299,56.75697117723518,17.981337513364245,10.561994946395474
no_dr,aptos_5ea9e447bb62.png,1050,1050,3,1.0,1050x1050,78.98368526077097,43.25346959249013,0.20872108843537415,99.4995798873204,18.63635486986947,45.25916589903096
no_dr,aptos_5ead17e894ae.png,819,614,3,1.3338762214983713,819x614,42.14176142352038,25.183322292779543,0.2029506866640417,52.837987669937554,15.22692282535633,10.445380621179494
no_dr,aptos_5eb8fb1aad41.png,1050,1050,3,1.0,1050x1050,79.7856253968254,44.17392897285829,0.2092126984126984,100.65807146470179,19.615914523821175,53.032973587806744
no_dr,aptos_5f4a8c074bd5.png,1050,1050,3,1.0,1050x1050,75.89080272108843,41.13696081800445,0.2092498866213152,95.54187189292982,17.149004354366706,46.877842403935816
no_dr,aptos_5f51192841f7.png,1050,1050,3,1.0,1050x1050,89.79232290249433,46.460898122508944,0.2073578231292517,112.83101381412722,12.76743796982727,44.79791696544216
no_dr,aptos_5f6db235c04d.png,1050,1050,3,1.0,1050x1050,82.05970612244899,43.36101338634697,0.2081297052154195,103.14075692095524,15.442793267609483,40.53046413171469
no_dr,aptos_5fcff7280019.png,819,614,3,1.3338762214983713,819x614,47.23888471282608,33.044812668723274,0.20280551876643083,59.21981780174715,25.72678697585588,14.340641249486941
no_dr,aptos_606daaf0bfc7.png,819,614,3,1.3338762214983713,819x614,47.04056746727756,30.336513085213543,0.20309187735897832,58.99129356337557,21.248634445974904,11.197022431605735
no_dr,aptos_609be3ca5ddf.png,819,614,3,1.3338762214983713,819x614,43.367535287730725,26.67573265401321,0.20284330219183638,54.36693334131611,17.207814780150066,11.836671210999052
no_dr,aptos_60aa4e649abf.png,2588,1958,3,1.3217568947906027,2588x1958,58.77220865375355,25.834038120735038,0.0944624597221718,64.45502975395291,19.876264004032688,14.264613884948556
no_dr,aptos_60edda7b4871.png,2048,1536,3,1.3333333333333333,2048x1536,28.4736229578654,30.8685794767939,0.525904655456543,60.0312765065795,10.775179919290705,25.030101776123047
no_dr,aptos_6107a2e9f60e.png,1476,1117,3,1.3213965980304387,1476x1117,82.90582716480701,38.38265083626802,0.09286998420566121,90.75750980557349,30.983684575959302,89.73890619944684
no_dr,aptos_6110ecb3bb1c.png,1050,1050,3,1.0,1050x1050,78.18158911564626,43.40963784744283,0.20946031746031746,98.64719529125601,19.585057309822506,51.794545271220144
no_dr,aptos_6155cf375354.png,1050,1050,3,1.0,1050x1050,83.87884444444444,45.91236505665473,0.21017959183673468,105.85702654066425,19.238178413900588,38.675923372816044
no_dr,aptos_6180920bc224.png,1050,1050,3,1.0,1050x1050,85.2439746031746,44.45431648525015,0.20733061224489796,107.04513238084122,14.138214067518643,46.88978333460317
no_dr,aptos_61a62b1dcc36.png,2048,1536,3,1.3333333333333333,2048x1536,22.33137321472168,25.303926281141734,0.5263312657674154,47.115317580214665,13.587472612804914,27.58293088277181
no_dr,aptos_61c667663f2f.png,1050,1050,3,1.0,1050x1050,94.40435192743765,49.18613567462562,0.20766984126984128,118.91229863635948,12.670635462030875,67.0129060527817
no_dr,aptos_61d9c88a3a4b.png,2048,1536,3,1.3333333333333333,2048x1536,42.295922915140785,46.237731160072165,0.524873415629069,88.98943409658247,18.592193731517494,20.064903895060223
no_dr,aptos_61da799bf0aa.png,2588,1958,3,1.3217568947906027,2588x1958,51.67600759693912,21.628753655989467,0.025824777830578155,52.78684060300921,20.794644830063937,12.134201539771356
no_dr,aptos_628b581aa905.png,2048,1536,3,1.3333333333333333,2048x1536,43.07121976216634,46.89738302292926,0.5245084762573242,90.55271710099234,18.08461170882625,21.589542388916016
no_dr,aptos_6294b378d09f.png,819,614,3,1.3338762214983713,819x614,42.49086834265987,46.09510296456248,0.5242490047050308,89.24374370399475,17.21862796117375,34.20464696360462
no_dr,aptos_62b4be2799ca.png,1050,1050,3,1.0,1050x1050,79.72254965986394,43.00794847164412,0.20929977324263038,100.4035402473424,17.185601499935352,43.934629289437225
no_dr,aptos_62b826899151.png,1050,1050,3,1.0,1050x1050,89.15168616780045,47.10398299969706,0.20792290249433107,112.32102053786652,14.79642153777955,54.836795101901764
no_dr,aptos_6324d77cf926.png,1050,1050,3,1.0,1050x1050,76.58541315192744,41.49818396501143,0.20896780045351473,96.36787663983911,17.429095472108003,46.33400869660275
no_dr,aptos_633fe9dbaf39.png,2588,1958,3,1.3217568947906027,2588x1958,58.707915688500236,27.69985296684699,0.003868329194380286,58.89721045339047,27.58619751955755,4.213815467353777
no_dr,aptos_639915f58a2f.png,1050,1050,3,1.0,1050x1050,83.36066394557822,45.41870523265082,0.20795918367346938,104.95369807323428,19.02301060522412,51.962645270235335
no_dr,aptos_63b71347e95d.png,1050,1050,3,1.0,1050x1050,75.35584943310657,40.94491300376853,0.20950476190476192,94.93689423433285,17.03514827495239,37.80735109653202
no_dr,aptos_63c0eafd6aa9.png,1050,1050,3,1.0,1050x1050,77.31791383219955,43.45982412652197,0.20883265306122448,97.35207884786911,21.559093625676553,50.965612145802574
no_dr,aptos_63c7b0265775.png,1476,1117,3,1.3213965980304387,1476x1117,60.666546571463925,27.004834420970035,0.09502684552360295,66.5310665660426,21.065110877420622,43.75799514872224
no_dr,aptos_63e041a757eb.png,2588,1958,3,1.3217568947906027,2588x1958,86.07965359883677,33.022004370084154,0.04411892398798256,89.60328258742211,29.314711090745515,15.650276951208086
no_dr,aptos_64ac539f58cb.png,2048,1536,3,1.3333333333333333,2048x1536,35.34638690948486,39.08824029163647,0.5256913503011068,74.49470592729715,17.48780842667754,23.956404368082683
no_dr,aptos_64b9206afb3f.png,1050,1050,3,1.0,1050x1050,89.78977324263039,47.62046439505058,0.20813696145124716,113.09165560365119,15.951506797563612,48.41537040025832
no_dr,aptos_64c6c6ee0d98.png,2588,1958,3,1.3217568947906027,2588x1958,61.87934747944864,27.064128282509273,0.013951008267907353,62.615375024266456,26.532942002397032,13.281446501405341
no_dr,aptos_650104ede84c.png,1050,1050,3,1.0,1050x1050,84.74772970521542,47.21282575431638,0.20957913832199546,106.98995684150009,21.426837659514202,52.73259257690447
no_dr,aptos_6504b703c429.png,1050,1050,3,1.0,1050x1050,80.26116281179138,42.6767190206404,0.20892426303854875,101.21571246593233,14.146648554597096,41.821596135684196
no_dr,aptos_658ad9f09f5d.png,819,614,3,1.3338762214983713,819x614,34.107521685697584,38.143674433869975,0.5250225706251765,71.74223989951852,19.11197908028647,24.112165069819792
no_dr,aptos_65a3b13ad9a0.png,2416,1736,3,1.391705069124424,2416x1736,50.62105715163121,26.58552089617891,0.16743121890926846,60.404922192248435,16.64744287246669,10.491381381978652
no_dr,aptos_65a7fe9482fe.png,1050,1050,3,1.0,1050x1050,74.44616326530613,41.04164121227831,0.21005532879818595,93.9701290827797,17.810525415995855,49.67368375207531
no_dr,aptos_65cf00be6fb4.png,819,614,3,1.3338762214983713,819x614,42.98513520500491,46.89770409774427,0.5244796824601385,90.33000589654696,18.7412561156024,30.459565769012023
no_dr,aptos_65dda202653d.png,2588,1958,3,1.3217568947906027,2588x1958,51.4526381286775,22.527489542360755,0.02329147807196884,52.44577907206282,21.84578712231204,12.271840804669885
no_dr,aptos_65e6f1bd9875.png,2588,1958,3,1.3217568947906027,2588x1958,58.238684120786914,24.2381248838344,0.0949609496489652,63.80005878623007,17.98093147074022,13.59791023111544
no_dr,aptos_65f5d2a6eb7e.png,1050,1050,3,1.0,1050x1050,80.06889523809524,42.406912754461814,0.20852607709750567,100.74561769424707,14.879397733073564,41.63435063992145
no_dr,aptos_65f69234c8a7.png,1050,1050,3,1.0,1050x1050,82.74816780045352,45.69708314273631,0.20949569160997733,104.28457851757425,20.6697329655846,45.64494401183372
no_dr,aptos_66366a90d1ef.png,2588,1958,3,1.3217568947906027,2588x1958,64.97274724389932,25.469955157929338,0.09374136621761789,71.0380921231421,17.980655382612326,4.54296544952296
no_dr,aptos_66393d8c60ba.png,1050,1050,3,1.0,1050x1050,73.88482176870748,42.321644304131446,0.21021224489795917,93.25347376544805,21.97265685197706,49.531250792288404
no_dr,aptos_66460ecab347.png,2048,1536,3,1.3333333333333333,2048x1536,17.697354952494305,20.47652670875766,0.5274403889973959,37.42004340268435,12.232668660140519,31.764153162638348
no_dr,aptos_6653ad026901.png,1050,1050,3,1.0,1050x1050,69.19523174603175,38.42946666489281,0.21021315192743764,87.3347623860165,17.439643776936027,42.412981042379656
no_dr,aptos_668a319c2d23.png,1050,1050,3,1.0,1050x1050,80.02831746031747,43.5108926120715,0.20968707482993199,101.03351581508515,17.05527590269989,53.64614214942212
no_dr,aptos_66b88a4bc474.png,2048,1536,3,1.3333333333333333,2048x1536,42.50769011179606,47.77626066425493,0.5256611506144205,89.58687148198462,24.403218108895977,20.6553217569987
no_dr,aptos_66bfec8d6bcd.png,1050,1050,3,1.0,1050x1050,90.79664036281179,49.05428049036215,0.20796462585034015,114.30070806979693,19.526013951517744,43.67386725374716
no_dr,aptos_675de69373f8.png,819,614,3,1.3338762214983713,819x614,47.91171405503653,51.9158772657118,0.5240203155512602,100.59433725778554,19.128714099153125,56.50787287269372
no_dr,aptos_67d8f94f04e0.png,2048,1536,3,1.3333333333333333,2048x1536,46.578949292500816,51.11413506245322,0.5246562957763672,97.96095170072668,21.544554198320633,20.106252670288086
no_dr,aptos_67ed8cc78b97.png,819,614,3,1.3338762214983713,819x614,41.8942441922898,45.75909458204431,0.5244518420414186,88.03351217084767,18.541440512009796,26.707834691548047
no_dr,aptos_682312e82ee3.png,2588,1958,3,1.3217568947906027,2588x1958,81.31322809920226,42.60117345193877,0.05684561257820727,85.6334958413977,39.948558560085196,14.763926537448562
no_dr,aptos_683023cda6a5.png,819,614,3,1.3338762214983713,819x614,61.42016561071936,68.62872092991776,0.523123456348212,128.72008506911865,34.902959278829805,119.31376151897325
no_dr,aptos_684dd88a0d49.png,819,614,3,1.3338762214983713,819x614,40.775494863442745,25.575749425288357,0.20303818512287566,51.126790014098034,17.11514696864728,11.40018368675032
no_dr,aptos_6852f4531591.png,1050,1050,3,1.0,1050x1050,76.65085986394558,42.48536236161338,0.2095265306122449,96.7576675536462,18.801946160468205,54.269852945676746
no_dr,aptos_68987fb159ab.png,1050,1050,3,1.0,1050x1050,83.15485532879819,45.16203203231074,0.20799002267573696,104.7786188817796,18.072942021861934,63.26296878570886
no_dr,aptos_68ddb15a74de.png,1050,1050,3,1.0,1050x1050,83.89435827664398,45.64216334429078,0.20916009070294786,105.72263823530423,18.8574194410332,47.57908045581748
no_dr,aptos_691eeb59b4cb.png,1050,1050,3,1.0,1050x1050,73.22561179138322,38.92678710924377,0.2090312925170068,92.15621477381276,14.171678919293786,44.17006426702948
no_dr,aptos_692e946b1f85.png,1050,1050,3,1.0,1050x1050,105.0765306122449,56.23892666398506,0.20536326530612245,131.92767841549983,21.64535985172473,53.121449200323724
no_dr,aptos_6966abf40b8c.png,1050,1050,3,1.0,1050x1050,94.15092517006802,51.44261989609828,0.2093360544217687,118.8583950799982,20.744302525955696,54.19973681805092
no_dr,aptos_69b3a00927fc.png,1050,1050,3,1.0,1050x1050,81.4932843537415,42.4457347069101,0.20771156462585033,102.39001806529609,13.079822517129134,46.07789837488371
no_dr,aptos_69c4cbb630de.png,819,614,3,1.3338762214983713,819x614,53.25406370683243,57.21316996708602,0.5238612274442893,111.77792627613455,18.344787243919658,57.23780490230001
no_dr,aptos_69f43381317b.png,2048,1536,3,1.3333333333333333,2048x1536,54.145147959391274,58.132033203606056,0.5247116088867188,113.89096518826481,17.523262431831764,19.91105079650879
no_dr,aptos_6a2642131e4a.png,1050,1050,3,1.0,1050x1050,82.5180798185941,45.65053746261732,0.20936689342403628,103.98838555283919,20.8179396722874,43.328384994103494
no_dr,aptos_6a2c3f4ef329.png,2588,1958,3,1.3217568947906027,2588x1958,59.31826549186707,33.073629137879585,0.051961753232093434,62.042837236818166,31.795320092254137,13.053012014783793
no_dr,aptos_6a57a3db3eff.png,1050,1050,3,1.0,1050x1050,76.33538049886621,42.14657599639976,0.20928253968253968,96.19043413025973,19.036631795795785,46.06372198949696
no_dr,aptos_6a905a7202d2.png,1050,1050,3,1.0,1050x1050,92.40823038548753,48.87199661067951,0.2077904761904762,116.2080440937886,16.98022978944257,47.04906038998236
no_dr,aptos_6af071b0ac6e.png,2588,1958,3,1.3217568947906027,2588x1958,50.58786585529504,25.392991702706002,0.09447489236880204,55.242954287947164,21.967291755051185,13.196490480759426
no_dr,aptos_6b30767595d8.png,2048,1536,3,1.3333333333333333,2048x1536,46.73610242207845,51.204239736001014,0.5251248677571615,98.38901935162549,20.984446551803394,20.85907745361328
no_dr,aptos_6b3860e8f64f.png,1050,1050,3,1.0,1050x1050,88.1074231292517,46.38812014086446,0.20839092970521542,110.90461060396517,14.962414463908818,44.662865154034385
no_dr,aptos_6b664ed2a938.png,2048,1536,3,1.3333333333333333,2048x1536,46.033196767171226,51.40696156892388,0.5248403549194336,96.849562761796,25.32549701860861,19.952962239583332
no_dr,aptos_6b66b0e86f7e.png,1050,1050,3,1.0,1050x1050,85.8153006802721,45.95726636248903,0.20743038548752835,107.92250357057843,17.557741544507405,40.972405975873016
no_dr,aptos_6b91e99c9408.png,2048,1536,3,1.3333333333333333,2048x1536,43.921770095825195,48.27101609294241,0.5250813166300455,92.45336938951047,20.507791295136233,21.82998212178548
no_dr,aptos_6bb30ec3231a.png,1050,1050,3,1.0,1050x1050,84.23546394557823,45.5007427792671,0.20830204081632653,106.11858779373705,17.764857563489638,52.57027287541714
no_dr,aptos_6bcce181be65.png,2588,1958,3,1.3217568947906027,2588x1958,74.64838561096788,32.648715120702754,0.011535719980486666,75.40429867220992,32.075591893241004,15.930680495138155
no_dr,aptos_6bf26b777e3a.png,2588,1958,3,1.3217568947906027,2588x1958,35.500368835183366,14.096153158050292,0.09519282837579904,38.65681919452258,10.715945671013634,11.85984401137547
no_dr,aptos_6bf2a81a5d91.png,819,614,3,1.3338762214983713,819x614,46.30565597992308,50.54772646196867,0.5245194544868812,97.32598085343973,20.266520993643265,34.9761009891303
no_dr,aptos_6c00dd8bf708.png,1050,1050,3,1.0,1050x1050,72.64315102040817,40.27922782783543,0.20974603174603174,91.70402350632133,17.89974436922558,43.94192171666663
no_dr,aptos_6c30dd481717.png,819,614,3,1.3338762214983713,819x614,42.662253960299566,45.820698955846154,0.5245075228788584,89.65936873977977,14.292850882310308,39.641156888713894
no_dr,aptos_6c3589d7ed8d.png,1050,1050,3,1.0,1050x1050,87.20120272108844,50.274091838727344,0.2066140589569161,109.64958477571945,27.31292733615022,61.586804649160776
no_dr,aptos_6c4ec95dd8ba.png,2588,1958,3,1.3217568947906027,2588x1958,39.06309015602774,16.472970344319492,0.09529090814365983,42.718521536782276,12.63458015848563,11.745955244844366
no_dr,aptos_6c6505a0c637.png,2048,1536,3,1.3333333333333333,2048x1536,22.17112096150716,24.61732944094612,0.5269339879353842,46.833495168791586,11.251754183121587,30.173969268798828
no_dr,aptos_6c9c902a97de.png,1050,1050,3,1.0,1050x1050,72.2219746031746,40.05561781646572,0.21024036281179137,91.21833331419187,17.739258010381423,45.12540390739332
no_dr,aptos_6cb96a6fb029.png,2048,1536,3,1.3333333333333333,2048x1536,17.84114424387614,21.49945220011431,0.5285237630208334,37.8000028318374,15.04779210248215,34.033151626586914
no_dr,aptos_6ccfdb031184.png,819,614,3,1.3338762214983713,819x614,68.85922492274284,57.36394619989109,0.20297653848142447,86.35958692202517,51.1826070116072,26.026142865203923
no_dr,aptos_6cee2e148520.png,2588,1958,3,1.3217568947906027,2588x1958,76.56665635217465,34.4056608406575,0.003075205276809917,76.77231303945725,34.25853520610451,14.953285612745463
no_dr,aptos_6cffc6c6851a.png,819,614,3,1.3338762214983713,819x614,44.71292749957245,48.45348868840167,0.5247819498633831,94.02116156353699,17.526674032431828,23.832444428535634
no_dr,aptos_6d10709053ae.png,1050,1050,3,1.0,1050x1050,49.57601904761905,27.900056872439368,0.21160181405895692,62.6549978198569,13.362297101001161,40.81707250156549
no_dr,aptos_6d4f6c9a8406.png,1050,1050,3,1.0,1050x1050,72.31088888888888,38.023697972569636,0.20845895691609978,90.90836440641064,12.91875651497791,43.08706379870527
no_dr,aptos_6d5a8362dd1e.png,2588,1958,3,1.3217568947906027,2588x1958,41.04238368173688,17.805749358218375,0.09483662318266281,44.81536791506295,14.142779114999865,12.06251884630794
no_dr,aptos_6d6be4cfc73f.png,1050,1050,3,1.0,1050x1050,73.57984126984127,42.36936837911976,0.2106185941043084,92.82756611853709,22.68705538470747,43.69499088790044
no_dr,aptos_6d6fcf49e515.png,1050,1050,3,1.0,1050x1050,77.58170884353741,41.95247608594735,0.20953378684807256,97.80630048113058,16.552310477361786,42.80292207234312
no_dr,aptos_6d9effbcde78.png,2588,1958,3,1.3217568947906027,2588x1958,45.74410732018446,18.914427659400324,0.09437345775978706,49.89275966777691,14.581175639101069,4.010473413165068
no_dr,aptos_6dc0281f11e3.png,1050,1050,3,1.0,1050x1050,78.00606167800454,42.02266118479383,0.20893696145124716,98.25502696219789,16.41241316187152,41.58032559451751
no_dr,aptos_6dc07f968794.png,1050,1050,3,1.0,1050x1050,65.37367346938775,34.3423017527979,0.20843537414965987,82.1591738283488,11.735183310623697,46.8809351538678
no_dr,aptos_6de39b94f634.png,2048,1536,3,1.3333333333333333,2048x1536,46.28631178538004,50.22071501162253,0.5247408548990885,97.36131303861579,18.31412088771287,22.56425412495931
no_dr,aptos_6df8b7b6e837.png,2588,1958,3,1.3217568947906027,2588x1958,48.39487822321298,21.148093583194235,0.09537122698776312,52.884738294631205,16.820452198033742,13.117499956508993
no_dr,aptos_6e018411ba4a.png,2588,1958,3,1.3217568947906027,2588x1958,83.69108642386563,34.87704187841475,0.093811225851064,91.74923724949008,25.49657953929523,16.383537675967816
no_dr,aptos_6e092caa065f.png,1050,1050,3,1.0,1050x1050,77.41074739229025,41.44694056314143,0.20809160997732426,97.37655355357305,15.91030482208034,45.59600280766637
no_dr,aptos_6e0f78e188ff.png,2588,1958,3,1.3217568947906027,2588x1958,71.0465413166449,31.357627347047085,0.027103169653922482,72.75319069267037,30.053670514227907,14.191007287163787
no_dr,aptos_6e1db8711879.png,2048,1536,3,1.3333333333333333,2048x1536,33.85136191050211,36.728308322540876,0.5253190994262695,71.2849532251508,13.201070255532827,22.772768020629883
no_dr,aptos_6e3526053de0.png,819,614,3,1.3338762214983713,819x614,39.80957750175991,26.45660681772514,0.20297852708276162,49.910922042440646,19.375350538313853,11.677104539547056
no_dr,aptos_6e44f6d04fc9.png,1050,1050,3,1.0,1050x1050,80.98009705215419,43.42597745249802,0.20785850340136056,101.85405617082085,16.84763915473185,49.41882863827643
no_dr,aptos_6e861bc3bd7b.png,819,614,3,1.3338762214983713,819x614,48.32528148651927,52.21286090039901,0.524398149805316,101.53585823953438,18.237503775472376,29.56701387646013
no_dr,aptos_6f0e5848d9ce.png,1050,1050,3,1.0,1050x1050,74.54129795918368,40.73791495507263,0.20875192743764173,93.8507710772384,17.630811963771485,42.98328350621315
no_dr,aptos_6f3b62e5b7f5.png,819,614,3,1.3338762214983713,819x614,40.23593362844177,24.066221663419984,0.20282938198247644,50.438506248908624,14.602968789833199,13.336302533052253
no_dr,aptos_6f460f9968c7.png,1050,1050,3,1.0,1050x1050,72.9956,39.64097144842308,0.20997732426303856,92.14343972445465,15.57348246729391,40.817258871107406
no_dr,aptos_6f689fced922.png,1050,1050,3,1.0,1050x1050,83.01635736961451,45.346587868357545,0.20890793650793651,104.6448263487197,18.961255866277973,47.27829591947802
no_dr,aptos_6fbaaf8eb67a.png,819,614,3,1.3338762214983713,819x614,49.06255543226227,28.96906634638716,0.2027538151316653,61.502778692368324,17.00721076826585,12.115143760150513
no_dr,aptos_6fe4751a3b42.png,1050,1050,3,1.0,1050x1050,79.6310820861678,42.89773226360226,0.20939591836734694,100.49548151131027,15.753749418890452,50.40563042388636
no_dr,aptos_6fe67fd7f5d1.png,1050,1050,3,1.0,1050x1050,76.82960907029478,43.843683856361885,0.21092426303854875,97.17419386727605,21.75583054095599,66.55854301604703
no_dr,aptos_705f508d1e42.png,1050,1050,3,1.0,1050x1050,77.96895691609977,43.62058685733365,0.21013786848072563,98.44383646274846,20.335338952409227,51.20907649287613
no_dr,aptos_70d0392397de.png,2588,1958,3,1.3217568947906027,2588x1958,37.668004722037594,15.385118008303023,0.09501146960987539,41.14969039559061,11.570991757273653,3.255522449944738
no_dr,aptos_7131bf4c9e6f.png,819,614,3,1.3338762214983713,819x614,44.96663524676554,26.424272182015137,0.20287511981323056,56.37347416844831,15.312920804075052,12.640665491026262
no_dr,aptos_7179f85bfd6f.png,819,614,3,1.3338762214983713,819x614,47.108649222655735,32.41885620278436,0.20277171254369952,59.05314555536432,24.790935583036717,12.10309849443778
no_dr,aptos_71c22da3d6c6.png,2048,1536,3,1.3333333333333333,2048x1536,41.67250124613444,45.613143598200885,0.5247952143351237,87.66318229405331,18.647080122037032,23.965553283691406
no_dr,aptos_71e43b4f8ba6.png,1050,1050,3,1.0,1050x1050,76.43190657596372,41.70169813366335,0.20985396825396826,96.39281811336002,17.370574582466567,44.401902823844814
no_dr,aptos_720b5f62ce80.png,2048,1536,3,1.3333333333333333,2048x1536,19.810049057006836,23.618022391890236,0.5267581939697266,41.82854187238445,16.068398078212383,33.266971588134766
no_dr,aptos_721214151233.png,1050,1050,3,1.0,1050x1050,70.36397641723356,37.721869368453774,0.20897142857142856,88.53535280566993,14.771705965973062,43.05224365524652
no_dr,aptos_7214fc7cbe03.png,2048,1536,3,1.3333333333333333,2048x1536,18.52900981903076,22.26073098920165,0.5268084208170573,39.12477662556129,15.552350523248613,29.67606480916341
no_dr,aptos_72606afaf3da.png,2048,1536,3,1.3333333333333333,2048x1536,20.572777430216473,24.679068024229093,0.5260308583577474,43.37510747978843,17.21787581279049,28.14806365966797
no_dr,aptos_7269a1d84a57.png,2048,1536,3,1.3333333333333333,2048x1536,17.170658747355144,21.121392361735335,0.5310335159301758,36.493021140274706,15.724090248669341,29.876078287760418
no_dr,aptos_726dff37edc0.png,819,614,3,1.3338762214983713,819x614,40.952440610421064,24.922132876264186,0.20292483484665896,51.341929834190736,15.722877979337083,11.855924285351058
no_dr,aptos_72a867980067.png,819,614,3,1.3338762214983713,819x614,38.58978336177033,22.672143440892636,0.20305011673089848,48.38763446360531,13.11913801651854,13.927835810470667
no_dr,aptos_72c31aa48e2c.png,1050,1050,3,1.0,1050x1050,77.43905034013605,41.87369154814417,0.20853333333333332,97.44433710141739,17.196284694833533,47.41692029799436
no_dr,aptos_7347bd23ba80.png,1050,1050,3,1.0,1050x1050,96.21142040816326,50.93331526521068,0.20745668934240363,121.11783414341613,16.808744886477502,57.87094497567497
no_dr,aptos_735836b1ffa6.png,2416,1736,3,1.391705069124424,2416x1736,75.01580453466903,37.196271061940394,0.1671234111301004,89.65734501955353,19.452305224366015,10.348057161744922
no_dr,aptos_737ef6226677.png,1050,1050,3,1.0,1050x1050,89.02064308390023,46.81394607007834,0.20678820861678004,111.76221361301566,16.159277139399546,55.28906634141866
no_dr,aptos_73a07e2ea23e.png,819,614,3,1.3338762214983713,819x614,37.186668018915576,40.65285663123072,0.5244538306427557,78.12653469155627,16.710644113887145,27.171123122263186
no_dr,aptos_73ba798fee25.png,1050,1050,3,1.0,1050x1050,90.12011247165533,47.373624436689774,0.20781950113378686,113.29508953157793,15.751851370636388,42.7884876894471
no_dr,aptos_73d40ce06a67.png,1050,1050,3,1.0,1050x1050,76.80681814058957,42.857125466113274,0.21031292517006803,97.03211467557975,19.50461934861303,48.13832038812141
no_dr,aptos_73ef3c3dcbe4.png,2588,1958,3,1.3217568947906027,2588x1958,63.833719074284865,23.546686530036176,0.01141731382210343,64.45685523497694,22.9529709483282,13.740232475075912
no_dr,aptos_74211a2b6dcf.png,2588,1958,3,1.3217568947906027,2588x1958,48.493557520922366,25.9940164444236,0.09434523762537239,53.062854798236216,22.905987841004166,13.177891833475174
no_dr,aptos_7435e9a3e36e.png,2588,1958,3,1.3217568947906027,2588x1958,61.620760664842685,27.985935880357395,0.04927709093435089,64.40144017708396,25.82009955944574,37.012490557853106
no_dr,aptos_74898f372d2b.png,2588,1958,3,1.3217568947906027,2588x1958,47.061908857254274,18.613457485680314,0.01733229346413793,47.71822838387011,18.10294029518254,12.828857316374208
no_dr,aptos_750e0168399d.png,2048,1536,3,1.3333333333333333,2048x1536,49.545166969299316,54.55713358453273,0.5246273676554362,104.19545497404361,23.840346899175135,21.722773869832356
no_dr,aptos_75238d945315.png,1050,1050,3,1.0,1050x1050,74.04572063492064,40.33437988589889,0.20811791383219955,93.28116488173644,16.616761688122196,51.80958421365586
no_dr,aptos_7526c59c36d3.png,1050,1050,3,1.0,1050x1050,67.10087800453515,39.2784562940503,0.21004716553287983,84.77065021821677,21.59170504053184,69.33837936256103
no_dr,aptos_7526cf435753.png,819,614,3,1.3338762214983713,819x614,38.6862623442428,24.123153557562684,0.2029228462453218,48.49890101116952,15.983327260803454,12.586896199633157
no_dr,aptos_75369248dba0.png,1050,1050,3,1.0,1050x1050,82.56430657596371,44.39529034481408,0.20915374149659863,104.2034331603793,15.90413474242536,61.576940976008146
no_dr,aptos_7569ac24762e.png,2048,1536,3,1.3333333333333333,2048x1536,25.844719886779785,29.582626875980836,0.5262470245361328,54.524789001931154,16.8546593445792,27.101935068766277
no_dr,aptos_757e39293591.png,1050,1050,3,1.0,1050x1050,67.6937560090703,37.351555946504064,0.20979591836734693,85.47987488521579,16.039574105811685,70.02585981610545
no_dr,aptos_75a071608ea6.png,1050,1050,3,1.0,1050x1050,82.76949931972788,44.718100111695925,0.20866666666666667,104.32868318346715,17.294554919543923,50.528825755835484
no_dr,aptos_75a4343b12f9.png,2416,1736,3,1.391705069124424,2416x1736,54.59423328920865,25.382899578770637,0.16707071901608325,65.15097760037922,10.315310708281219,11.634852942971218
no_dr,aptos_75c180e04f65.png,1050,1050,3,1.0,1050x1050,87.88585850340137,47.14989443694334,0.20881541950113378,110.80469940305933,17.141381095950916,48.67001503717072
no_dr,aptos_75ed83dbccce.png,1050,1050,3,1.0,1050x1050,83.48877006802721,46.66274189484437,0.20900861678004534,105.15787186320333,22.487457395018748,48.23428830286638
no_dr,aptos_76095c338728.png,1050,1050,3,1.0,1050x1050,76.68052607709751,42.84089894162903,0.21035827664399093,96.7540432814905,20.206226717283347,44.193806459834335
no_dr,aptos_7635921c5efb.png,2048,1536,3,1.3333333333333333,2048x1536,44.36167176564535,49.903953808155684,0.5251363118489584,93.39045061159787,25.823272194272878,21.5113042195638
no_dr,aptos_763ad1236efe.png,1050,1050,3,1.0,1050x1050,80.75498775510204,43.64872498232471,0.20965079365079364,101.94343325376423,16.391421809702177,44.11402863205678
no_dr,aptos_76516f828d88.png,1050,1050,3,1.0,1050x1050,76.1337179138322,42.199534411573005,0.2086875283446712,96.02945363596974,18.79410918515705,59.817409862771974
no_dr,aptos_767d777ee889.png,2048,1536,3,1.3333333333333333,2048x1536,53.33607451121012,56.359452339806296,0.5237741470336914,111.96497309550844,10.35080188590648,22.487947463989258
no_dr,aptos_76b950c6ed5e.png,2048,1536,3,1.3333333333333333,2048x1536,32.059414863586426,35.16395776049526,0.5252440770467123,67.49597007739781,14.614679223049592,24.872446060180664
no_dr,aptos_76bc31e0d3be.png,2048,1536,3,1.3333333333333333,2048x1536,51.48531627655029,55.61159101090199,0.5249080657958984,108.33840991361717,18.753204342952422,21.22961934407552
no_dr,aptos_76cab26493f1.png,819,614,3,1.3338762214983713,819x614,36.87884844073769,24.742903249574606,0.20327284008065766,46.25146575414267,18.334004490663414,9.422407418178219
no_dr,aptos_76cb010f7aa0.png,2048,1536,3,1.3333333333333333,2048x1536,44.04087988535563,47.914005004275744,0.5248559315999349,92.65790935013254,18.11689543126734,21.53527768452962
no_dr,aptos_76df141d966b.png,2048,1536,3,1.3333333333333333,2048x1536,47.34266662597656,51.26720453335229,0.5244127909342448,99.51507618637656,18.32710207346255,20.96021906534831
no_dr,aptos_76e5b50f95a7.png,1050,1050,3,1.0,1050x1050,73.135810430839,39.942499350855456,0.2099936507936508,92.37276889763508,16.024440945984377,45.70794622403301
no_dr,aptos_76f3473df8a6.png,2048,1536,3,1.3333333333333333,2048x1536,40.12104797363281,43.28829277704405,0.5248680114746094,84.41001220364022,14.375059308635393,19.650890350341797
no_dr,aptos_77a1f1398fdb.png,2588,1958,3,1.3217568947906027,2588x1958,69.47692520519787,30.65405594414786,0.017922745507275663,70.56559430312646,29.84440905026903,14.382299539606457
no_dr,aptos_77ab222bf85c.png,819,614,3,1.3338762214983713,819x614,60.04460432799195,64.9086664578531,0.5234436211634909,125.92516399325666,23.428510101790245,107.73122064327276
no_dr,aptos_77acc2cafee1.png,1050,1050,3,1.0,1050x1050,86.05900861678005,47.14175327304464,0.2085814058956916,108.53877706326021,19.618289242900975,57.99829333269078
no_dr,aptos_77b7b71ebcc3.png,1050,1050,3,1.0,1050x1050,78.28613605442177,42.48898736433707,0.20895419501133786,98.69622119688853,16.973178426469453,50.49080559918469
no_dr,aptos_77e15f213b04.png,2048,1536,3,1.3333333333333333,2048x1536,65.82957140604655,72.07330768260181,0.5244681040445963,138.40014733664285,29.698306968974105,21.693244298299152
no_dr,aptos_780be525036d.png,1050,1050,3,1.0,1050x1050,78.7001433106576,42.50695684587314,0.20884263038548753,99.29015959855592,15.918207875725964,53.04593805589317
no_dr,aptos_780f9c237c56.png,1050,1050,3,1.0,1050x1050,97.91286077097506,50.9069099769251,0.2029859410430839,122.24301360634021,18.281745256083862,41.55439265620477
no_dr,aptos_780f9daaa24b.png,1050,1050,3,1.0,1050x1050,81.93398458049887,44.53973066260357,0.2085814058956916,103.20466363108125,18.358300535051015,48.36065668830252
no_dr,aptos_7828dd083cdc.png,1050,1050,3,1.0,1050x1050,80.03634739229025,43.68869497291302,0.20886167800453515,100.79790192953693,18.66405283765088,48.52146411955924
no_dr,aptos_7831ce1d895e.png,1050,1050,3,1.0,1050x1050,92.37350294784581,49.17008600900535,0.20764263038548753,116.16369305863041,18.01951693294008,47.81943765575125
no_dr,aptos_784d6d302f98.png,1050,1050,3,1.0,1050x1050,78.65897233560091,43.58271856223488,0.20869659863945578,99.0484060283444,20.19772040896199,44.78469445063237
no_dr,aptos_78937523f7a8.png,819,614,3,1.3338762214983713,819x614,44.83671395560646,48.00844798305401,0.5243186057518305,94.19118409391147,14.118637529560493,42.643360258995436
no_dr,aptos_789c60cba801.png,819,614,3,1.3338762214983713,819x614,42.87904332366873,45.750532826546355,0.524193323867591,90.04655468576945,12.438192838537207,35.97072381111469
no_dr,aptos_789f0ec1eab8.png,1050,1050,3,1.0,1050x1050,81.21675283446712,43.41933843555819,0.20844897959183672,102.10164606931481,16.9876817308723,43.62711874130139
no_dr,aptos_799214e8b07c.png,1050,1050,3,1.0,1050x1050,85.30234376417233,45.532024966448816,0.20896145124716553,107.56554143925148,15.759433045403286,39.51349939484392
no_dr,aptos_79ade634c633.png,2048,1536,3,1.3333333333333333,2048x1536,20.718282381693523,23.353105425363466,0.5274079640706381,43.807443735764934,11.959962340044328,30.245572408040363
no_dr,aptos_79cbae28d8b2.png,1050,1050,3,1.0,1050x1050,83.2806866213152,44.9647313195538,0.20912108843537414,104.97398456781629,17.48091831525886,41.7361056525674
no_dr,aptos_7a06ea127e02.png,1050,1050,3,1.0,1050x1050,70.83563628117913,38.00712388751073,0.20902222222222222,89.21460392888964,14.484180028013158,49.33462363318246
no_dr,aptos_7a12f49e29df.png,2588,1958,3,1.3217568947906027,2588x1958,49.36464123723384,22.828928143576615,0.09588136018679756,54.12544625668239,18.437623130833465,12.677996227836049
no_dr,aptos_7a39c91416e2.png,1050,1050,3,1.0,1050x1050,86.5443328798186,47.35967708167544,0.2080063492063492,109.07154023314968,19.795714779503758,61.0230693049616
no_dr,aptos_7a42443ed106.png,1050,1050,3,1.0,1050x1050,72.72983401360544,42.748503710930855,0.2104299319727891,91.92376918579072,23.734636133772558,61.57921139615697
no_dr,aptos_7a46cfa69bae.png,1050,1050,3,1.0,1050x1050,72.61523628117914,38.84127949370802,0.20819501133786847,91.3501320213296,14.798136262584503,42.85256823754215
no_dr,aptos_7a6495a39d87.png,1476,1117,3,1.3213965980304387,1476x1117,72.71532220693737,33.16071942405586,0.09199474492506787,79.3407640908177,27.085542840011552,71.55335283500186
no_dr,aptos_7a77c3eb468c.png,1050,1050,3,1.0,1050x1050,83.61948027210885,44.597866845687406,0.20789478458049887,105.07357528260751,17.214183742720742,46.44509930111755
no_dr,aptos_7a9f45fdf29b.png,1050,1050,3,1.0,1050x1050,82.04954467120182,44.1005051129944,0.20791383219954648,103.33329707136927,16.615791399681978,54.21326976884241
no_dr,aptos_7aabd768abff.png,2588,1958,3,1.3217568947906027,2588x1958,81.72867169603403,43.06137604851582,0.09225418486832446,89.34187525435756,37.60722501118408,15.34545055907646
no_dr,aptos_7ad0c4975890.png,2416,1736,3,1.391705069124424,2416x1736,58.201711611529895,29.37714440362734,0.16730437635425885,69.49442085720372,16.556572085227934,10.975800470021346
no_dr,aptos_7adfb8fc0621.png,1050,1050,3,1.0,1050x1050,81.11719274376418,45.37316568494542,0.2089015873015873,102.31887120407804,21.21646275319736,55.05423831993869
no_dr,aptos_7af4d8704032.png,1050,1050,3,1.0,1050x1050,83.1467410430839,44.69467051825317,0.20797551020408164,104.7333450144124,16.76665839011539,51.867799012367094
no_dr,aptos_7b691d9ced34.png,2416,1736,3,1.391705069124424,2416x1736,60.79325021172216,29.88890713379615,0.16708073290200506,72.60196426986812,15.423200590006482,12.900692758857344
no_dr,aptos_7b87b0015282.png,1050,1050,3,1.0,1050x1050,84.66195555555555,45.645480073317756,0.2085578231292517,106.66918796880462,17.60004753654598,50.584370060948686
no_dr,aptos_7b9d519cbd66.png,2588,1958,3,1.3217568947906027,2588x1958,61.19382989455537,31.696502734381642,0.0932730698612122,66.90681837027803,27.531754963185552,14.079187266793358
no_dr,aptos_7ba6b23c4b46.png,819,614,3,1.3338762214983713,819x614,46.52286891537706,32.34501889314655,0.20288705142125338,58.32634635678486,25.01361863238505,12.893418423023984
no_dr,aptos_7bc00e58d419.png,1050,1050,3,1.0,1050x1050,71.41470929705216,40.014171671625114,0.20910204081632652,90.11680514699557,18.743781474083193,67.85102212005161
no_dr,aptos_7be1b9aa78aa.png,1050,1050,3,1.0,1050x1050,83.06635192743764,44.06315456439188,0.2079219954648526,104.5084979834323,15.475368148974638,45.13011728395062
no_dr,aptos_7c2e852171c0.png,1050,1050,3,1.0,1050x1050,82.70526530612246,46.27734345661242,0.20958458049886622,104.25895507744141,22.190599488985082,46.68050417418669
no_dr,aptos_7c3747c0b2c3.png,2048,1536,3,1.3333333333333333,2048x1536,48.67011833190918,52.83737882892557,0.5253740946451823,102.51456152665293,19.067884838775466,20.578860600789387
no_dr,aptos_7c6594b50690.png,1050,1050,3,1.0,1050x1050,88.66025941043084,46.63574985016218,0.20766349206349205,111.53463163570301,14.991306404727382,44.31432192992099
no_dr,aptos_7ccf9d25dc48.png,1050,1050,3,1.0,1050x1050,77.98895782312925,43.36048254256745,0.20909750566893423,98.20948885856164,20.52591488212978,48.69191565158223
no_dr,aptos_7ce671f952be.png,1050,1050,3,1.0,1050x1050,81.15941678004535,43.02482081068292,0.20853242630385488,102.10969031381183,15.282098917286286,43.831290140248946
no_dr,aptos_7d0a871c45db.png,1050,1050,3,1.0,1050x1050,83.23398820861678,44.51347134974305,0.20808888888888888,104.85388199504743,15.980005000588765,50.75189985377367
no_dr,aptos_7d11dbc1e738.png,2048,1536,3,1.3333333333333333,2048x1536,51.70345560709635,56.102234540433294,0.5244785944620768,108.6992835564267,20.616622103209814,22.885108311971027
no_dr,aptos_7d48f8cdfb69.png,2048,1536,3,1.3333333333333333,2048x1536,48.762983322143555,53.610171661298985,0.5240786870320638,102.43044073316817,23.304232753737644,22.306052525838215
no_dr,aptos_7d94a000c2d0.png,1050,1050,3,1.0,1050x1050,88.68039092970521,46.6967451625094,0.20753650793650794,111.5575907271564,15.141939499190393,45.77010350340114
no_dr,aptos_7da558d92100.png,819,614,3,1.3338762214983713,819x614,37.795772631277515,41.82519714759884,0.5251558069147646,79.52842539041724,19.169972780137456,19.32929647261895
no_dr,aptos_7ddcfcea7369.png,2048,1536,3,1.3333333333333333,2048x1536,46.518418312072754,50.65778293713742,0.5249484380086263,97.89033734992971,19.353185031568433,18.9129638671875
no_dr,aptos_7e5a76c4e103.png,2048,1536,3,1.3333333333333333,2048x1536,48.789873123168945,52.28048366727329,0.5251108805338541,102.70878361733803,14.798685842149501,19.203819274902344
no_dr,aptos_7e70344b0c25.png,2048,1536,3,1.3333333333333333,2048x1536,51.856411616007485,56.70272942376497,0.5243552525838217,108.99110910015646,23.109576770917414,21.166146596272785
no_dr,aptos_7e77b61e1639.png,1050,1050,3,1.0,1050x1050,69.83002448979592,37.85237733322939,0.2103700680272109,88.08960826679623,15.141515515225084,39.01503365719015
no_dr,aptos_7e9081e95bf6.png,1050,1050,3,1.0,1050x1050,86.11775238095238,46.11957912175381,0.20836643990929704,108.490423659679,16.85548792296849,48.99037557534896
no_dr,aptos_7e980424868e.png,1050,1050,3,1.0,1050x1050,84.20325351473923,45.30951835977889,0.20876734693877552,106.04071605600608,17.602842783549743,48.874017419819936
no_dr,aptos_7ec0e61a7e29.png,1050,1050,3,1.0,1050x1050,89.81606984126984,47.13814732693184,0.20709750566893423,112.9636388594961,14.648769428279824,52.66253788940698
no_dr,aptos_7ed4128b2a4e.png,1050,1050,3,1.0,1050x1050,80.04135056689343,44.356526385502285,0.20860226757369615,100.7211959436847,20.870008970252357,47.43405979324583
no_dr,aptos_7ee6de71c140.png,1050,1050,3,1.0,1050x1050,84.1106149659864,44.44847533711537,0.20807528344671203,105.82141846782201,15.129310432746498,47.34275015644221
no_dr,aptos_7eeb191ad06b.png,1050,1050,3,1.0,1050x1050,74.19285714285714,41.45445123519168,0.20936145124716554,93.66067439963565,19.049206629908785,64.38373532246011
no_dr,aptos_7eee3d1f1268.png,2588,1958,3,1.3217568947906027,2588x1958,28.0100260414611,13.555726756675725,0.09679999463225415,30.117829334059316,12.54904831918863,10.236552217882796
no_dr,aptos_7f0ffeb0a333.png,2588,1958,3,1.3217568947906027,2588x1958,81.48672706433243,30.338434594774437,0.047806289103633805,85.08839360380348,26.36807996340082,16.733627385917202
no_dr,aptos_7f1f3269f546.png,1050,1050,3,1.0,1050x1050,82.85275464852607,44.35708506485137,0.20893242630385486,104.41899118502279,16.143128713827714,46.44057452408084
no_dr,aptos_7f2123bc89a3.png,819,614,3,1.3338762214983713,819x614,40.13403769592695,44.016010400115526,0.524427978825373,84.32138959393517,18.72202195947214,29.063905692570188
no_dr,aptos_7f2cce721e19.png,1050,1050,3,1.0,1050x1050,77.7031664399093,43.73889339081435,0.20971972789115645,97.96283071880121,21.522847314004046,43.44968654531886
no_dr,aptos_7f39c36469b5.png,1050,1050,3,1.0,1050x1050,73.8415619047619,39.88739868129348,0.2092907029478458,93.1200690100567,15.357306931924503,53.65176979265303
no_dr,aptos_7f43becd3e83.png,819,614,3,1.3338762214983713,819x614,44.436613332378805,32.43480392249147,0.20292881204933322,55.71251684047702,26.32852852152216,12.498380215101447
no_dr,aptos_7f6690fa390a.png,2048,1536,3,1.3333333333333333,2048x1536,19.536909421284992,23.780570159149615,0.5270573298136393,41.279711833111634,17.28126379522142,31.129714330037434
no_dr,aptos_7fc3a8bb40de.png,1050,1050,3,1.0,1050x1050,78.18221496598639,43.01364165270959,0.20912925170068028,98.40828616812033,19.562734509841935,47.771163927572545
no_dr,aptos_7fdb177b8f7d.png,1050,1050,3,1.0,1050x1050,71.94144217687075,39.95930911615349,0.2099519274376417,90.8772622694104,17.686621767340903,55.82951927373143
no_dr,aptos_7fe7309d0b4f.png,1050,1050,3,1.0,1050x1050,78.49729160997732,44.56605330746545,0.20935873015873016,99.06075610142231,22.17737312287114,56.0864711954085
no_dr,aptos_8010c931321f.png,1050,1050,3,1.0,1050x1050,78.9838612244898,45.05167157692959,0.20937233560090704,99.57941163311219,23.253753057757663,49.320094168969526
no_dr,aptos_80b5697f2a5e.png,1050,1050,3,1.0,1050x1050,89.37476371882086,47.45366524198967,0.2082031746031746,112.65115996682536,15.53424515034665,54.72744365089359
no_dr,aptos_80c67efc8101.png,1050,1050,3,1.0,1050x1050,83.43133968253969,45.12716544186546,0.2093705215419501,105.28246616548255,17.169642531761163,45.57116763774354
no_dr,aptos_80dbeb0fdc75.png,1050,1050,3,1.0,1050x1050,84.05631383219955,45.264899043758454,0.20849433106575962,105.91870713413971,17.19685039433612,49.729343026278976
no_dr,aptos_80e6e425f966.png,1050,1050,3,1.0,1050x1050,68.99824671201814,37.232021178115126,0.20805351473922903,86.80298606951385,15.041741864084608,44.72713229024615
no_dr,aptos_80ed04a84a16.png,2048,1536,3,1.3333333333333333,2048x1536,23.704291025797527,26.411934347081992,0.5267747243245443,50.06139840579107,12.458964690494394,25.721511840820312
no_dr,aptos_80f6b30ece8c.png,2048,1536,3,1.3333333333333333,2048x1536,40.23663902282715,48.24975774779339,0.5256945292154948,84.80556099182593,33.609755991544155,20.896955490112305
no_dr,aptos_810ed108f5b7.png,2048,1536,3,1.3333333333333333,2048x1536,45.86976623535156,48.946941524856655,0.5242239634195963,96.37812411887253,13.001034941116448,21.219143549601238
no_dr,aptos_81371b0c01ad.png,819,614,3,1.3338762214983713,819x614,40.75211090031937,44.53550247864416,0.5245711581216467,85.64669541612116,18.150010300079344,37.10744413024543
no_dr,aptos_81704925f759.png,2048,1536,3,1.3333333333333333,2048x1536,47.52041085561117,52.03375909379866,0.5243794123331705,99.88480276010863,21.526726268599337,22.670215606689453
no_dr,aptos_8185ce1cdcef.png,1050,1050,3,1.0,1050x1050,84.83333696145125,45.61358621581802,0.20791383219954648,106.67020354412986,18.240210564002915,49.21000864196215
no_dr,aptos_81914ceb4e74.png,1050,1050,3,1.0,1050x1050,78.27335691609977,42.154075738809,0.2091482993197279,98.7194803615953,15.73535006333695,48.169054256570874
no_dr,aptos_8191ae701985.png,2588,1958,3,1.3217568947906027,2588x1958,50.06286242151645,18.427487537599095,0.09374294496639633,54.62201716794272,12.363819478042515,13.06428822481718
no_dr,aptos_81d79d53ed7b.png,2588,1958,3,1.3217568947906027,2588x1958,65.48875023089201,25.29511071565985,0.012033025845696252,66.16613230972236,24.68809229189964,14.200808160551931
no_dr,aptos_82088c6734e6.png,1050,1050,3,1.0,1050x1050,82.86530158730159,44.510105450073006,0.20837460317460318,104.4564780749043,16.278298599837353,52.98630231845786
no_dr,aptos_8241e43408a8.png,1050,1050,3,1.0,1050x1050,85.47683990929706,45.80385051128437,0.207956462585034,107.49964155982173,17.775471030707855,49.26139796265056
no_dr,aptos_82d364726a58.png,2588,1958,3,1.3217568947906027,2588x1958,66.13448650406606,29.598430366611318,0.031127400290174027,67.9463156869886,28.262073477046442,13.81399872559827
no_dr,aptos_82e5bc01f8a4.png,1050,1050,3,1.0,1050x1050,79.70615873015873,43.9669922696058,0.2099764172335601,100.6978177981426,18.65230877857065,53.68499389863277
no_dr,aptos_83038ca49b6d.png,1050,1050,3,1.0,1050x1050,89.66097142857143,50.6811893905466,0.21046349206349207,113.35823997316373,24.17894911401876,57.64304745360216
no_dr,aptos_830e297965a1.png,2048,1536,3,1.3333333333333333,2048x1536,51.62523047129313,57.579348866328026,0.524622917175293,108.56783537859593,28.170096170836622,21.38098653157552
no_dr,aptos_8329e80c10ac.png,1050,1050,3,1.0,1050x1050,83.05655147392291,45.1802336139798,0.20936689342403628,104.85075251843294,17.68151916615448,78.7573740330632
no_dr,aptos_8344c783da65.png,1050,1050,3,1.0,1050x1050,75.05904308390022,39.71322658848609,0.20882358276643992,94.48975778197627,13.599166172193412,43.572916947501504
no_dr,aptos_83517eaeccb9.png,1050,1050,3,1.0,1050x1050,54.376878911564624,31.783329825602358,0.21250430839002268,68.70035037444686,17.803720778339642,39.00901266439397
no_dr,aptos_835b9f6e12ba.png,1050,1050,3,1.0,1050x1050,101.15328707482993,52.90732203858849,0.20751746031746032,127.33414328749062,15.1189994345915,39.1593802804354
no_dr,aptos_837acf120946.png,819,614,3,1.3338762214983713,819x614,46.747039966909675,35.023453467862964,0.2028711426105563,58.60833131678013,29.072823501485225,13.973020353857878
no_dr,aptos_838b3e4d0bb4.png,2588,1958,3,1.3217568947906027,2588x1958,65.28487298176704,35.50785000244903,0.09373110435055801,71.3538725355701,31.59275182680919,15.052180607073963
no_dr,aptos_83a63c4a3e4a.png,1050,1050,3,1.0,1050x1050,80.62323900226757,44.384554200803926,0.2088,101.68744511623322,19.090441227220115,52.89554760043314
no_dr,aptos_83d81ba5959c.png,2048,1536,3,1.3333333333333333,2048x1536,43.3943707148234,48.03679049520065,0.5251957575480143,91.3656328145661,21.8675008564423,21.218264897664387
no_dr,aptos_83df53d58f28.png,1050,1050,3,1.0,1050x1050,94.42914829931973,49.60115824565881,0.20784580498866212,118.89998511478788,14.970781944064402,48.28773787421907
no_dr,aptos_83fda7c0500b.png,2588,1958,3,1.3217568947906027,2588x1958,69.7631385446778,31.8769020063157,0.08284365808721955,75.21493703079713,27.369947920535978,15.170797528093564
no_dr,aptos_840a06a9c690.png,1050,1050,3,1.0,1050x1050,78.86385034013605,43.42867815625258,0.2099174603174603,99.56614538967196,18.573833867092986,48.48935555710311
no_dr,aptos_8433a032b96c.png,2048,1536,3,1.3333333333333333,2048x1536,52.994980812072754,60.071407084396306,0.5242061614990234,111.3508516634396,32.983268499289416,22.551507314046223
no_dr,aptos_8448af27ba07.png,1050,1050,3,1.0,1050x1050,66.59346394557824,39.01457033602296,0.21091609977324263,84.21917088618508,21.346285787048725,66.55464854300503
no_dr,aptos_847b04287c9c.png,1050,1050,3,1.0,1050x1050,91.60546938775511,48.857968683446565,0.20801541950113378,115.37456580271954,17.249324164433848,45.839897813688744
no_dr,aptos_848e66b9e199.png,2588,1958,3,1.3217568947906027,2588x1958,59.21462892299337,30.52495448669671,0.0953631359002736,64.93598330741023,26.203336558883084,13.560307800336872
no_dr,aptos_84b472c49cfa.png,819,614,3,1.3338762214983713,819x614,38.336447483027285,25.609560798938983,0.20299045869078441,48.06437801436666,18.88360036660248,9.330169796682107
no_dr,aptos_84b4da14bc23.png,1050,1050,3,1.0,1050x1050,74.26438639455782,39.49911165300206,0.2093922902494331,93.56082120588083,13.951639728583908,34.754140553580854
no_dr,aptos_84b79243e430.png,1050,1050,3,1.0,1050x1050,86.20395192743764,46.30042189394035,0.20906303854875283,108.75588870744305,16.647708350982764,53.81683748189285
no_dr,aptos_84b88e8d3bca.png,819,614,3,1.3338762214983713,819x614,44.564913913448116,30.22077975595084,0.20294472086003032,55.876617965529974,22.698979686379165,12.614579602410712
no_dr,aptos_851e40a21f81.png,1050,1050,3,1.0,1050x1050,85.77216689342404,45.35003889388028,0.20859319727891157,108.11877009968758,14.29026696439126,48.39067549734444
no_dr,aptos_8564b7aa3c1a.png,1050,1050,3,1.0,1050x1050,85.17686349206349,45.63181683336521,0.20902857142857142,107.27593957199505,17.193795862229734,43.54970902408441
no_dr,aptos_85f99e7e4052.png,2588,1958,3,1.3217568947906027,2588x1958,67.57580500400213,32.699785272234955,0.09470361359807898,74.14636008276563,26.928734179065852,13.848061414524542
no_dr,aptos_86410aa13b3e.png,1050,1050,3,1.0,1050x1050,92.45969160997733,48.55060675731597,0.20805079365079365,116.45901383995859,14.402402953030455,49.50018343002268
no_dr,aptos_8650d32f4a9e.png,819,614,3,1.3338762214983713,819x614,40.59675539805833,46.406355621160934,0.5243046855424706,85.27896292394581,26.816066744728502,42.49196406199663
no_dr,aptos_8660e1864665.png,1050,1050,3,1.0,1050x1050,83.26236099773243,44.66890117564736,0.20853242630385488,104.77846029019257,17.33587226933703,49.56285501995567
no_dr,aptos_8693ab1fd2be.png,819,614,3,1.3338762214983713,819x614,37.92766661496303,22.046406813287028,0.20297454988008734,47.551865408174216,12.38473978526872,11.467658145790924
no_dr,aptos_86d58f850a0c.png,819,614,3,1.3338762214983713,819x614,53.062764235402675,35.884830014286266,0.20276972394236237,66.52172861062608,26.866290398855625,22.482411754490805
no_dr,aptos_870f433e8f37.png,1050,1050,3,1.0,1050x1050,74.70364988662132,41.81851979054231,0.21003265306122448,94.3202692725897,19.521859394755044,41.42587047819705
no_dr,aptos_870fbe6eaa68.png,1050,1050,3,1.0,1050x1050,92.3727619047619,49.40481284256696,0.2091437641723356,116.42693759397375,17.86767174779892,41.26878223880458
no_dr,aptos_87295c5fa1cc.png,1050,1050,3,1.0,1050x1050,78.52659047619048,44.80628478221694,0.21026213151927436,99.24219638308185,22.37682298280911,57.037720097129096
no_dr,aptos_874f8c1929f6.png,1050,1050,3,1.0,1050x1050,89.93711473922903,48.91520056537649,0.20886439909297053,113.33177716351362,20.08236709544638,42.951634612379806
no_dr,aptos_875d2ffcbf47.png,1050,1050,3,1.0,1050x1050,79.38748117913832,43.462900496403876,0.2082657596371882,99.85268883601199,19.350511559765717,48.5206138253917
no_dr,aptos_876deb29f000.png,2048,1536,3,1.3333333333333333,2048x1536,38.04018179575602,41.906055909805005,0.5257666905721029,80.18465299512204,18.02060800822328,20.221438725789387
no_dr,aptos_878e356c8fc9.png,1050,1050,3,1.0,1050x1050,84.49633741496599,47.00862683610648,0.2092625850340136,106.6759372691526,21.057224619455265,63.551078094083
no_dr,aptos_87a9f4d20f07.png,1050,1050,3,1.0,1050x1050,81.29553741496599,44.00154044967909,0.20883083900226757,102.44058106261407,17.483144636513465,45.50728278900747
no_dr,aptos_87b671c6d4c5.png,1050,1050,3,1.0,1050x1050,94.95314557823129,50.85200399078272,0.20709297052154196,119.4344562904665,19.150553333903,38.93123870406755
no_dr,aptos_87d46b1cc4e9.png,2048,1536,3,1.3333333333333333,2048x1536,16.58061981201172,19.256869771981844,0.5286846160888672,35.13594760661797,11.632028321837256,34.95422554016113
no_dr,aptos_880edb2cdb69.png,1050,1050,3,1.0,1050x1050,81.27763265306122,42.90258096482409,0.2073469387755102,102.01835907998627,15.707249897190303,47.32542308071553
no_dr,aptos_881ec6186e68.png,1050,1050,3,1.0,1050x1050,84.84335600907029,47.76406958568049,0.20926349206349207,107.07601742168671,22.86063227185185,66.79023014112435
no_dr,aptos_883c6a184f16.png,1050,1050,3,1.0,1050x1050,73.83660770975057,40.189393107870984,0.20851337868480727,92.91414989903897,17.169599107195147,43.12322914629193
no_dr,aptos_883ddb650967.png,1050,1050,3,1.0,1050x1050,84.10863310657597,44.85995960451707,0.20885986394557823,106.08974676462226,15.160769542100997,51.67571724570236
no_dr,aptos_8846b09384a4.png,2588,1958,3,1.3217568947906027,2588x1958,39.95530562208228,21.734226668248944,0.09577045308511192,43.697679138787684,19.392461230212493,12.138748730983307
no_dr,aptos_885fa5fc5da8.png,1050,1050,3,1.0,1050x1050,73.685789569161,40.26859497979067,0.20798095238095238,92.69561303754806,17.588103539071394,42.04796709494418
no_dr,aptos_88e4399d207c.png,1050,1050,3,1.0,1050x1050,83.55586213151928,45.9038097763641,0.20894149659863945,105.35414760440386,19.725869560309583,51.0544261779189
no_dr,aptos_88e5051f65bd.png,2048,1536,3,1.3333333333333333,2048x1536,34.19294230143229,38.75630160059123,0.5252459843953451,71.9956088163825,21.048635513352853,23.580233891805012
no_dr,aptos_8906c9ed54a2.png,2048,1536,3,1.3333333333333333,2048x1536,51.50732580820719,55.34747187971724,0.5240685145060221,108.18734516424863,17.49885804011481,20.060795466105144
no_dr,aptos_891329021e12.png,1050,1050,3,1.0,1050x1050,89.22749841269841,48.62388863106289,0.2093469387755102,112.62852259104389,19.33944717870237,52.442794742931184
no_dr,aptos_894a37fc3738.png,2048,1536,3,1.3333333333333333,2048x1536,22.092220624287922,26.08862617244732,0.527003288269043,46.67827482544413,17.082848614122682,26.80438741048177
no_dr,aptos_895fe2bfc5b6.png,2048,1536,3,1.3333333333333333,2048x1536,56.246204694112144,60.70797719575073,0.5244843165079752,118.25242488683638,20.488008255279787,21.18426450093587
no_dr,aptos_896ad584a841.png,1050,1050,3,1.0,1050x1050,81.53134331065759,43.674871409696976,0.2078467120181406,102.48183257781254,17.191667806712108,49.004504934804736
no_dr,aptos_898f0bc8acfa.png,2048,1536,3,1.3333333333333333,2048x1536,43.11457188924154,47.040729923059935,0.5250720977783203,90.7519782542634,18.364889014716784,21.825206120808918
no_dr,aptos_8a3eb86ae4bd.png,2048,1536,3,1.3333333333333333,2048x1536,60.48338635762533,64.93084487305887,0.5245901743570963,127.19100507519174,19.632147899608338,20.573577245076496
no_dr,aptos_8a482c024fc2.png,1050,1050,3,1.0,1050x1050,77.84441541950113,41.989937248976744,0.20881723356009071,98.08361315588246,16.318509633277074,45.035666837295985
no_dr,aptos_8a7765e785fb.png,2048,1536,3,1.3333333333333333,2048x1536,51.34737745920817,55.27771225298673,0.5248578389485677,108.03745246435997,17.543014653678267,21.25649642944336
no_dr,aptos_8a81f62320d6.png,1050,1050,3,1.0,1050x1050,85.26556281179138,46.792135594461804,0.20890793650793651,107.45668950983686,20.24604464151211,49.30096259480033
no_dr,aptos_8a87dd2a784e.png,819,614,3,1.3338762214983713,819x614,39.87482947743534,44.6187854885737,0.525030525030525,83.8875342270752,22.400892105231442,23.006852720207768
no_dr,aptos_8a8a251770cd.png,1050,1050,3,1.0,1050x1050,85.85830476190476,45.97152913177317,0.2078267573696145,108.13309807630434,16.731425466779744,55.48222854787953
no_dr,aptos_8aa3c4681542.png,1050,1050,3,1.0,1050x1050,81.80854512471656,43.82729301022852,0.20896145124716553,103.07720497179287,16.211135158485323,43.5356741942676
no_dr,aptos_8ab3faa3701f.png,2048,1536,3,1.3333333333333333,2048x1536,49.225217501322426,55.81226607834675,0.5248114267985026,103.55998405152748,30.492893068633183,21.898704528808594
no_dr,aptos_8acdf12f412a.png,1050,1050,3,1.0,1050x1050,81.83365623582766,44.31630058514107,0.2085015873015873,103.17186037104055,17.23592933175072,55.26536862107866
no_dr,aptos_8af50c9d0a86.png,1476,1117,3,1.3213965980304387,1476x1117,72.291623905496,34.91756377385852,0.09332489027665568,79.095289892884,29.126765197953997,72.18680223869602
no_dr,aptos_8b079e79035f.png,1050,1050,3,1.0,1050x1050,75.74385396825397,39.45433514261799,0.20932426303854876,95.53405107144496,9.860833547351529,35.90528330075719
no_dr,aptos_8b568d47a1fd.png,1050,1050,3,1.0,1050x1050,77.04703310657597,41.18680964848665,0.20884172335600906,96.95793990727451,15.663269895096212,45.22548960687288
no_dr,aptos_8b58f9a338e8.png,819,614,3,1.3338762214983713,819x614,45.380713748791926,49.92690602341882,0.5240223041525973,95.28494315926686,22.007353665478497,45.13291811337414
no_dr,aptos_8b8fe3fc8950.png,819,614,3,1.3338762214983713,819x614,49.97922110462827,29.79268509460979,0.2026702938755056,62.646965955854846,17.925927830932174,17.286635572742153
no_dr,aptos_8be6629a6039.png,2588,1958,3,1.3217568947906027,2588x1958,87.21780595756638,38.64580917364337,0.03794937110542411,90.27145132013253,36.14815843475365,7.707690319519814
no_dr,aptos_8bf05909e1e1.png,1050,1050,3,1.0,1050x1050,77.31341768707483,43.57862632936918,0.20999002267573696,97.62775521076114,20.934633503591144,52.65836139682539
no_dr,aptos_8bf2d925dc0c.png,1050,1050,3,1.0,1050x1050,96.01063310657597,50.7042634259431,0.20799092970521543,120.97664540363495,15.773231987076336,51.218298111684746
no_dr,aptos_8c29a76fa08c.png,1050,1050,3,1.0,1050x1050,76.35894149659865,41.105088903822306,0.2076199546485261,95.9552048479909,16.798273959787444,47.97076486441021
no_dr,aptos_8c4ceddeb1c6.png,2048,1536,3,1.3333333333333333,2048x1536,34.92895317077637,38.68275111693114,0.5253086090087891,73.55261945421061,17.672963722296835,22.082091013590496
no_dr,aptos_8c84e96d9b01.png,819,614,3,1.3338762214983713,819x614,70.09680909029443,55.55963854945454,0.20243762751906075,87.85357060042337,48.09118239417542,45.4795055209429
no_dr,aptos_8ceff4c4c860.png,1050,1050,3,1.0,1050x1050,78.15738775510204,41.819662552838935,0.2083845804988662,98.36657668351751,15.773992768681028,44.77929868256538
no_dr,aptos_8d13c46e7d75.png,1050,1050,3,1.0,1050x1050,77.91660136054422,41.72049304484587,0.2096607709750567,98.29230652700582,14.887625502370133,41.26543598308851
no_dr,aptos_8d4d14a4ab07.png,1050,1050,3,1.0,1050x1050,77.15340861678004,41.45247295786314,0.20829569160997732,97.18696483031526,15.59435018542596,45.73209877326091
no_dr,aptos_8d4ff745a409.png,1050,1050,3,1.0,1050x1050,90.692589569161,48.52004915058631,0.20856054421768708,114.33517732837323,17.14299841455139,54.568053840624835
no_dr,aptos_8d9516ea3587.png,1050,1050,3,1.0,1050x1050,81.0363201814059,44.467657105625314,0.20921179138321996,102.16542867760747,19.13281322745905,48.523691797365096
no_dr,aptos_8dafa62f9322.png,1050,1050,3,1.0,1050x1050,80.98055873015873,44.78130456299323,0.20971609977324263,102.26843477701976,19.39616253894847,53.3025326402065
no_dr,aptos_8e2a3978c244.png,1050,1050,3,1.0,1050x1050,86.66700408163265,48.294656388816094,0.20878548752834467,109.21664561155731,22.624021923783577,44.15404265381192
no_dr,aptos_8e4a354e3da2.png,2048,1536,3,1.3333333333333333,2048x1536,47.014007250467934,51.69571958329929,0.5240468978881836,98.75187330644349,22.514256533471702,22.053312301635742
no_dr,aptos_8e67f2d7e0ee.png,1050,1050,3,1.0,1050x1050,71.29679002267574,39.44170528940091,0.2088907029478458,89.76390452626582,18.25835079798265,48.82866204856126
no_dr,aptos_8e6df9eedcd8.png,2588,1958,3,1.3217568947906027,2588x1958,73.04712071744659,34.31648019409473,0.09368670204116429,80.00214128705854,27.981254628661475,17.581785494783105
no_dr,aptos_8e76054f0831.png,1050,1050,3,1.0,1050x1050,84.96131972789115,46.19244975145431,0.20851972789115647,106.92780255028896,19.52773412336857,40.737370312554965
no_dr,aptos_8e7981855125.png,2588,1958,3,1.3217568947906027,2588x1958,45.84182535723138,20.268574516515745,0.09533096889391282,50.20246811189571,15.954613158799141,12.317184246161869
no_dr,aptos_8ead17dfb6a6.png,2048,1536,3,1.3333333333333333,2048x1536,43.83720429738363,49.32487303406022,0.5243997573852539,92.14478490537789,25.794299660193595,22.858938217163086
no_dr,aptos_8ead8f37423c.png,1050,1050,3,1.0,1050x1050,95.4737469387755,50.33644179374206,0.2089170068027211,120.45833662971282,14.645022393424668,40.17773703939078
no_dr,aptos_8ed586c43023.png,1050,1050,3,1.0,1050x1050,78.17916462585033,42.27167906061619,0.2089922902494331,98.57378400754054,16.381353932222076,47.43355528817729
no_dr,aptos_8ee50c26fc13.png,819,614,3,1.3338762214983713,819x614,37.69670647846544,43.205762348638295,0.524692462803212,79.24118050674431,25.25475389748598,26.653887914474232
no_dr,aptos_8f06ca4642bd.png,819,614,3,1.3338762214983713,819x614,48.063456268668,52.65144980120163,0.5243345145625276,100.97677218682587,22.09227183882886,38.77959535939992
no_dr,aptos_8f10e41a2f02.png,1050,1050,3,1.0,1050x1050,103.14513287981859,54.0575151370871,0.2066548752834467,129.66304736795772,16.731350776639427,47.68333287021684
no_dr,aptos_8f14bca04b47.png,2048,1536,3,1.3333333333333333,2048x1536,45.72003014882406,49.485116008633796,0.5242541631062826,96.0731066500865,17.631635145040665,22.44701385498047
no_dr,aptos_8f9819752ca0.png,1050,1050,3,1.0,1050x1050,75.02924807256235,42.098018512643094,0.20968979591836734,94.52820500460797,20.707260784812387,46.649398172141055
no_dr,aptos_8fbb2ca39911.png,1050,1050,3,1.0,1050x1050,46.156936961451244,28.15808417802921,0.2112671201814059,58.19993146100752,17.84460458524044,39.56758653156739
no_dr,aptos_8ffa608170d3.png,819,614,3,1.3338762214983713,819x614,49.79748879423146,32.889997386529394,0.20277966694904806,62.42422330036543,23.886210696108765,14.835292479531951
no_dr,aptos_901a3552fe26.png,1050,1050,3,1.0,1050x1050,73.4757179138322,39.8148669340285,0.2085297052154195,92.50955310361267,16.280488652843047,55.0470392385066
no_dr,aptos_902dc5a91a3f.png,1050,1050,3,1.0,1050x1050,89.51101496598639,48.94306030623659,0.20741043083900226,112.66485929757505,20.90609211877956,55.38533407325465
no_dr,aptos_9039cbfcbb2f.png,819,614,3,1.3338762214983713,819x614,37.7524072019186,21.296454657598964,0.20296261827206452,47.3293887520802,10.81786624457334,9.829041778093188
no_dr,aptos_904b03ad5594.png,2588,1958,3,1.3217568947906027,2588x1958,37.15369612717137,14.774622820807844,0.08755878865763728,39.8832582802598,12.412719457242524,11.199862293382285
no_dr,aptos_906d02fb822d.png,2416,1736,3,1.391705069124424,2416x1736,80.35398752937407,40.470060966136224,0.1660884044923246,95.94897746207941,22.352678082291632,13.732909147035365
no_dr,aptos_9095d43fb132.png,2588,1958,3,1.3217568947906027,2588x1958,72.18328108990501,26.42443725353251,0.04075184753075797,74.83451002530035,23.567412539729784,14.76949024296582
no_dr,aptos_90960ddf4d14.png,2048,1536,3,1.3333333333333333,2048x1536,30.223610560099285,33.52320445473575,0.5257720947265625,63.70492132951511,15.41287737952986,26.891852696736652
no_dr,aptos_90a786abe58e.png,1050,1050,3,1.0,1050x1050,77.67003990929705,42.997384656933214,0.20914739229024942,97.84418205903098,19.778616883473042,49.61294994104311
no_dr,aptos_90a9a41eec6d.png,819,614,3,1.3338762214983713,819x614,38.508334228203935,24.182659483555412,0.20302625351485287,48.28179933178798,16.22305518785169,9.686979141598941
no_dr,aptos_90bde2ff8953.png,1050,1050,3,1.0,1050x1050,80.08738412698413,42.21107123179763,0.20885079365079365,100.85902421575663,13.627748050351073,42.213191661310645
no_dr,aptos_9122b31414d3.png,1050,1050,3,1.0,1050x1050,85.41623129251701,45.50625649383344,0.20763628117913832,107.60805237293394,15.532278281387208,53.04008058457865
no_dr,aptos_912fbe06407e.png,1050,1050,3,1.0,1050x1050,82.64355283446712,43.702979919087966,0.2082575963718821,103.9088218985996,15.503219139005145,47.86864604670192
no_dr,aptos_916915f01e17.png,1050,1050,3,1.0,1050x1050,83.16853786848073,45.20819345071855,0.20915192743764172,104.83518023649229,18.418277813721026,46.02311057221138
no_dr,aptos_91b7a4179ecf.png,819,614,3,1.3338762214983713,819x614,39.48292189171668,25.838024928769777,0.20316147840577808,49.512312111464105,18.509066384793503,11.636566510276959
no_dr,aptos_91e82fe4e434.png,1050,1050,3,1.0,1050x1050,97.85611972789115,52.361547596697974,0.20766984126984128,123.1296271281126,19.59273249855527,47.66691327564625
no_dr,aptos_91f3c4c1e72b.png,2588,1958,3,1.3217568947906027,2588x1958,72.76576656936312,42.35970900405012,0.09375518026942926,79.77659510066813,38.152248901773326,17.76787044680106
no_dr,aptos_922586d86cd8.png,1050,1050,3,1.0,1050x1050,75.6162058956916,41.98677041450796,0.20969795918367348,95.35523488823699,19.290527074661778,47.94273908215197
no_dr,aptos_9232dc06cfdc.png,1050,1050,3,1.0,1050x1050,88.55461587301588,48.794020863028884,0.20906938775510203,111.74239364404399,20.927152157849402,58.22129196117584
no_dr,aptos_92587e494d51.png,2048,1536,3,1.3333333333333333,2048x1536,42.11516412099203,45.25999746974022,0.5246725082397461,88.57272658570368,13.995384632569039,22.494470596313477
no_dr,aptos_9274e75dc4d5.png,1050,1050,3,1.0,1050x1050,86.03397006802722,45.82454698468866,0.2090122448979592,108.34403667620725,16.5193436984533,46.812857462953374
no_dr,aptos_9287e57326d0.png,2048,1536,3,1.3333333333333333,2048x1536,51.74271138509115,57.09518700541239,0.5251900355021158,108.94694176509066,25.194685794935328,19.989247639973957
no_dr,aptos_92889b863ae6.png,2588,1958,3,1.3217568947906027,2588x1958,111.90045870545758,37.28658920967875,0.0012728662026197757,112.03044802319924,37.132015610342066,17.2304185544043
no_dr,aptos_92e3d608fd3c.png,1050,1050,3,1.0,1050x1050,77.20462585034014,42.14840689213317,0.20886802721088435,97.1562765485432,18.416670826797912,48.51691804582329
no_dr,aptos_92fcf50b3562.png,2048,1536,3,1.3333333333333333,2048x1536,52.06918207804362,58.44078040625517,0.524054209391276,109.36560877800902,30.188536667885735,22.591555913289387
no_dr,aptos_930fee99213a.png,1050,1050,3,1.0,1050x1050,84.71481451247166,46.28869512089397,0.20963174603174603,106.94386611596994,18.79699382031393,53.74726817725863
no_dr,aptos_934104859e68.png,1050,1050,3,1.0,1050x1050,78.64378684807257,43.02801478581228,0.2099609977324263,99.10240890544168,18.6934648816542,40.67691127768038
no_dr,aptos_93421787f520.png,1050,1050,3,1.0,1050x1050,75.14829841269841,42.22741268635773,0.20961904761904762,94.88616413911028,19.92837408537121,60.018218227438965
no_dr,aptos_936299166bea.png,819,614,3,1.3338762214983713,819x614,47.395528828753584,51.72576641734311,0.5240660533820143,99.52062624565977,20.90504763494699,46.65868044369673
no_dr,aptos_937bc1b924b1.png,1050,1050,3,1.0,1050x1050,93.52149750566893,49.6673650271645,0.20851519274376418,117.9434628448841,15.995053012689745,68.21208565364105
no_dr,aptos_93802d1e3c41.png,1050,1050,3,1.0,1050x1050,85.26812335600907,45.697269284608716,0.20895328798185941,107.47477036080672,16.71325557410411,45.37314288749729
no_dr,aptos_93a1b984de84.png,1050,1050,3,1.0,1050x1050,79.95861950113378,42.55630972760254,0.20782312925170068,100.57842851009016,15.487065664994194,48.296108824097786
no_dr,aptos_93d6d20a5ee3.png,1050,1050,3,1.0,1050x1050,76.56178503401361,43.12898353959115,0.2102920634920635,96.59630874757222,21.126131091452837,44.956313462683546
no_dr,aptos_94076a9fb9b5.png,1050,1050,3,1.0,1050x1050,79.67955011337868,43.40895129417127,0.20943945578231293,100.53335100213059,17.511211097283166,47.20914388835434
no_dr,aptos_94145d1f42cf.png,2048,1536,3,1.3333333333333333,2048x1536,46.87563610076904,53.11826616873885,0.524632453918457,98.57826822266225,28.984504814607767,21.597988764444988
no_dr,aptos_941d874c8afb.png,1050,1050,3,1.0,1050x1050,90.75350476190476,50.21572522227206,0.2090984126984127,114.50772447185622,22.117895206677716,53.36487003123183
no_dr,aptos_942f544c4e15.png,1050,1050,3,1.0,1050x1050,85.51564716553288,45.46914467553229,0.20864580498866214,107.8095574852029,15.163469819745188,54.20975172310221
no_dr,aptos_946545473380.png,1050,1050,3,1.0,1050x1050,74.44979682539683,40.223263767650494,0.20919274376417232,93.81056814988558,15.92481621004208,46.23548204488793
no_dr,aptos_949710bead24.png,1050,1050,3,1.0,1050x1050,80.65203174603175,43.05378135622105,0.20818231292517006,101.46674547726806,16.103113075117328,46.97005384642324
no_dr,aptos_94b9ccc73bb9.png,819,614,3,1.3338762214983713,819x614,44.257647166441956,47.49114542372294,0.5239507145044604,92.90111492173826,14.884285523001594,52.19289830690482
no_dr,aptos_94f9ecf4b8d2.png,819,614,3,1.3338762214983713,819x614,48.56795050768992,29.871839183104104,0.20299244729212157,60.90153896823258,19.23846752266532,12.383096646986932
no_dr,aptos_9519a590985d.png,1050,1050,3,1.0,1050x1050,77.36178684807257,41.33335786788728,0.20896780045351473,97.37725042511693,15.55974037100019,43.045220116588446
no_dr,aptos_956765d5f46d.png,819,614,3,1.3338762214983713,819x614,57.929790441191095,32.153830043690576,0.20258876122068303,72.60847001553651,15.260466072838486,27.212943459274065
no_dr,aptos_958c1fa044ba.png,1050,1050,3,1.0,1050x1050,82.27203083900227,43.891220018216444,0.20840816326530612,103.59061336266657,15.8873335866261,48.037877752743775
no_dr,aptos_959bb2d01091.png,819,614,3,1.3338762214983713,819x614,50.08289683533983,53.70746164002683,0.5239248626870777,105.13435977978463,16.558831068517,55.30109015125302
no_dr,aptos_962c0fc85e13.png,2048,1536,3,1.3333333333333333,2048x1536,51.460164070129395,55.06054216394871,0.5238011678059896,108.02976517898627,16.025812694704562,21.82175572713216
no_dr,aptos_966c07831334.png,1050,1050,3,1.0,1050x1050,76.22796009070295,42.45594439230386,0.20988390022675738,96.2612090648293,19.20201250602159,56.015996728680726
no_dr,aptos_96793edb1003.png,819,614,3,1.3338762214983713,819x614,50.82941578869918,35.879909523107806,0.2028492679958478,63.728386469091454,28.189240561188853,19.510144382860833
no_dr,aptos_9688c6ef5dc5.png,1050,1050,3,1.0,1050x1050,80.03231927437642,43.26868349962862,0.2092925170068027,100.94498224845283,16.66242690555157,44.0905548866828
no_dr,aptos_969f92a390db.png,1050,1050,3,1.0,1050x1050,95.5555709750567,51.03224528921908,0.2082312925170068,120.37764641864995,18.15296996165978,53.0590685716499
no_dr,aptos_96b5474ae604.png,1050,1050,3,1.0,1050x1050,91.41352653061224,47.640081819917974,0.20815510204081633,115.07271059061247,13.284150497742699,48.10152903000787
no_dr,aptos_96c699221180.png,1050,1050,3,1.0,1050x1050,73.74958911564626,41.707028538801346,0.20945759637188208,93.05785631266687,20.49459121442532,51.03454437856736
no_dr,aptos_96ce10a1dbd7.png,1050,1050,3,1.0,1050x1050,59.1249179138322,32.46963282564594,0.20996643990929706,74.46851478510055,14.58825132186137,44.047705397565
no_dr,aptos_96ea316ed0ab.png,819,614,3,1.3338762214983713,819x614,36.876487970950514,42.04479990693091,0.5247461550393147,77.5241580156409,23.89140499197573,26.80979425930566
no_dr,aptos_971bb98ab935.png,819,614,3,1.3338762214983713,819x614,48.41057657507169,53.166450378852936,0.5241615062461968,101.6775951488405,22.958170694741654,52.169011227643146
no_dr,aptos_973b0facfa9b.png,1050,1050,3,1.0,1050x1050,75.43967074829932,41.95055269050678,0.20874829931972788,94.9629783746296,19.942972624248778,49.94389847710287
no_dr,aptos_974c7d7b9c64.png,1050,1050,3,1.0,1050x1050,89.6646693877551,47.74275869017987,0.20821315192743764,112.95019846611184,16.555802135252865,49.60981766083389
no_dr,aptos_976082127e2a.png,1050,1050,3,1.0,1050x1050,84.0549768707483,44.65825450019291,0.2091455782312925,106.05040961467662,14.424948758728792,47.701338352753005
no_dr,aptos_97a235367f9d.png,819,614,3,1.3338762214983713,819x614,46.8707468788902,28.81804756193552,0.20291489183997327,58.76622832294232,18.559167345248706,14.836080336802503
no_dr,aptos_97c6cb55866d.png,2588,1958,3,1.3217568947906027,2588x1958,78.51460658369815,31.121317196060865,0.09369696390822417,86.10392480108385,21.30338396064651,15.52651330916176
no_dr,aptos_97d02a9b94f7.png,1050,1050,3,1.0,1050x1050,78.65164081632653,42.01449043933392,0.2082920634920635,99.01544810266962,15.437061246002077,48.75425973696144
no_dr,aptos_97f290d31813.png,2588,1958,3,1.3217568947906027,2588x1958,74.34898320684924,36.755974939336106,0.09201243896162535,81.1579678894965,31.36678404144255,15.12244538685809
no_dr,aptos_97fdee242fea.png,819,614,3,1.3338762214983713,819x614,55.2955896799545,34.836751498783485,0.20265637366614564,69.31394388924498,23.50039416646812,18.90469620329025
no_dr,aptos_98277aeb96a7.png,2048,1536,3,1.3333333333333333,2048x1536,45.70506159464518,55.294739916382866,0.5252084732055664,96.23637337511256,39.72254368195064,23.97169558207194
no_dr,aptos_983c98354e9c.png,1050,1050,3,1.0,1050x1050,74.59177324263038,41.074398439300296,0.20875011337868482,94.03175549347569,17.926143232373793,43.25222132047368
no_dr,aptos_98441214557f.png,1050,1050,3,1.0,1050x1050,78.60115464852608,42.63583141644536,0.2085768707482993,98.99826255180254,17.36951406879003,43.727101962021194
no_dr,aptos_9858cc2ae073.png,2048,1536,3,1.3333333333333333,2048x1536,43.47408707936605,48.522354171070646,0.5244477589925131,91.38641191798166,23.950676155952372,21.237599690755207
no_dr,aptos_9870ce41cac4.png,2048,1536,3,1.3333333333333333,2048x1536,39.82745552062988,44.87918359866082,0.5256999333699545,83.9420422930271,23.335368510831945,19.78030522664388
no_dr,aptos_98d41bce73a8.png,2048,1536,3,1.3333333333333333,2048x1536,50.40838813781738,55.85605513729146,0.5246868133544922,106.02107201281964,25.870147005461202,21.860000610351562
no_dr,aptos_98e44127872f.png,1050,1050,3,1.0,1050x1050,77.18606802721088,42.17568249724895,0.2097251700680272,97.3855049708589,17.46013026971819,36.954012000134924
no_dr,aptos_9910c827e2fe.png,1050,1050,3,1.0,1050x1050,87.03926167800454,44.853267758198704,0.20727256235827665,109.44447139643609,10.744709449002306,44.678451032210646
no_dr,aptos_991a0b7a8c87.png,819,614,3,1.3338762214983713,819x614,39.2735002963016,44.00743977738852,0.5246546793778064,82.55733260819545,22.43065327705232,29.245067274383235
no_dr,aptos_99240ee00485.png,1050,1050,3,1.0,1050x1050,95.97667392290249,53.520425949002004,0.20892063492063492,121.08312876577253,24.562035474432463,52.22377574528803
no_dr,aptos_992599744a23.png,2588,1958,3,1.3217568947906027,2588x1958,54.86078711677847,26.995832952931064,0.09496193636695173,60.082543719580656,22.75945013230569,13.405564575509095
no_dr,aptos_992b9a07b25f.png,2588,1958,3,1.3217568947906027,2588x1958,51.918624183589536,18.732921557220095,0.014096253155524121,52.5197905311463,18.174155866773567,12.678761320297387
no_dr,aptos_996f9bba4ef0.png,1050,1050,3,1.0,1050x1050,82.61022766439909,45.15921784572852,0.20791473922902495,103.84835572798457,20.117249623036148,45.81599071397288
no_dr,aptos_9985375d709f.png,1050,1050,3,1.0,1050x1050,83.23595736961451,47.47866234518385,0.21126167800453516,105.3380236986881,23.351031528918845,53.2829786198434
no_dr,aptos_999ad827ed35.png,1050,1050,3,1.0,1050x1050,83.65817777777778,44.83398832406412,0.20950657596371883,105.61361484947545,15.540949959196734,51.75497454694287
no_dr,aptos_99c626e58464.png,2048,1536,3,1.3333333333333333,2048x1536,49.3377316792806,54.16199096201945,0.5250889460245768,103.85908747400332,22.711137021549632,20.352527618408203
no_dr,aptos_99c6a123ed6a.png,1050,1050,3,1.0,1050x1050,93.93389115646258,49.145716386523624,0.20748027210884354,118.21475748867243,14.338472514710693,40.32334733058265
no_dr,aptos_9a1029536d78.png,1050,1050,3,1.0,1050x1050,77.87761541950114,43.88321892470508,0.20907392290249432,98.08999697246318,21.914693327240062,46.83643652975373
no_dr,aptos_9a159d4674cd.png,819,614,3,1.3338762214983713,819x614,45.473991083111606,48.96409966274274,0.5241177570167799,95.48654645744969,16.293427945711745,52.275301969113045
no_dr,aptos_9a326446c431.png,2588,1958,3,1.3217568947906027,2588x1958,55.14435427596213,20.39195804219326,0.09409915015953256,60.330836787042735,13.155203578142807,13.321351353580331
no_dr,aptos_9a56cfb980ec.png,2048,1536,3,1.3333333333333333,2048x1536,47.93440183003744,52.02452542051793,0.5245386759440104,100.78755301964601,19.152667855950778,20.812116622924805
no_dr,aptos_9ab18a4a957f.png,2048,1536,3,1.3333333333333333,2048x1536,32.501953125,36.09272161782962,0.5253327687581381,68.4462239497875,16.880546904504442,23.126502354939777
no_dr,aptos_9ac2e3e9fca5.png,1050,1050,3,1.0,1050x1050,89.72578684807256,46.916303070133566,0.20666757369614513,112.62294703361006,15.39656351610495,50.93817223626453
no_dr,aptos_9ac41b9a809e.png,1050,1050,3,1.0,1050x1050,88.45833922902494,47.131017844567815,0.20791655328798186,111.31256126384449,17.08236470429532,44.90642187131823
no_dr,aptos_9ae54843c69a.png,2588,1958,3,1.3217568947906027,2588x1958,44.68173450813293,21.85530759116456,0.09494141263283197,48.755510381454656,18.78394779088553,12.56103442747302
no_dr,aptos_9b4fc15df3c8.png,819,614,3,1.3338762214983713,819x614,31.578740658545218,35.464071717383185,0.5257623303225909,66.52598562550843,18.136688222670063,17.142280448469375
no_dr,aptos_9b57e43b44e7.png,2588,1958,3,1.3217568947906027,2588x1958,58.624247331519875,22.51457324496635,0.09341338115889633,64.00163889463316,15.794775911844065,14.263347334202773
no_dr,aptos_9b70f84400af.png,819,614,3,1.3338762214983713,819x614,51.05251896131375,35.41231422164998,0.20268023688219128,63.99231316015912,27.32381287678803,14.353032979869326
no_dr,aptos_9ba469af2980.png,2588,1958,3,1.3217568947906027,2588x1958,61.79064863682937,28.242045600417587,0.006037332672363845,62.10574718303274,28.035902322763448,4.082301747688648
no_dr,aptos_9bbb6c455913.png,1050,1050,3,1.0,1050x1050,76.37086077097506,41.04222113080353,0.20932426303854876,96.17498279263984,16.005569727892784,37.840518038994865
no_dr,aptos_9bd008aab548.png,1050,1050,3,1.0,1050x1050,78.20842902494331,41.837020088177496,0.2083138321995465,98.39206882408338,15.962333415616868,46.60469114884349
no_dr,aptos_9be0683649ff.png,2048,1536,3,1.3333333333333333,2048x1536,39.93757279713949,43.531957454399105,0.5245698293050131,83.97136684644157,17.01457070552923,21.41530164082845
no_dr,aptos_9be71d6d7e59.png,1050,1050,3,1.0,1050x1050,67.94874376417233,38.09523747035849,0.2104235827664399,85.77989633639208,18.071720190688072,43.85510803865961
no_dr,aptos_9c14ce27cbfc.png,2048,1536,3,1.3333333333333333,2048x1536,43.223268826802574,47.90639336306751,0.5250476201375326,90.97546502140796,22.11396405158072,20.877350489298504
no_dr,aptos_9c514d2d5b3f.png,1050,1050,3,1.0,1050x1050,80.44440090702948,43.47566482639305,0.20909024943310658,101.42717935544245,16.84251512363797,46.028120831961154
no_dr,aptos_9c6512166557.png,819,614,3,1.3338762214983713,819x614,44.08236786738416,49.27246078793264,0.5245671809189725,92.65560756068078,24.668906022651115,42.457827731443366
no_dr,aptos_9c893e16c055.png,1050,1050,3,1.0,1050x1050,81.80658412698412,42.93125326441511,0.20868843537414966,103.00102817332457,13.27011488940074,44.35146679457633
no_dr,aptos_9ce46d400cd6.png,1050,1050,3,1.0,1050x1050,88.2261133786848,46.39389624991543,0.20898049886621314,111.32206320612683,12.963592958431628,52.492944435374135
no_dr,aptos_9cf7c1349673.png,1050,1050,3,1.0,1050x1050,61.6238947845805,35.65507088144422,0.21020226757369614,77.78519831134467,19.147886778985686,51.85343610952144
no_dr,aptos_9d1feed37610.png,1050,1050,3,1.0,1050x1050,89.36093242630386,47.31945814532182,0.20739954648526077,112.38523669038568,16.38209494490075,44.29551114674975
no_dr,aptos_9d62478042b6.png,2588,1958,3,1.3217568947906027,2588x1958,89.34626815363751,40.161841655560295,0.09396416713897568,98.13779026167467,30.945132633509303,16.509411709690553
no_dr,aptos_9d75de31f1b8.png,1050,1050,3,1.0,1050x1050,84.5982068027211,45.08138178888628,0.20813877551020407,106.39372665450209,16.84152407189111,45.38240949929792
no_dr,aptos_9de9421f17e3.png,1050,1050,3,1.0,1050x1050,89.31669024943311,46.356078245243204,0.20779591836734693,112.2276481128457,13.62637444671672,44.89031456552282
no_dr,aptos_9e2058917304.png,1050,1050,3,1.0,1050x1050,78.92808344671202,42.82491158246149,0.2097496598639456,99.68825057302661,16.295748979190126,49.25702868897958
no_dr,aptos_9e2a8135f471.png,1050,1050,3,1.0,1050x1050,83.01542857142857,44.80832969979199,0.20902403628117913,104.57712220959554,17.713431703450176,43.0592880320237
no_dr,aptos_9e2ba2b979f1.png,2048,1536,3,1.3333333333333333,2048x1536,28.54795265197754,32.70864838791078,0.5254917144775391,60.13642161650836,18.86041496535343,26.963709513346355
no_dr,aptos_9e5737f771c3.png,2048,1536,3,1.3333333333333333,2048x1536,38.16791375478109,42.94959279796463,0.5249487559000651,80.31524335812396,22.339228183237672,23.23167101542155
no_dr,aptos_9e7a63b2fc6a.png,2588,1958,3,1.3217568947906027,2588x1958,74.77041795795161,33.15465628250833,0.09464756801644425,82.1152234149778,25.3787851824537,15.333127635437707
no_dr,aptos_9e99ae6ee7af.png,2048,1536,3,1.3333333333333333,2048x1536,40.18502712249756,43.509437702434084,0.5250724156697592,84.58152079695152,15.233255122572368,19.425208409627277
no_dr,aptos_9ed6c2b25767.png,819,614,3,1.3338762214983713,819x614,39.64644855687201,25.589980525371708,0.20492337919048018,49.81237666232301,17.86185851552311,8.713865770862704
no_dr,aptos_9f1b14dfa14c.png,819,614,3,1.3338762214983713,819x614,31.97973416377325,34.55392480719212,0.5245950213376923,67.19534854537469,12.136288164894573,20.617281741060243
no_dr,aptos_9f285b3e57ed.png,1050,1050,3,1.0,1050x1050,79.68772063492064,42.68880701022721,0.20962358276643991,100.41252366908043,16.004173660404373,40.354808116950466
no_dr,aptos_9f8112c710be.png,1050,1050,3,1.0,1050x1050,49.33279274376417,28.814221592756958,0.21159183673469387,62.36409539587216,15.816304905224566,36.34251029131608
no_dr,aptos_9f935fb38440.png,819,614,3,1.3338762214983713,819x614,35.87769902916483,38.733202075359685,0.5250683084559306,75.47681376058821,13.1252641350333,20.05230816957201
no_dr,aptos_9fa02dfb5553.png,1050,1050,3,1.0,1050x1050,76.73158004535148,42.3718894823165,0.2082485260770975,96.61315536839018,19.210807706365443,54.99837963789899
no_dr,aptos_a02dfd67a925.png,819,614,3,1.3338762214983713,819x614,46.53503120115498,26.175946250166614,0.20284330219183638,58.34008127464994,13.130037006497313,14.188425530031665
no_dr,aptos_a0445785e2f7.png,2048,1536,3,1.3333333333333333,2048x1536,49.66079457600912,53.63497725737103,0.5245285034179688,104.41533552093195,18.286690719718365,21.725849151611328
no_dr,aptos_a06a63d866b2.png,1050,1050,3,1.0,1050x1050,82.47889070294785,43.1591343384753,0.20948208616780045,103.98073194071225,12.197279111440904,37.347142019536314
no_dr,aptos_a06b353e7bed.png,2048,1536,3,1.3333333333333333,2048x1536,40.90221309661865,44.25352202755325,0.5244960784912109,85.99071136230233,15.568508088192871,22.40183385213216
no_dr,aptos_a06e5ac695ce.png,2048,1536,3,1.3333333333333333,2048x1536,24.68038495381673,29.488251765970453,0.5260829925537109,52.050691769731166,20.26683588782717,26.352650960286457
no_dr,aptos_a07d571bf7ba.png,819,614,3,1.3338762214983713,819x614,43.546332422553924,32.41719839720494,0.20299642449479582,54.60132589461708,26.765369744858866,16.765666766678276
no_dr,aptos_a07d9a5045cb.png,1050,1050,3,1.0,1050x1050,82.24055963718821,44.32975463531174,0.20875374149659864,103.60293300043904,17.2352302472823,46.886623057902845
no_dr,aptos_a07efb1ecfc0.png,2048,1536,3,1.3333333333333333,2048x1536,39.33786964416504,43.23138307311386,0.5228182474772135,82.40552693919861,19.203739742423767,22.505529403686523
no_dr,aptos_a08a0133754a.png,1050,1050,3,1.0,1050x1050,85.72899954648526,45.78030577001336,0.20758639455782313,107.8001204162832,17.25033590346017,45.52831986083494
no_dr,aptos_a0adbe677508.png,1050,1050,3,1.0,1050x1050,82.92178412698412,46.455406244613116,0.2085986394557823,104.36287420345666,22.86097118579162,44.50284171277934
no_dr,aptos_a0b7ad98df57.png,1050,1050,3,1.0,1050x1050,75.96317641723356,40.59286890487681,0.2096544217687075,95.71618374120337,14.945860313642692,41.590351232583146
no_dr,aptos_a0e635689259.png,819,614,3,1.3338762214983713,819x614,37.563494052093404,40.633135860786616,0.5244259902240358,78.91147815178758,14.541198580844899,23.176766772857977
no_dr,aptos_a0fd94e2ad76.png,1050,1050,3,1.0,1050x1050,83.36962267573696,44.49355811033709,0.2073469387755102,104.69178510127017,17.44327519245087,42.939768302650855
no_dr,aptos_a11c62cb3f86.png,2588,1958,3,1.3217568947906027,2588x1958,58.98659504146584,31.32615570612242,0.09449502141572717,64.60998385300195,27.367405782590186,14.05073545812931
no_dr,aptos_a12ca80bb8c7.png,2048,1536,3,1.3333333333333333,2048x1536,38.7168337504069,43.92264457217102,0.5254109700520834,81.5526006612509,23.92850487070416,21.002758026123047
no_dr,aptos_a1822dd8d05d.png,1050,1050,3,1.0,1050x1050,91.5418485260771,48.372040988376106,0.20809433106575964,115.35149517338697,15.164027580162516,55.153172096189564
no_dr,aptos_a1872f9c0cba.png,2048,1536,3,1.3333333333333333,2048x1536,46.7349058787028,51.24553038265951,0.5248533884684244,98.32910612424583,21.330990319574408,20.398895899454754
no_dr,aptos_a188c60b93fb.png,2588,1958,3,1.3217568947906027,2588x1958,121.43005274599669,46.66604233043716,0.006575291318618342,122.1683676053862,45.92635462808404,18.922512617154986
no_dr,aptos_a1b28bcbce00.png,819,614,3,1.3338762214983713,819x614,39.272798320029594,26.419094924431057,0.2031634670071152,49.250305713472855,19.64213441810181,9.079508596176982
no_dr,aptos_a1e236fbc863.png,819,614,3,1.3338762214983713,819x614,36.77126510839866,25.80516564510145,0.20318136441914944,46.112981759102354,20.151804027513787,11.80039945412234
no_dr,aptos_a1eb88562239.png,1050,1050,3,1.0,1050x1050,72.42071383219955,38.35299173373682,0.20952562358276644,91.3388705424453,12.336861187151705,35.813201677937904
no_dr,aptos_a1edf0e66592.png,1050,1050,3,1.0,1050x1050,76.257368707483,42.22677186369662,0.20977414965986393,96.16576219204246,19.145957360961702,47.78334185747791
no_dr,aptos_a1faeb4d5f10.png,1050,1050,3,1.0,1050x1050,75.92514013605442,42.61062666038594,0.20919637188208617,95.66499705801728,20.804279271224292,48.56538882617098
no_dr,aptos_a2163f0c2af5.png,1050,1050,3,1.0,1050x1050,86.1268380952381,45.30325262596664,0.20859410430839,108.48916191513138,13.976617440833785,45.496707208585725
no_dr,aptos_a247961a5cd9.png,1050,1050,3,1.0,1050x1050,76.71827845804988,42.72438311243218,0.2103074829931973,96.9606689822153,19.045313230206744,64.47111173385082
no_dr,aptos_a26f50218b84.png,819,614,3,1.3338762214983713,819x614,35.86765261520962,23.30407380768891,0.20324499966193776,44.9809389983053,16.51895294223884,8.407307937277155
no_dr,aptos_a2811f512c1c.png,1050,1050,3,1.0,1050x1050,69.83702947845805,37.41136067733022,0.20937959183673469,87.89934366535537,14.547086401506965,42.013249043623595
no_dr,aptos_a2b97d98f130.png,2588,1958,3,1.3217568947906027,2588x1958,52.15946112567946,26.0979317628659,0.09567059722487539,57.1659554846774,22.159643370513876,13.000892189629166
no_dr,aptos_a2b995b81692.png,1050,1050,3,1.0,1050x1050,80.63585487528344,42.78667538636759,0.2085170068027211,101.507012296444,14.94573912040991,38.37242675080857
no_dr,aptos_a2dff8dbc9f8.png,2048,1536,3,1.3333333333333333,2048x1536,46.94005425771078,50.84588313725054,0.5247713724772135,98.74221841679265,18.067339126482462,21.128788630167644
no_dr,aptos_a30a143a53a3.png,1050,1050,3,1.0,1050x1050,70.99906394557823,38.84724667438468,0.21083628117913833,89.75082897248788,15.622514418498763,54.73084650263545
no_dr,aptos_a3132c8828e4.png,2048,1536,3,1.3333333333333333,2048x1536,43.74730714162191,47.26220856460023,0.5249900817871094,92.0683345245648,15.962746823082623,21.85316212972005
no_dr,aptos_a34fc5376669.png,1050,1050,3,1.0,1050x1050,87.91090430839002,46.415981807704505,0.2084843537414966,110.76444858510781,14.704846861005981,44.230835455988796
no_dr,aptos_a384e688e228.png,1050,1050,3,1.0,1050x1050,73.44267664399094,40.32020448852628,0.20852154195011338,92.55821935469083,17.35556127258697,47.29272689306122
no_dr,aptos_a3bd2e034614.png,2588,1958,3,1.3217568947906027,2588x1958,40.14490900881415,18.857425880617278,0.07106264001528229,42.48799033312316,17.479307500566254,2.8697230256295096
no_dr,aptos_a4012932e18d.png,2416,1736,3,1.391705069124424,2416x1736,80.35398752937407,40.470060966136224,0.1660884044923246,95.94897746207941,22.352678082291632,13.732909147035365
no_dr,aptos_a419fcb2dfb5.png,819,614,3,1.3338762214983713,819x614,33.801833888153105,38.04131897612603,0.5246765539925149,71.04079506660419,20.032478649613445,26.549005102751032
no_dr,aptos_a44345b27804.png,1050,1050,3,1.0,1050x1050,73.55497596371882,41.213133970337864,0.21000816326530614,92.8601552758661,19.363031889113998,40.863948669384456
no_dr,aptos_a45c30da0c72.png,819,614,3,1.3338762214983713,819x614,44.70643670480804,29.067685492708627,0.20299244729212157,56.05613691028673,20.626042535752852,11.998109845363345
no_dr,aptos_a484bdf85b4c.png,1050,1050,3,1.0,1050x1050,72.74691972789115,39.2771684129487,0.20805079365079365,91.56433450460645,15.669818424077848,45.60831739119729
no_dr,aptos_a4ee03ecff60.png,1050,1050,3,1.0,1050x1050,90.37617505668935,47.155056476306335,0.20746938775510204,113.76237890050528,13.00067125624396,55.362906157051036
no_dr,aptos_a528be013a04.png,1050,1050,3,1.0,1050x1050,64.99306303854875,37.98582484085368,0.2109950113378685,82.17414511000393,20.720248321201232,51.83206870408443
no_dr,aptos_a53d6d2472a6.png,1050,1050,3,1.0,1050x1050,74.81101496598639,41.683994479512506,0.20879365079365078,94.2115899828615,19.82324122932376,53.50890125339627
no_dr,aptos_a5bb85afc6e8.png,1050,1050,3,1.0,1050x1050,91.50466394557823,49.34967176605818,0.2092126984126984,115.48729759830611,18.165113238430095,59.64286573752708
no_dr,aptos_a61723fc38c2.png,1050,1050,3,1.0,1050x1050,79.06057777777778,42.92911105692532,0.20938049886621315,99.58330216667547,17.858398151024257,47.041894956912785
no_dr,aptos_a627eb8c08c5.png,819,614,3,1.3338762214983713,819x614,47.97223315952958,51.52063177240137,0.5242927539344477,100.77388312703529,16.186554047098987,42.43325259611905
no_dr,aptos_a62e995f167c.png,2048,1536,3,1.3333333333333333,2048x1536,38.531721433003746,41.51099098008034,0.525360107421875,81.15029120855569,13.154058210591998,20.577285766601562
no_dr,aptos_a6356a3c5d11.png,2588,1958,3,1.3217568947906027,2588x1958,66.76309552377359,26.79726799222097,0.02802673768931171,68.40545235564082,25.34863159146929,14.457692885536604
no_dr,aptos_a646c084928c.png,1050,1050,3,1.0,1050x1050,72.98737052154195,39.153017105106734,0.20943854875283446,92.10574763020396,13.908201585195767,43.73119833384977
no_dr,aptos_a654b25124c3.png,1050,1050,3,1.0,1050x1050,77.46417777777778,42.680865794604166,0.20868662131519275,97.65680524241108,18.64806285163881,51.826629259875055
no_dr,aptos_a673193cd5a9.png,1050,1050,3,1.0,1050x1050,83.6669814058957,45.255732123115635,0.2083482993197279,105.23572747812777,18.80102963885955,53.170240858486714
no_dr,aptos_a6731dd737af.png,1050,1050,3,1.0,1050x1050,48.32028117913832,30.617242300519795,0.21209977324263038,61.10582851748671,20.461362257688315,51.392530142840485
no_dr,aptos_a6b6d27c1b32.png,2048,1536,3,1.3333333333333333,2048x1536,54.17394860585531,58.10171176030384,0.5251471201578776,114.05491786487504,16.763542604734383,20.254398345947266
no_dr,aptos_a70d0f12a641.png,1050,1050,3,1.0,1050x1050,85.81272199546486,46.80868421434982,0.2085922902494331,108.16465163828741,19.310936077076335,58.11709414809754
no_dr,aptos_a73c3d516c59.png,819,614,3,1.3338762214983713,819x614,52.38936018740579,31.79166132016416,0.20272995191561966,65.6737403970867,19.927881167280972,18.703575906889252
no_dr,aptos_a73d012c4c38.png,1050,1050,3,1.0,1050x1050,87.90229931972789,47.69037282323605,0.2101968253968254,111.09797900220268,17.875360111190577,55.02868014327033
no_dr,aptos_a76132e79688.png,1050,1050,3,1.0,1050x1050,80.90540226757369,43.359227156554475,0.20842267573696144,101.76630488338677,16.928234639113192,46.274241310317414
no_dr,aptos_a7673ac44509.png,2588,1958,3,1.3217568947906027,2588x1958,45.028896430922636,24.005102548325755,0.09533491576585892,49.1113770237116,21.49512798877973,12.302195800784416
no_dr,aptos_a77eb914b383.png,819,614,3,1.3338762214983713,819x614,65.63123774524426,56.4423799315691,0.20553387980098078,82.54634927786539,51.16102085027963,40.656880977867914
no_dr,aptos_a7b03e58a6e1.png,1050,1050,3,1.0,1050x1050,68.6345514739229,38.24420186345864,0.20935963718820863,86.42502130940103,18.37805085945857,49.73092907936506
no_dr,aptos_a7c10ca6c117.png,1050,1050,3,1.0,1050x1050,75.39117006802721,43.31277315531971,0.20935056689342404,95.04748356929233,22.95100077954641,45.33314053618315
no_dr,aptos_a821b6ecef33.png,819,614,3,1.3338762214983713,819x614,39.813781404986614,44.3241224968227,0.5247282576272805,83.70446614616021,21.5010273609938,28.26778505605867
no_dr,aptos_a8263d248523.png,2588,1958,3,1.3217568947906027,2588x1958,38.6672500801215,24.779780081456565,0.09558356869846373,42.18789195525243,23.433890745449187,12.59739893244992
no_dr,aptos_a82a12ad3fb1.png,819,614,3,1.3338762214983713,819x614,41.98960756941213,26.887302091053744,0.20294074365735604,52.6450373489948,18.639282834381177,10.052201904822514
no_dr,aptos_a85cda5f725d.png,1050,1050,3,1.0,1050x1050,74.96700226757369,39.652503931854724,0.20924625850340137,94.39236366806377,13.58486330193811,34.54414632648414
no_dr,aptos_a86128b601a7.png,1050,1050,3,1.0,1050x1050,86.66438367346939,46.88166314732387,0.20739682539682538,109.01126973319067,19.09450656152254,52.6004349717914
no_dr,aptos_a88365134c3c.png,1050,1050,3,1.0,1050x1050,81.01811519274376,45.65437677819429,0.20952290249433106,102.2112068718223,22.195122974065633,48.86150586124587
no_dr,aptos_a8854768549f.png,2048,1536,3,1.3333333333333333,2048x1536,46.596206982930504,52.13844999669416,0.5255899429321289,98.19150341906973,25.78921220104621,20.403236389160156
no_dr,aptos_a8a6588c8eb7.png,2048,1536,3,1.3333333333333333,2048x1536,53.77699979146322,59.725667390304565,0.5245644251505533,113.0790978282164,28.261287264416936,21.643657048543293
no_dr,aptos_a8aed92940fb.png,819,614,3,1.3338762214983713,819x614,41.44501119582553,45.22270846328562,0.5240640647806771,87.01065465545769,18.303710470418114,32.733038224894905
no_dr,aptos_a8b3c0961d42.png,819,614,3,1.3338762214983713,819x614,37.41580063078435,23.30391690279702,0.2030898887576412,46.917412580257974,15.38946045653675,13.43629217533503
no_dr,aptos_a8b637abd96b.png,2416,1736,3,1.391705069124424,2416x1736,74.79475253303629,35.793643326388334,0.16622096926786095,89.30151992441556,16.446206152254224,10.21740670712689
no_dr,aptos_a8c9fcdbc0be.png,2588,1958,3,1.3217568947906027,2588x1958,54.51856766438327,22.812983639584566,0.09522696881813288,59.723574189270536,17.046554276630573,13.114429485547154
no_dr,aptos_a8dea22ef903.png,1050,1050,3,1.0,1050x1050,80.81604897959184,45.946703163955114,0.20896326530612244,101.93777791537384,23.09501836980706,56.76225252651394
no_dr,aptos_a94da3d3b5c0.png,2048,1536,3,1.3333333333333333,2048x1536,28.699339866638184,31.982709376437004,0.5256640116373698,60.47511949344964,15.348047597289526,25.886106491088867
no_dr,aptos_a95d9d61ddd4.png,1050,1050,3,1.0,1050x1050,67.8865514739229,37.27566103230967,0.20920725623582767,85.37054467000593,17.18302904948396,49.70444194088183
no_dr,aptos_a963ac561580.png,1050,1050,3,1.0,1050x1050,66.03224489795919,38.517747992061196,0.21030204081632653,83.20728382044514,21.808891692631743,42.05661172560734
no_dr,aptos_a96ff96bbae5.png,1050,1050,3,1.0,1050x1050,83.19205623582766,43.570318732974435,0.20691519274376416,104.47565578195193,14.277368705209467,48.05457278977461
no_dr,aptos_a987aa7aac37.png,1050,1050,3,1.0,1050x1050,83.31678185941043,44.68660807069077,0.20825578231292516,104.86889075241322,17.062937833448835,43.97249325220582
no_dr,aptos_a9a3225cf4b5.png,1050,1050,3,1.0,1050x1050,87.41019229024943,48.1153738223796,0.21142131519274376,110.64698737531745,19.53067740249645,47.23761787206854
no_dr,aptos_a9b3177f01c0.png,819,614,3,1.3338762214983713,819x614,45.206611701725706,51.605557080310575,0.5250404680372107,95.11598511143397,29.370316387412196,23.152096184669475
no_dr,aptos_a9bc2f892cb3.png,819,614,3,1.3338762214983713,819x614,46.86526231640238,28.23602673326276,0.20295864106939027,58.763011938473824,17.39892322930565,17.63541798877113
no_dr,aptos_a9dc80cba9a4.png,2588,1958,3,1.3217568947906027,2588x1958,43.655768234943075,20.5608835548341,0.08991724198903402,47.058101128746095,18.323242499427444,11.655110485134168
no_dr,aptos_a9e3d186cd1b.png,819,614,3,1.3338762214983713,819x614,39.42687912883353,43.513085436587836,0.5245989985403666,82.86625282875225,19.635319362389037,34.4861573460922
no_dr,aptos_aa10a4b2e709.png,1050,1050,3,1.0,1050x1050,78.39418866213153,43.52011322604693,0.20908027210884353,98.90545752297334,19.54563867299894,56.77524989493062
no_dr,aptos_aa4407aab872.png,1050,1050,3,1.0,1050x1050,84.8306022675737,45.643752353394916,0.2078675736961451,106.78235160753258,17.641150389505412,55.039088470951114
no_dr,aptos_aa60813e1a8d.png,2588,1958,3,1.3217568947906027,2588x1958,51.888644928348484,24.588862819832993,0.09539846040419127,56.87875911534546,20.180472279582972,13.335973720617288
no_dr,aptos_aa6242f9e08c.png,2048,1536,3,1.3333333333333333,2048x1536,67.63522084554036,73.74337692129592,0.524169921875,142.11011990657602,29.10334848233489,19.561336517333984
no_dr,aptos_aa8a1e814811.png,1050,1050,3,1.0,1050x1050,84.57997551020408,46.564863899183834,0.20941950113378685,106.77085754604957,19.76708205365527,49.92835107638403
no_dr,aptos_aa94cc4bfd84.png,1050,1050,3,1.0,1050x1050,73.84867120181406,40.327873226904366,0.2102421768707483,93.1273940287674,17.058403186770093,40.11839122000319
no_dr,aptos_aaaadb174012.png,1050,1050,3,1.0,1050x1050,91.19527709750567,47.180457628640404,0.20717006802721089,114.50810381022657,13.544692010570618,48.02136784597446
no_dr,aptos_aabd867043cf.png,1050,1050,3,1.0,1050x1050,86.15114195011338,44.8344927813284,0.20703038548752833,108.17943972483812,13.798267631536909,47.14904846768085
no_dr,aptos_aafb0c944f14.png,1050,1050,3,1.0,1050x1050,81.18919092970522,44.20149011953763,0.20905396825396824,102.40067292188922,17.817606515003725,57.95889481805953
no_dr,aptos_aafe980edd0c.png,1050,1050,3,1.0,1050x1050,74.67209886621315,40.502499473648555,0.20936145124716554,94.13096908380264,16.303250917210523,49.28902460936254
no_dr,aptos_ab03d50bba2f.png,2048,1536,3,1.3333333333333333,2048x1536,40.16201623280843,45.1921892910821,0.5245278676350912,84.43005243008987,23.647045951975922,19.787487030029297
no_dr,aptos_ab32db41c409.png,2588,1958,3,1.3217568947906027,2588x1958,81.04759592082891,36.36462263024468,0.0906596486020969,88.40564799093036,29.272103817440712,16.218404895384047
no_dr,aptos_ab3c505b624f.png,819,614,3,1.3338762214983713,819x614,49.78627507129136,53.906889584671724,0.5240501445713172,104.53332720534472,19.647352995021528,31.478481344930856
no_dr,aptos_ab653b8554c0.png,1050,1050,3,1.0,1050x1050,92.10519002267574,48.50261337048359,0.20903219954648525,116.15153857268342,14.403804159472044,48.49022151826781
no_dr,aptos_ab686895533e.png,1050,1050,3,1.0,1050x1050,88.81088616780045,47.78186354232658,0.2081795918367347,111.86937531358035,18.132982484922685,57.62795505636522
no_dr,aptos_ab724603ee93.png,2048,1536,3,1.3333333333333333,2048x1536,33.32736905415853,38.02812553017207,0.5257126490275065,70.24014346046425,21.381033920315907,27.217069625854492
no_dr,aptos_ab78a66dee6a.png,1050,1050,3,1.0,1050x1050,89.03856054421769,46.5749283685999,0.20677369614512472,111.81679343923379,14.992043412193931,47.369803347110704
no_dr,aptos_ab7991df166b.png,819,614,3,1.3338762214983713,819x614,40.708739505156444,25.769031967427566,0.20303023071752713,51.0454401413283,17.5170269122145,14.755259892470619
no_dr,aptos_ab88081e5654.png,2048,1536,3,1.3333333333333333,2048x1536,27.42551326751709,30.900443558052,0.5258010228474935,57.80580960929838,16.06632933714258,23.654690424601238
no_dr,aptos_abbb8791785e.png,1050,1050,3,1.0,1050x1050,81.18947482993197,45.51104064265347,0.20931972789115647,102.39532880208782,21.698189311617057,47.727823272710474
no_dr,aptos_abe940882578.png,1050,1050,3,1.0,1050x1050,81.44794829931973,43.077297859164915,0.20885351473922903,102.69529108420971,13.543918120951274,45.58326480727766
no_dr,aptos_ac0a48ccbf70.png,819,614,3,1.3338762214983713,819x614,45.773474444484215,27.75948686946717,0.20280949596910508,57.38432947515466,17.3728090419365,15.10062698669793
no_dr,aptos_ac1667fac512.png,1050,1050,3,1.0,1050x1050,73.03955102040817,39.84360546546658,0.2088888888888889,92.00385462049988,16.866901269965826,42.48691041085471
no_dr,aptos_ac17cc18a994.png,1050,1050,3,1.0,1050x1050,84.16063673469388,44.28880371111261,0.209275283446712,106.03486109932162,13.918955384754316,45.40674772492202
no_dr,aptos_ac81fc200162.png,2588,1958,3,1.3217568947906027,2588x1958,50.80751835690142,26.092798557456838,0.09456981463910592,55.63321948784788,22.485747296744595,13.222662386151086
no_dr,aptos_ace2281f00c4.png,2048,1536,3,1.3333333333333333,2048x1536,46.515536626180015,50.82319525633147,0.5244576136271158,97.78427089022392,20.48798203667797,20.469916661580402
no_dr,aptos_ace287a5c991.png,819,614,3,1.3338762214983713,819x614,55.3785382189291,37.52956264706919,0.20277568974637378,69.42709972885804,28.165789227520587,20.886064829271152
no_dr,aptos_acf976efd7ce.png,1050,1050,3,1.0,1050x1050,81.71530975056689,44.557142592372614,0.20821768707482993,102.87743602080326,18.871616596906026,51.09701912648413
no_dr,aptos_ad029ba7fa8b.png,819,614,3,1.3338762214983713,819x614,60.88057454669833,65.55377588173965,0.5232865216578572,127.63960070581463,22.301918076133312,89.8613547147749
no_dr,aptos_ad12cde115ab.png,2048,1536,3,1.3333333333333333,2048x1536,35.08793640136719,39.26328525205662,0.525114377339681,73.85790378087385,19.588582087272354,23.91211700439453
no_dr,aptos_ad1aa75d5630.png,2048,1536,3,1.3333333333333333,2048x1536,52.81233596801758,56.47976031847633,0.5251544316609701,111.18921696284816,15.117486138311609,19.83136240641276
no_dr,aptos_ad20080452de.png,1050,1050,3,1.0,1050x1050,76.18371065759638,41.436482989065674,0.20972879818594103,96.16436620397258,16.38974226836881,40.06680323618165
no_dr,aptos_ad312ca98202.png,1050,1050,3,1.0,1050x1050,80.3375664399093,43.63802647944904,0.20901950113378684,101.12902382415808,18.406384270749438,44.465964071796414
no_dr,aptos_ad6b07d5c338.png,2048,1536,3,1.3333333333333333,2048x1536,48.41106605529785,52.90041567652254,0.5249716440836588,101.88322168760163,21.08334889721043,21.654855728149414
no_dr,aptos_ad93d88c87ea.png,1050,1050,3,1.0,1050x1050,79.93705850340136,42.71798966051165,0.2075809523809524,100.68628225291367,15.11371299405091,62.59479794159511
no_dr,aptos_ad944bd56bb6.png,2048,1536,3,1.3333333333333333,2048x1536,46.208117167154946,51.557588778340396,0.5245974858601888,97.16914958137383,25.314653042963016,22.8978697458903
no_dr,aptos_addf66a50f42.png,1050,1050,3,1.0,1050x1050,91.9537850340136,48.524526386172134,0.20846802721088437,115.68153722394874,16.535888598715594,46.02967995158476
no_dr,aptos_ae20112e7a1e.png,819,614,3,1.3338762214983713,819x614,46.20890455906743,29.14368302248962,0.20285722240119633,57.93298092082942,19.69282771365011,15.103270251131827
no_dr,aptos_ae2c3f6312ef.png,1050,1050,3,1.0,1050x1050,89.6322185941043,48.10822345554201,0.2083637188208617,112.9192968666753,17.898462566544634,49.838110202704456
no_dr,aptos_ae2e888905ba.png,2048,1536,3,1.3333333333333333,2048x1536,48.73494497934977,52.30278870090064,0.5243301391601562,102.42595473719666,15.905662129850143,22.59128189086914
no_dr,aptos_ae49cc60f251.png,1050,1050,3,1.0,1050x1050,80.01923446712019,43.61431411323758,0.20775691609977323,100.61802763301307,18.92724245797944,44.588785277183064
no_dr,aptos_ae57c8630249.png,1050,1050,3,1.0,1050x1050,88.00303673469388,49.005602880494564,0.20914285714285713,111.06211579043949,22.221904146840266,54.444830189458074
no_dr,aptos_ae58ccb5905e.png,1050,1050,3,1.0,1050x1050,75.75372063492064,42.16530495489376,0.2084281179138322,95.39072633687327,19.886492570017513,48.60933234106448
no_dr,aptos_ae5d31979f19.png,2416,1736,3,1.391705069124424,2416x1736,65.32156876583147,32.00084348390337,0.16704926068910794,78.0217117756134,16.24277636339237,10.456644880096507
no_dr,aptos_ae61e19fb766.png,2048,1536,3,1.3333333333333333,2048x1536,52.19047927856445,58.81058917609396,0.5245237350463867,109.73265834023637,31.00726327474417,21.505787531534832
no_dr,aptos_ae94ce412de9.png,2588,1958,3,1.3217568947906027,2588x1958,81.44046005528779,37.99499124099549,0.003999365342991066,81.72770226814222,37.79927834589972,15.304378617491965
no_dr,aptos_ae975c43bd8b.png,1050,1050,3,1.0,1050x1050,83.91329160997732,45.51236208954984,0.20950657596371883,105.9046056368249,17.650223743447782,45.5498428713139
no_dr,aptos_aeab0a63bcaf.png,2048,1536,3,1.3333333333333333,2048x1536,52.092963218688965,55.4470432131675,0.5246925354003906,109.56816266583199,13.122721683163025,21.260800043741863
no_dr,aptos_aeb6f4fd2eed.png,2048,1536,3,1.3333333333333333,2048x1536,45.61617374420166,52.08527324732716,0.5247494379679362,95.9524176777531,29.660225471138315,22.04588508605957
no_dr,aptos_aebe87a423c8.png,819,614,3,1.3338762214983713,819x614,52.31230586279446,57.12924257271215,0.5234197579474452,109.71022215175084,23.535124026603533,42.691007147033204
no_dr,aptos_aec51513cf45.png,819,614,3,1.3338762214983713,819x614,39.33572363214057,43.11470763911297,0.5245393405002525,82.66874814402763,18.156576359136746,29.729005341383193
no_dr,aptos_aeccef0bdc26.png,1050,1050,3,1.0,1050x1050,71.8132970521542,39.883038990931006,0.2096108843537415,90.6126561273531,18.053909144512602,49.826183741415555
no_dr,aptos_af345c68e836.png,1050,1050,3,1.0,1050x1050,82.73178049886621,43.50929317444234,0.20786848072562358,104.02037614862738,14.460222864605521,45.62957344745781
no_dr,aptos_af5a0bc4e1fa.png,819,614,3,1.3338762214983713,819x614,48.77504941674323,29.792806232212463,0.2027538151316653,61.142247099085075,18.94455108665938,19.598758057230565
no_dr,aptos_af6166d57f13.png,2048,1536,3,1.3333333333333333,2048x1536,45.63986110687256,49.74373072194164,0.5253133773803711,96.11735996008666,19.033895228513547,19.136311848958332
no_dr,aptos_af6a1508cd95.png,2588,1958,3,1.3217568947906027,2588x1958,85.13370364201556,37.03083096298556,0.004836496882760537,85.49929503394546,36.74658276406187,15.388181168180548
no_dr,aptos_af7a36454670.png,1050,1050,3,1.0,1050x1050,87.03522358276643,45.670277667724605,0.20843990929705217,109.67877551721965,13.215640575520936,49.28141709712806
no_dr,aptos_af87d48ffe01.png,2048,1536,3,1.3333333333333333,2048x1536,49.82484372456869,54.441294044646845,0.5252307256062826,104.9167998553728,21.540235838726723,20.952472686767578
no_dr,aptos_afc345cc9145.png,2588,1958,3,1.3217568947906027,2588x1958,70.82880008777843,32.4132153463246,0.09361980256167776,77.51107970033773,26.115499000652736,14.93863462698432
no_dr,aptos_afc744fad65e.png,1050,1050,3,1.0,1050x1050,88.07269659863945,47.72205078449126,0.20878820861678005,111.0743014819256,18.54389519629107,48.743567722189034
no_dr,aptos_b05922e7abd3.png,1050,1050,3,1.0,1050x1050,84.29900045351474,44.84408580666322,0.20814240362811792,106.15973805959293,15.591205915480638,45.40027470109594
no_dr,aptos_b0619ca93a5f.png,1050,1050,3,1.0,1050x1050,82.62360544217687,44.52134675815094,0.20806077097505668,103.9576446576789,17.742497266779313,45.00610839909297
no_dr,aptos_b085caa513a8.png,819,614,3,1.3338762214983713,819x614,46.28627308269002,27.248305726888248,0.20300239029880723,58.03962493419132,15.84260316785015,11.28146320830239
no_dr,aptos_b086c7cd3868.png,1050,1050,3,1.0,1050x1050,77.41352653061224,42.25367088003075,0.20924353741496599,97.67056545642451,17.2117664927475,50.97760078605192
no_dr,aptos_b09101adb478.png,1050,1050,3,1.0,1050x1050,73.2175455782313,41.51646218306705,0.20982312925170069,92.42961190123627,20.536378743922807,53.32092936465278
no_dr,aptos_b0acd3593310.png,2588,1958,3,1.3217568947906027,2588x1958,58.715262198597124,30.539875315174317,0.09508705220764335,64.37116443268944,26.346824259300888,14.86953279264342
no_dr,aptos_b0b3b16fc305.png,1050,1050,3,1.0,1050x1050,65.03396190476191,35.89454162187273,0.20968798185941043,81.87661694511425,16.642153087941203,46.97481003078268
no_dr,aptos_b0c9a492e068.png,2588,1958,3,1.3217568947906027,2588x1958,41.93583984698767,18.85322688194589,0.09565066552154755,45.894210137316854,15.136944427488602,12.09404626206671
no_dr,aptos_b0f0fa677d5f.png,1050,1050,3,1.0,1050x1050,83.37202993197279,45.8480111373328,0.20975056689342403,105.30160229555237,19.151755523766436,58.22618852770526
no_dr,aptos_b0f8613305a3.png,2416,1736,3,1.391705069124424,2416x1736,58.243933015686515,26.477560990654414,0.1673165360728782,69.54718746680311,8.847051511822844,13.443609899584004
no_dr,aptos_b10fca20c885.png,1050,1050,3,1.0,1050x1050,75.44087074829932,40.03730963349696,0.20826303854875283,94.87052549576694,14.541737891709321,42.85302865706862
no_dr,aptos_b11dcdcbc8c8.png,2588,1958,3,1.3217568947906027,2588x1958,73.52471057588019,27.553261855665962,0.003757619436291961,73.76454931131758,27.326493019862635,14.362982562907355
no_dr,aptos_b16dd4483ca5.png,2048,1536,3,1.3333333333333333,2048x1536,52.12978998819987,57.49563711123859,0.5247376759847006,109.6588185246474,25.463816479408425,21.56593958536784
no_dr,aptos_b1c6f0997e27.png,1050,1050,3,1.0,1050x1050,80.99787120181406,43.449267332711116,0.20931156462585035,102.22812807576624,15.289362616544684,45.14779440786503
no_dr,aptos_b200c23b299b.png,1050,1050,3,1.0,1050x1050,74.5541097505669,40.04584201967289,0.20840090702947847,93.97553446738884,14.678952179617053,63.09856886720572
no_dr,aptos_b21abe5d9722.png,819,614,3,1.3338762214983713,819x614,51.03344230868661,54.524239565936114,0.5237100937426671,107.08460189553672,15.57646375694549,70.93344946765143
no_dr,aptos_b22cc1bf0b8a.png,1050,1050,3,1.0,1050x1050,87.78268480725623,49.124873263958385,0.21080816326530613,111.03622064076572,22.190552721475274,59.0002943926442
no_dr,aptos_b294927b14b0.png,1050,1050,3,1.0,1050x1050,84.41665578231293,45.067729697540614,0.2077705215419501,106.27309478803755,16.25216352464921,48.96081925148388
no_dr,aptos_b2b79b37d314.png,1050,1050,3,1.0,1050x1050,82.10112743764172,43.31151775298059,0.20810884353741496,103.25762146931483,14.749314485014734,45.07122874277607
no_dr,aptos_b2b7ccd34cbd.png,1050,1050,3,1.0,1050x1050,73.81536598639455,39.32038505986527,0.20908208616780044,92.9337077272941,14.356878904120032,38.120579536422774
no_dr,aptos_b351ae99413a.png,1050,1050,3,1.0,1050x1050,73.69415056689343,40.05284684611083,0.20776326530612244,92.62861372433856,17.288054909408817,49.491595149654714
no_dr,aptos_b35cad8fe2d7.png,2588,1958,3,1.3217568947906027,2588x1958,82.11000307066638,26.983564371406022,0.02326503402992992,83.83205624586188,24.85934847541362,15.804929997746047
no_dr,aptos_b3a994760537.png,1050,1050,3,1.0,1050x1050,79.64882448979591,42.26335964257976,0.20810702947845805,100.16871539478296,15.224580585435627,47.684874076357055
no_dr,aptos_b3f31c371e59.png,1050,1050,3,1.0,1050x1050,77.41417777777778,42.09072417715163,0.20842267573696144,97.38646223161311,17.994553599751455,42.05937822123002
no_dr,aptos_b43440c6ebe4.png,2588,1958,3,1.3217568947906027,2588x1958,59.21636673071124,24.75545827239027,0.09206374829692475,64.47601987398248,19.34776685470074,13.677249085492587
no_dr,aptos_b460ca9fa26f.png,1050,1050,3,1.0,1050x1050,83.90225850340136,44.117385504387045,0.20877641723356008,105.62426231537823,14.115236725147811,41.309092538088564
no_dr,aptos_b46b09a45f39.png,1050,1050,3,1.0,1050x1050,84.59982040816327,46.72413469850198,0.20913469387755101,106.59113643427389,21.152716175446713,46.49274309404085
no_dr,aptos_b4b04d81acbb.png,1050,1050,3,1.0,1050x1050,52.932881632653064,29.79899788868941,0.21166439909297052,66.91328554663231,14.2339271573314,35.90630115303809
no_dr,aptos_b4e15102cd7a.png,2588,1958,3,1.3217568947906027,2588x1958,59.97091925015748,21.036995366249716,0.015335768290199286,60.751409383490795,20.24163738986781,13.15004744140017
no_dr,aptos_b5204c0decc7.png,1050,1050,3,1.0,1050x1050,82.0354739229025,45.72990465930961,0.20934421768707484,103.44236765485294,21.341938179388336,42.369565765930844
no_dr,aptos_b532dedd928c.png,2048,1536,3,1.3333333333333333,2048x1536,51.15974140167236,55.003206669546515,0.5248003005981445,107.62727272119123,17.046234175641803,20.752362569173176
no_dr,aptos_b549af91bd30.png,1050,1050,3,1.0,1050x1050,79.35296235827664,41.55163655702188,0.20851972789115647,99.8915135908834,12.567013971190203,45.380618653605424
no_dr,aptos_b553e7909535.png,1050,1050,3,1.0,1050x1050,91.24781587301587,50.273498385340076,0.20921814058956917,115.11755064306746,21.726506148017364,54.38787573018567
no_dr,aptos_b598bc9753c2.png,1050,1050,3,1.0,1050x1050,93.81208253968254,49.32872801126656,0.20819773242630385,118.14674980125137,15.10568466871372,49.03576400496831
no_dr,aptos_b5a3ca5c0a80.png,1050,1050,3,1.0,1050x1050,85.55289433106576,46.84320844312898,0.20888798185941043,107.8252845387703,19.960495501421462,50.17234863532048
no_dr,aptos_b5b913358b32.png,1050,1050,3,1.0,1050x1050,79.2844925170068,43.08316997106952,0.20803990929705216,99.78166402484837,17.994144992323626,47.050578291449355
no_dr,aptos_b5bf7b84fc66.png,1050,1050,3,1.0,1050x1050,79.73550385487529,41.74016101233557,0.2079501133786848,100.21257393485145,13.51636524033748,46.09613673645527
no_dr,aptos_b5e6ae31493c.png,1050,1050,3,1.0,1050x1050,87.7331238095238,46.42287998084282,0.20918004535147391,110.6706698980019,14.47192977844855,47.36164389798492
no_dr,aptos_b64e1eef3d63.png,2048,1536,3,1.3333333333333333,2048x1536,39.40510686238607,42.562356402973336,0.5246505737304688,82.86485167054543,14.520815794842196,22.08543078104655
no_dr,aptos_b66f23ffa730.png,1050,1050,3,1.0,1050x1050,76.4996671201814,42.8496775389887,0.21022857142857143,96.59785947999536,20.074018139908695,52.82203618082259
no_dr,aptos_b67ae80f7eba.png,819,614,3,1.3338762214983713,819x614,41.206496362848156,26.68639184300391,0.20290892603596186,51.659808397575034,18.83672969448591,12.120820978564923
no_dr,aptos_b69c224edd6e.png,2588,1958,3,1.3217568947906027,2588x1958,71.39459207499688,39.66394160192218,0.09220761177936039,77.92901114333291,35.63399014406194,16.27072581343938
no_dr,aptos_b6bf847fbcb2.png,1050,1050,3,1.0,1050x1050,86.30435646258503,45.809070874663234,0.2092780045351474,108.85324127551846,14.958921997497376,43.01074400045166
no_dr,aptos_b6d9974443ce.png,2048,1536,3,1.3333333333333333,2048x1536,49.150122006734215,55.01891069116308,0.5247777303059896,103.39374080218339,27.619189688803235,22.150475184122723
no_dr,aptos_b6fd109b1bc9.png,2588,1958,3,1.3217568947906027,2588x1958,41.744956489683666,20.460548966529508,0.09305539987338435,45.38365742888451,17.86588955113294,12.410221462356223
no_dr,aptos_b70e7c26f51e.png,1050,1050,3,1.0,1050x1050,82.25471473922903,46.522882042154215,0.209081179138322,103.79752358977417,22.725303553788027,60.02090326496555
no_dr,aptos_b72a86d61959.png,1050,1050,3,1.0,1050x1050,87.14331156462585,47.96750008616806,0.20823038548752834,109.79759910920284,20.99616418051273,54.67882553255073
no_dr,aptos_b72f59b85f7c.png,2048,1536,3,1.3333333333333333,2048x1536,42.85560131072998,47.11819152988109,0.5252758661905924,90.24549587404988,20.02721306286721,22.19083023071289
no_dr,aptos_b73d0bcd3d33.png,819,614,3,1.3338762214983713,819x614,26.88929058635899,29.532625964514445,0.5257464215118939,56.63647341982339,12.4800120628033,15.999033539750153
no_dr,aptos_b74de20d73de.png,2048,1536,3,1.3333333333333333,2048x1536,53.91566276550293,58.77088723353346,0.524806022644043,113.42964254822117,22.793596379664304,22.32572873433431
no_dr,aptos_b759cbef90c5.png,1050,1050,3,1.0,1050x1050,82.01949750566894,43.51593986247852,0.20854784580498867,103.29248340545695,14.900826365367704,42.24407762734578
no_dr,aptos_b77b88926843.png,1050,1050,3,1.0,1050x1050,79.10218866213152,43.0292677499968,0.20908843537414967,99.68560288080002,17.723169373810478,47.183828822435096
no_dr,aptos_b7983cb3f270.png,1050,1050,3,1.0,1050x1050,78.10059682539682,41.05169674815284,0.20787301587301588,98.14349951907663,13.943388966935597,45.87852850352354
no_dr,aptos_b7a1bb106051.png,1050,1050,3,1.0,1050x1050,75.55079183673469,41.48059110391161,0.20886893424036282,95.2696228712415,17.68850010903949,56.91483349991493
no_dr,aptos_b7aca95b97b9.png,819,614,3,1.3338762214983713,819x614,44.63592686719723,30.139033689116015,0.2029049488332876,55.963485949225614,22.519016369870325,16.55461533171746
no_dr,aptos_b7bd4a6627b6.png,1050,1050,3,1.0,1050x1050,86.67963174603175,48.4391262554401,0.20949297052154195,109.41982871580454,22.34432637100207,51.22340415350065
no_dr,aptos_b7ce561a7328.png,1050,1050,3,1.0,1050x1050,78.79530793650794,43.5711436631638,0.20904308390022674,99.33190027866014,19.550409834693514,48.81665937574899
no_dr,aptos_b7f0bc7d399e.png,2588,1958,3,1.3217568947906027,2588x1958,70.68868731775319,27.346918188567702,0.08008518928408478,76.02066121375836,21.399361609814086,14.613850876121907
no_dr,aptos_b8297a2291f5.png,1050,1050,3,1.0,1050x1050,79.38942585034013,43.072562233379585,0.20837551020408163,100.08824243840846,16.943348941710553,59.09297843679209
no_dr,aptos_b82dfa63a75f.png,2048,1536,3,1.3333333333333333,2048x1536,57.01945559183756,61.78270352541985,0.5240904490152994,119.77612983123169,22.489682916685528,23.490111033121746
no_dr,aptos_b835b6e31a59.png,1050,1050,3,1.0,1050x1050,79.22690975056689,41.92243484950664,0.20749931972789115,99.48831335008904,15.44757584176293,48.78891324096442
no_dr,aptos_b842b43cb7fb.png,2048,1536,3,1.3333333333333333,2048x1536,43.539265632629395,47.632255048144756,0.5248889923095703,91.61050870819031,19.30630582919013,19.833105723063152
no_dr,aptos_b86fb2d5be1a.png,2588,1958,3,1.3217568947906027,2588x1958,72.8946787088361,28.78033813262196,0.06741237549592446,77.46949164198782,24.035388465615682,15.6683863842323
no_dr,aptos_b8dab47a260e.png,1050,1050,3,1.0,1050x1050,81.8892798185941,44.62270035867319,0.2090793650793651,103.30098166263375,18.009636848504538,52.36970772591583
no_dr,aptos_b8e20c076b03.png,2588,1958,3,1.3217568947906027,2588x1958,93.9544244829203,36.65275346818638,0.05429474923943778,98.79410313811513,31.45063456916511,16.494688693522352
no_dr,aptos_b8e9a8f4617d.png,1050,1050,3,1.0,1050x1050,85.37737959183673,47.046686052727374,0.20915736961451248,107.55901681836532,21.11368329917713,42.95858576300286
no_dr,aptos_b92eacd1392a.png,1050,1050,3,1.0,1050x1050,89.03591927437641,47.09955412415936,0.20696961451247164,111.88545560186478,16.556368895890564,44.653690543149416
no_dr,aptos_b9519abce0c1.png,819,614,3,1.3338762214983713,819x614,59.05604077428182,64.65598154730439,0.522960391038567,123.73635086519903,27.628315550543622,73.06976411210938
no_dr,aptos_b963a11638f2.png,819,614,3,1.3338762214983713,819x614,35.735356934054,20.14328919434089,0.20301631050816718,44.80364093658303,10.195515345656936,10.406441935083517
no_dr,aptos_b9bc81fcb075.png,1050,1050,3,1.0,1050x1050,78.78103854875283,42.48791004894583,0.20813061224489796,99.08934797648665,17.25165005973257,47.83184381698654
no_dr,aptos_b9c7c5182075.png,1050,1050,3,1.0,1050x1050,81.51137142857142,45.38765942978049,0.2092471655328798,102.82090605123852,20.844201389042823,53.543203849144355
no_dr,aptos_b9d0b83d70c3.png,819,614,3,1.3338762214983713,819x614,41.3757323024424,44.48210118945836,0.5243345145625276,86.91687151959063,14.286372560914291,34.37685586219788
no_dr,aptos_b9fe7da14a32.png,819,614,3,1.3338762214983713,819x614,47.292861318919954,29.521954880850284,0.20288506281991625,59.2940909385743,19.57976686162005,17.14661550113786
no_dr,aptos_ba0107fb1bfd.png,1050,1050,3,1.0,1050x1050,85.83285260770975,46.396157789925,0.2077578231292517,108.06531134688196,18.367587450889037,53.50975104032497
no_dr,aptos_ba2ea9182090.png,1050,1050,3,1.0,1050x1050,73.02776235827665,39.598553562187725,0.20900589569161,92.08348517494562,15.636885296072805,49.922615447056714
no_dr,aptos_ba4e62c11cc0.png,1050,1050,3,1.0,1050x1050,81.81449160997732,44.656361266937296,0.20945941043083902,103.12584172718,18.807431167557933,43.20036822509141
no_dr,aptos_baaca2f7e1f0.png,1050,1050,3,1.0,1050x1050,81.26055873015873,42.46069969864727,0.20925079365079366,102.50407604487721,11.083435520017947,39.356162951668075
no_dr,aptos_bab776139279.png,2048,1536,3,1.3333333333333333,2048x1536,45.170762062072754,48.081619126047194,0.5243422190348307,94.9342580649473,11.718015564047459,23.71980158487956
no_dr,aptos_bac1744955c2.png,1050,1050,3,1.0,1050x1050,66.9722902494331,37.93298092285304,0.21048798185941042,84.53973923443053,18.866145151818106,51.17797587586573
no_dr,aptos_bacfa2b8e706.png,1050,1050,3,1.0,1050x1050,67.32618049886621,37.016942727790806,0.21016507936507936,84.9113646986138,16.218616391234573,40.29096532261848
no_dr,aptos_badb5ff8d3c7.png,2416,1736,3,1.391705069124424,2416x1736,71.53002735221412,35.17152411720003,0.16755376979888303,85.51776122421039,17.839369234402902,11.409733401243354
no_dr,aptos_bb08949dd70a.png,819,614,3,1.3338762214983713,819x614,39.68660040647011,26.14685894542237,0.20299642449479582,49.75786080352108,18.921261338297562,12.319154189845717
no_dr,aptos_bb2f89488ecd.png,1050,1050,3,1.0,1050x1050,78.90668117913832,43.50828614474492,0.21019591836734694,99.59623271192145,18.968477641017788,37.220625973399144
no_dr,aptos_bb752b179751.png,1050,1050,3,1.0,1050x1050,82.36577324263038,45.33022001567684,0.2094031746031746,103.94930549898868,19.338159081705182,57.754163656537386
no_dr,aptos_bb85097857fa.png,2048,1536,3,1.3333333333333333,2048x1536,55.06524467468262,60.19528633013789,0.5245997111002604,115.80089803942546,24.293175195047564,20.749350865681965
no_dr,aptos_bc34f52c37c7.png,2048,1536,3,1.3333333333333333,2048x1536,56.490091959635414,60.481907325535104,0.5248800913492838,118.86450269570814,16.936182661123137,21.261966705322266
no_dr,aptos_bc7bf19b84e3.png,1050,1050,3,1.0,1050x1050,82.55153741496599,43.5144848888508,0.2079265306122449,103.73859476147452,15.20059919708857,45.19082404004421
no_dr,aptos_bc8c6a778cde.png,819,614,3,1.3338762214983713,819x614,45.67262650487406,49.584230020929176,0.5245970099390295,96.00554663186428,18.498718453832204,36.63553312413247
no_dr,aptos_bc92a61a1f9c.png,1050,1050,3,1.0,1050x1050,95.60687437641724,50.29939721939125,0.20873922902494332,120.41488597089521,15.762803279126908,47.702050441138404
no_dr,aptos_bcb0498ed2c1.png,2588,1958,3,1.3217568947906027,2588x1958,42.61061029691528,18.18371571963107,0.0944154919460131,46.46894770653878,14.39929653957662,12.330912453189736
no_dr,aptos_bd06028eb7dd.png,1050,1050,3,1.0,1050x1050,76.9678231292517,41.24814837897988,0.20825850340136054,96.81597442991425,16.025835060290916,46.040377143199414
no_dr,aptos_bd34a0639575.png,1050,1050,3,1.0,1050x1050,80.20240634920636,43.47127379924309,0.20883265306122448,101.01522707626837,17.715037936272395,45.57801670095158
no_dr,aptos_bd375ba756b1.png,2048,1536,3,1.3333333333333333,2048x1536,42.75580151875814,46.68076072277546,0.5254666010538737,90.07166825322072,18.20441832174019,21.006268819173176
no_dr,aptos_bd500a73beae.png,1050,1050,3,1.0,1050x1050,85.52482993197279,45.05062616843806,0.2073297052154195,107.38151590708064,15.984780727417567,50.55106508054239
no_dr,aptos_bda91b76095b.png,1476,1117,3,1.3213965980304387,1476x1117,86.61331770882614,42.33480594473835,0.09278567494717024,94.89985271277922,35.14544269663046,94.45163131545941
no_dr,aptos_bdc6c60e9133.png,2048,1536,3,1.3333333333333333,2048x1536,51.310181617736816,55.289892102205506,0.5245968500773112,107.90079632815754,18.041328547485232,20.791772206624348
no_dr,aptos_bde1063a5dd7.png,2588,1958,3,1.3217568947906027,2588x1958,80.31303115029215,29.026887279813458,0.004972071934109341,80.66484005006635,28.668397162812617,14.994869653024285
no_dr,aptos_bdf47b9f10c4.png,1050,1050,3,1.0,1050x1050,84.72550929705216,45.97005838099848,0.20857414965986396,106.67863393032123,18.947760786587928,50.03371193707231
no_dr,aptos_be197b663520.png,1050,1050,3,1.0,1050x1050,72.60418866213152,41.802339300887674,0.2099546485260771,91.5241881691111,22.503141070647768,45.57068975464672
no_dr,aptos_be3a7d9e981e.png,2048,1536,3,1.3333333333333333,2048x1536,33.9287805557251,37.67549386247907,0.5258824030558268,71.53482964507575,17.451171626052123,21.091297149658203
no_dr,aptos_be521870a0ea.png,819,614,3,1.3338762214983713,819x614,42.60851598636615,27.621404567724564,0.20318335302048657,53.43893064997554,19.49571512285226,10.62754759909451
no_dr,aptos_be6cbf6e5b10.png,2048,1536,3,1.3333333333333333,2048x1536,48.54639434814453,51.92525807977015,0.5251865386962891,102.21407118477485,13.936597918648046,21.193214416503906
no_dr,aptos_be7f791a7877.png,2048,1536,3,1.3333333333333333,2048x1536,47.4164187113444,50.76796387715976,0.5244528452555338,99.67696675405864,14.562739589582106,20.573904037475586
no_dr,aptos_be8697eb2078.png,1050,1050,3,1.0,1050x1050,86.91820680272109,47.88853491271194,0.2085487528344671,109.56889092628141,20.902848405831506,53.01296736053475
no_dr,aptos_beb00fa6e7c9.png,2588,1958,3,1.3217568947906027,2588x1958,60.65890402470426,21.010260864286316,0.04540895908356791,63.08125563471287,18.25371185658424,13.229377001971924
no_dr,aptos_beb2ad14fd2d.png,2588,1958,3,1.3217568947906027,2588x1958,47.448887810954304,17.656182723744035,0.023666036219654477,48.360423424029804,16.857772858588092,12.048955026148493
no_dr,aptos_bebfbd907cac.png,1050,1050,3,1.0,1050x1050,92.94090340136054,50.01518443011505,0.2077814058956916,116.90063783673624,19.85419147277245,46.06529521335739
no_dr,aptos_bed8296c8dfe.png,2048,1536,3,1.3333333333333333,2048x1536,44.0211067199707,49.361959979518076,0.5246874491373698,92.58752250529025,25.11544580903274,21.399107615152996
no_dr,aptos_beeca5f14618.png,819,614,3,1.3338762214983713,819x614,42.738916530447476,27.733876223042632,0.20291290323863614,53.58288343129721,19.630439768228342,11.960976726169013
no_dr,aptos_bf6cbccacf39.png,819,614,3,1.3338762214983713,819x614,30.646770710288624,38.19547311553324,0.5249350721663425,64.4487722588261,29.90234765813345,41.289444901822755
no_dr,aptos_bf7221a016b5.png,2588,1958,3,1.3217568947906027,2588x1958,94.95821347998857,34.0431978548074,0.011154057463298037,95.91802039721138,33.00635082851469,16.305068924404925
no_dr,aptos_bf7b4eae7ad0.png,1050,1050,3,1.0,1050x1050,76.60546666666667,41.11353233646211,0.20818956916099773,96.28182035829369,16.57062860172887,44.46815011967234
no_dr,aptos_bf811911acf9.png,1050,1050,3,1.0,1050x1050,82.9068290249433,43.83870684721004,0.20798004535147394,104.19522401460372,15.711213337957894,53.600109775674916
no_dr,aptos_bf87aedf2489.png,1050,1050,3,1.0,1050x1050,82.05271111111111,45.841146324766996,0.20823310657596372,103.43716341532988,21.39094634463573,54.83952270519299
no_dr,aptos_bfa30ebf63a8.png,1050,1050,3,1.0,1050x1050,91.42817142857143,49.46738177989068,0.20821496598639455,115.20241413242331,19.371937484282334,56.207738561067885
no_dr,aptos_bfb578c0e8d8.png,2588,1958,3,1.3217568947906027,2588x1958,60.416259020575836,26.549646226387882,0.050012787865105386,63.08489399597912,24.486421591672425,13.279465961932026
no_dr,aptos_bff51afc76d4.png,2588,1958,3,1.3217568947906027,2588x1958,67.80834108235858,35.678305012306446,0.04721267956293919,70.69165066818722,34.05757786195734,15.278848476126901
no_dr,aptos_bffca6eeb2bf.png,1050,1050,3,1.0,1050x1050,77.20218866213152,41.36900730131652,0.2102421768707483,97.32560284274406,15.503746959707486,43.76975289268895
no_dr,aptos_c013e869acce.png,2048,1536,3,1.3333333333333333,2048x1536,56.172821362813316,60.3696802633326,0.5245259602864584,118.10974973791745,18.741762204499242,19.992760976155598
no_dr,aptos_c06024f05a16.png,1050,1050,3,1.0,1050x1050,89.56207891156463,49.90098582765225,0.2092643990929705,112.92995069891005,23.22031545377578,43.788928831887134
no_dr,aptos_c096131ad065.png,1050,1050,3,1.0,1050x1050,70.42347210884354,38.102530399527986,0.20973242630385489,88.76322150424093,15.263464788941386,37.914372415492714
no_dr,aptos_c0a117de7d0a.png,2048,1536,3,1.3333333333333333,2048x1536,46.76951789855957,53.94363013872895,0.5246105194091797,98.35606300729013,32.37856259971496,23.084393819173176
no_dr,aptos_c12e9ca420a5.png,2048,1536,3,1.3333333333333333,2048x1536,44.06752586364746,48.54762710724094,0.5247968037923177,92.7083325528812,21.245004031043717,21.51914342244466
no_dr,aptos_c1437a7a52c9.png,2588,1958,3,1.3217568947906027,2588x1958,85.7710993853931,52.86947183318291,0.02197993252427721,87.47837507629757,52.20521271639784,15.104415679441805
no_dr,aptos_c1819db0aece.png,1050,1050,3,1.0,1050x1050,73.40500952380953,39.54990680498951,0.20779319727891157,92.25611627097531,16.244001742509372,43.35669397309639
no_dr,aptos_c18a006f7f1d.png,1050,1050,3,1.0,1050x1050,80.74418684807256,44.549112219443806,0.2099156462585034,101.8966085311365,19.494430987510015,46.929428975148404
no_dr,aptos_c21eb81de9fc.png,819,614,3,1.3338762214983713,819x614,38.221583881193,42.14189583529973,0.5246069529457151,80.34181938349947,18.808791094502215,33.51625681593109
no_dr,aptos_c23ff6dcf15e.png,2048,1536,3,1.3333333333333333,2048x1536,45.872867266337074,50.39126205614609,0.5245033899943033,96.44338784435978,21.548874411905818,21.347787857055664
no_dr,aptos_c24bcf7a1bc4.png,1050,1050,3,1.0,1050x1050,80.19682721088435,43.44252914906831,0.20947845804988663,101.04020308645516,17.689979840361588,43.12720059912816
no_dr,aptos_c25e02b39c01.png,1050,1050,3,1.0,1050x1050,74.92164988662131,41.81611317028597,0.20948027210884354,94.40978006948556,19.956237285541036,52.76757958998237
no_dr,aptos_c26f98f58350.png,2048,1536,3,1.3333333333333333,2048x1536,46.41570536295573,52.26503180838745,0.5250247319539388,97.69119622419005,27.263190494847336,21.233427047729492
no_dr,aptos_c2a58b2cfd0b.png,1050,1050,3,1.0,1050x1050,82.1283283446712,43.38169585740133,0.2077233560090703,103.29894846505664,14.737835049920518,42.23740968517356
no_dr,aptos_c2f3281cf528.png,1050,1050,3,1.0,1050x1050,88.33636553287982,46.497837973746975,0.20764444444444444,110.97333591278108,16.127273613887343,47.400391737306165
no_dr,aptos_c334f8688b77.png,1050,1050,3,1.0,1050x1050,74.42033197278911,41.86086678746851,0.2098294784580499,93.76713772279126,20.81724961983757,45.642820414404284
no_dr,aptos_c365c598ad4e.png,1050,1050,3,1.0,1050x1050,77.11644353741497,40.827579093043695,0.20851156462585033,97.05526600474894,14.103248915562027,38.748742667440816
no_dr,aptos_c373b73a80c8.png,2048,1536,3,1.3333333333333333,2048x1536,46.43405691782633,50.41789398643507,0.5244696935017904,97.61797098581512,18.716491159403486,21.611927668253582
no_dr,aptos_c3789c1dab96.png,819,614,3,1.3338762214983713,819x614,44.022946470829204,47.41858386527678,0.5243961612039788,92.50108502498276,15.683188927546555,28.065456801613152
no_dr,aptos_c38dec54a9f7.png,1050,1050,3,1.0,1050x1050,83.53959092970521,46.42419279861233,0.207978231292517,105.26217699415028,21.255831770454805,63.24563681028461
no_dr,aptos_c3aa424eff9a.png,2048,1536,3,1.3333333333333333,2048x1536,38.63826211293539,41.69360897390482,0.5250008900960287,81.31375609181525,13.807969658616395,21.21008809407552
no_dr,aptos_c3b15bf9b4bc.png,2048,1536,3,1.3333333333333333,2048x1536,52.71000321706136,57.45726611500533,0.5233186086018881,110.54458789871357,23.107519548238418,22.461726506551106
no_dr,aptos_c3c8fdda50c0.png,1050,1050,3,1.0,1050x1050,87.47312108843538,46.34695357455576,0.20851065759637188,110.12081589059117,15.921953716512043,43.14274886124525
no_dr,aptos_c446985355f1.png,1050,1050,3,1.0,1050x1050,54.420851700680274,30.679291462847726,0.21057868480725622,68.6083080461936,15.363727837761179,35.98083832100328
no_dr,aptos_c4aef0d88d1b.png,1050,1050,3,1.0,1050x1050,77.63039183673469,42.149808200064754,0.20869478458049887,97.65423869859951,17.976972596003236,37.89422527141757
no_dr,aptos_c546670d9684.png,2416,1736,3,1.391705069124424,2416x1736,45.17474803155614,22.56191764412891,0.16697797135837886,53.840213392652956,12.700688461715199,11.204210776209113
no_dr,aptos_c56293f53191.png,1050,1050,3,1.0,1050x1050,81.33375056689343,43.8088913115978,0.20831473922902494,102.3589552640654,17.366561701038034,44.724006878750316
no_dr,aptos_c57c164bca05.png,2588,1958,3,1.3217568947906027,2588x1958,55.02242139015145,19.592057233580036,0.09362355209002657,60.072790413868404,12.286394518076486,13.480645329170576
no_dr,aptos_c58971bcebb2.png,2588,1958,3,1.3217568947906027,2588x1958,44.62022645572478,22.334397817825227,0.0938840456384697,48.57767101195344,19.583481878714586,12.428761722014068
no_dr,aptos_c58e5c0c5b33.png,1050,1050,3,1.0,1050x1050,83.39610702947846,45.33510859760675,0.2085795918367347,105.15729690639179,18.06004472638514,54.82490816682844
no_dr,aptos_c597ef460944.png,2588,1958,3,1.3217568947906027,2588x1958,78.50960096335251,30.512052455514734,0.0025279714814820664,78.68340094972909,30.35450151244398,14.668140889047733
no_dr,aptos_c5a0e84e955d.png,2048,1536,3,1.3333333333333333,2048x1536,23.94001833597819,26.478716384295033,0.5259809494018555,50.47612255094274,11.841929177332473,24.9314759572347
no_dr,aptos_c5a6f432a1ec.png,819,614,3,1.3338762214983713,819x614,45.607080216200735,49.9862677079623,0.5247123488165834,95.88603214982051,20.954036788639936,26.035782892460418
no_dr,aptos_c5b58cc992af.png,819,614,3,1.3338762214983713,819x614,42.90717606678519,45.83195602899869,0.5242688907184021,90.11776164261022,12.803190363631565,34.478246689973076
no_dr,aptos_c5bec7f1e5f3.png,1050,1050,3,1.0,1050x1050,77.83552290249433,42.4489971717806,0.2103700680272109,98.25390234180712,17.31198256515427,39.57104570384478
no_dr,aptos_c6229222bf22.png,1050,1050,3,1.0,1050x1050,84.17849886621315,44.758511090355874,0.2083591836734694,105.90164691378394,16.287125699941665,44.235961831495295
no_dr,aptos_c62cef02efa2.png,1050,1050,3,1.0,1050x1050,78.57868934240364,43.206552563293286,0.2092045351473923,99.05195147800315,18.88417507409814,49.27174000036282
no_dr,aptos_c639d837f5e4.png,2048,1536,3,1.3333333333333333,2048x1536,52.772411028544106,56.55266593335991,0.5249423980712891,111.0579188197018,16.142546595257866,20.10474967956543
no_dr,aptos_c64c0966b4cf.png,1050,1050,3,1.0,1050x1050,83.916589569161,43.91382050519129,0.20725895691609977,105.35891198711208,14.61250530994225,45.44813232533771
no_dr,aptos_c6916bc42016.png,1050,1050,3,1.0,1050x1050,76.97474557823129,43.525305213866254,0.20953922902494332,97.10536292733191,21.499484876582247,54.58750286203713
no_dr,aptos_c6a8f8f998a2.png,1050,1050,3,1.0,1050x1050,84.88067755102041,45.29753606423906,0.20889795918367346,106.93314300783086,16.285586635978337,43.58742147882086
no_dr,aptos_c6d4e4a3bd4c.png,1050,1050,3,1.0,1050x1050,76.28717006802721,41.541919876772354,0.20929160997732427,96.2493920317153,16.674990420692616,45.17178404506272
no_dr,aptos_c6f5b5b5be41.png,1050,1050,3,1.0,1050x1050,72.2162693877551,40.590984470639334,0.2098204081632653,90.99428930878253,20.10345917878238,43.62824379894304
no_dr,aptos_c704bd669f36.png,1050,1050,3,1.0,1050x1050,71.68301768707482,39.64190163001365,0.20963537414965985,90.2752092377926,18.409945886008508,44.24637566776724
no_dr,aptos_c755a0c4edcc.png,2048,1536,3,1.3333333333333333,2048x1536,52.02232964833578,57.42850665145674,0.5249449412027994,109.47725566349972,25.571599642956432,21.244441350301106
no_dr,aptos_c7c3d363bc86.png,2588,1958,3,1.3217568947906027,2588x1958,89.109064307174,30.31620173607225,0.006894987946253077,89.65913720487286,29.69121418728969,16.06076682936813
no_dr,aptos_c7d0deb71576.png,1050,1050,3,1.0,1050x1050,59.4412380952381,32.95791599687612,0.21168163265306122,75.13095414792647,14.649984317093539,40.327266407203595
no_dr,aptos_c80b0f27541a.png,2588,1958,3,1.3217568947906027,2588x1958,47.52346671918637,27.800044466666144,0.09470913921880353,51.979914260502284,25.375106693787263,13.085135211808122
no_dr,aptos_c81c6911f5e0.png,1050,1050,3,1.0,1050x1050,86.02578140589569,45.85862677902969,0.20847619047619048,108.43308867765612,15.750347187941896,51.147464241721494
no_dr,aptos_c85b79d70079.png,2588,1958,3,1.3217568947906027,2588x1958,58.6857567653332,19.126019901951523,0.07197357806044398,62.49317886816462,13.882978087263135,13.136236546837727
no_dr,aptos_c90c6b94cf40.png,819,614,3,1.3338762214983713,819x614,43.66289230132878,48.315102666792235,0.5251498411107531,91.88739289573091,22.075929762495853,21.093500057669438
no_dr,aptos_c947bb6cf9f6.png,2048,1536,3,1.3333333333333333,2048x1536,52.74343776702881,56.46336082052815,0.5245418548583984,110.90228006060192,16.026639504535726,20.641573588053387
no_dr,aptos_c94f37085d0f.png,1050,1050,3,1.0,1050x1050,88.99744036281179,47.48881443451819,0.2089469387755102,112.1476822422191,16.889618045827344,44.16736383410536
no_dr,aptos_c97472ef2c66.png,819,614,3,1.3338762214983713,819x614,34.62274641753469,37.901487300781525,0.524883368531577,72.80487192365645,15.678459793441524,27.413036474925725
no_dr,aptos_c98f623d08d1.png,1050,1050,3,1.0,1050x1050,82.22581224489797,45.0068949541129,0.2090875283446712,103.66713150859938,19.02317472462605,43.7917669075737
no_dr,aptos_c9c563864ab1.png,2048,1536,3,1.3333333333333333,2048x1536,54.267141342163086,60.692797037655055,0.5243380864461263,114.05579685397944,30.439486543537072,22.548991521199543
no_dr,aptos_c9e697117f3f.png,1050,1050,3,1.0,1050x1050,75.20869569160998,40.4109289547781,0.2084,94.74240523226302,15.217206845602343,49.87207004941275
no_dr,aptos_ca05f7e7801b.png,1050,1050,3,1.0,1050x1050,86.11545124716554,46.39114355414436,0.20802993197278913,108.33678979599082,18.529317159308604,44.04725080473672
no_dr,aptos_ca2b54b95ade.png,1050,1050,3,1.0,1050x1050,98.40499229024944,52.46524412080124,0.20780045351473922,123.9237497137623,18.444233867228945,47.90902288189717
no_dr,aptos_cad5b1a82e60.png,2048,1536,3,1.3333333333333333,2048x1536,38.94637807210287,43.040082167060405,0.5248572031656901,81.93384626706899,19.436485107695553,23.12605349222819
no_dr,aptos_cadde4030858.png,1050,1050,3,1.0,1050x1050,85.16593650793651,45.704302716965735,0.2080453514739229,107.24318486365146,17.155413320319067,51.81419239364997
no_dr,aptos_cae33655ca00.png,1050,1050,3,1.0,1050x1050,90.29399274376418,50.506017925834,0.21046167800453514,114.15835770725106,22.899386435008317,48.5554588617179
no_dr,aptos_cb02bb47fdc5.png,2416,1736,3,1.391705069124424,2416x1736,83.84864082956939,40.195296718738405,0.1659792054506058,100.11608448183692,18.513863672737305,11.61882953472119
no_dr,aptos_cb0cc98d7e35.png,2416,1736,3,1.391705069124424,2416x1736,61.924899670400094,27.620227215208168,0.1669202723014008,73.92976926993434,7.230657724822329,13.71334226301668
no_dr,aptos_cb2201c226d6.png,1050,1050,3,1.0,1050x1050,72.6428507936508,38.54192911916471,0.20912290249433108,91.4483314257141,13.663360383510959,40.60299488733686
no_dr,aptos_cb28adab4e8a.png,819,614,3,1.3338762214983713,819x614,47.01442133689691,50.75823353839434,0.5246248503577494,98.82831625183016,17.38370338534431,26.534269566842855
no_dr,aptos_cb39761f0712.png,1050,1050,3,1.0,1050x1050,82.06130340136055,44.316766048574586,0.2085659863945578,103.44423853597935,16.992175203101485,54.794798645363606
no_dr,aptos_cb68fce07789.png,1050,1050,3,1.0,1050x1050,82.36443628117914,44.88112653529073,0.2090575963718821,103.88277825814723,18.203302505203297,48.58344117350282
no_dr,aptos_cbc23af521f3.png,2048,1536,3,1.3333333333333333,2048x1536,46.714427630106606,50.45110956438204,0.5246206919352213,98.23997568566297,17.135202942489418,21.709837595621746
no_dr,aptos_cbe633765ea7.png,1050,1050,3,1.0,1050x1050,90.53407346938775,46.625021174717986,0.2082684807256236,113.90215882064513,11.095794457522787,43.67626318302844
no_dr,aptos_cc671a73e1cb.png,1050,1050,3,1.0,1050x1050,86.25945941043084,46.7828748499602,0.20821768707482993,108.6621394368456,18.79606736783872,54.479585025655794
no_dr,aptos_cc964bf04dbc.png,1050,1050,3,1.0,1050x1050,76.31999365079365,42.64980941949488,0.21006439909297053,96.40414328100456,19.545995625852914,54.177887100937575
no_dr,aptos_ccd6dcb2f568.png,2048,1536,3,1.3333333333333333,2048x1536,16.636991182963055,20.825161992806482,0.527799924214681,35.18557128556166,16.31798237718926,31.39000956217448
no_dr,aptos_ccea49708830.png,2048,1536,3,1.3333333333333333,2048x1536,55.49567159016927,60.95770756262163,0.5244951248168945,116.67554614258906,26.039543789399655,21.980377197265625
no_dr,aptos_cd01672507c9.png,2588,1958,3,1.3217568947906027,2588x1958,62.38334546338645,35.738195861365476,0.04754461149360686,65.01584271942062,34.57169533656193,14.17636893233485
no_dr,aptos_cd01f4f83336.png,2048,1536,3,1.3333333333333333,2048x1536,47.783568700154625,53.25642404688597,0.5249080657958984,100.54678456484065,25.808530228070378,22.717151006062824
no_dr,aptos_cd1c98ec48b1.png,1050,1050,3,1.0,1050x1050,82.01411065759638,43.898646278752494,0.20951020408163265,103.55665249594098,14.910604709046622,49.754407864308405
no_dr,aptos_cd314653a4d8.png,2048,1536,3,1.3333333333333333,2048x1536,52.28799025217692,57.69046151606956,0.5250628789265951,110.0654273729387,25.490548788045697,20.30346425374349
no_dr,aptos_cd48cfab4e44.png,2588,1958,3,1.3217568947906027,2588x1958,59.44453224041818,26.73359465071282,0.09461461163569425,65.1694307349631,21.04469480215703,5.073006079761546
no_dr,aptos_cd563556cb57.png,819,614,3,1.3338762214983713,819x614,40.798117192254,26.536516041938654,0.20298648148811016,51.151914588900446,18.849585459142258,11.975762789807161
no_dr,aptos_cd66754e1b3b.png,819,614,3,1.3338762214983713,819x614,42.19216451301142,45.54187110356659,0.5242271300903223,88.61707001044932,15.743340797338353,43.25780227734625
no_dr,aptos_cd8da43e3069.png,1050,1050,3,1.0,1050x1050,70.39773968253968,40.12901452531637,0.21083174603174604,88.8767829271152,20.50484827333671,38.93148258732855
no_dr,aptos_cd941e5bc659.png,1050,1050,3,1.0,1050x1050,70.76607437641724,38.405759073995625,0.2096517006802721,89.15003001059264,15.930230716342928,38.397295569114526
no_dr,aptos_ce6f33a81ad5.png,1050,1050,3,1.0,1050x1050,77.164841723356,42.07329003341335,0.20960362811791383,97.33250517550826,17.27946469540153,41.69618041158077
no_dr,aptos_ce754234d760.png,1050,1050,3,1.0,1050x1050,50.74712743764172,29.33148932287697,0.2117496598639456,64.12918878862568,15.663393850789934,38.94459565327205
no_dr,aptos_ce8d2efd9d4f.png,1050,1050,3,1.0,1050x1050,74.99720181405895,40.66595799948601,0.20931519274376417,94.50705952531173,16.511145106270376,45.66278205014494
no_dr,aptos_ceb32a193eff.png,1476,1117,3,1.3213965980304387,1476x1117,87.79422172243208,31.62720691216021,0.018424302416703665,89.27153164153354,30.009573286519508,114.73253231010483
no_dr,aptos_cec299c2a2d5.png,2588,1958,3,1.3217568947906027,2588x1958,53.977895938353015,23.60261881465848,0.07015288603170443,57.332827795980236,20.943831416997316,12.68115648858184
no_dr,aptos_cf6551521a35.png,2048,1536,3,1.3333333333333333,2048x1536,45.297844886779785,48.38570362032392,0.524860699971517,95.30500803193237,12.755755547791372,21.151383717854817
no_dr,aptos_cf8ae5501bd6.png,1050,1050,3,1.0,1050x1050,76.80911383219954,41.37274894438012,0.2090684807256236,96.86811039424221,15.46490341855134,46.8454362479263
no_dr,aptos_cf8f1bc7a215.png,819,614,3,1.3338762214983713,819x614,37.104491057259786,40.803290278198986,0.5243643435825847,77.95277634929195,17.83632503216283,42.43928203537324
no_dr,aptos_cfb17a7cc8d4.png,1050,1050,3,1.0,1050x1050,63.99046802721089,34.484212994879094,0.2090766439909297,80.61693041113863,13.449525330164553,43.23429954679295
no_dr,aptos_cfdbaef73a8b.png,819,614,3,1.3338762214983713,819x614,46.22488893661532,32.616551952621364,0.2028273933811393,57.948656799818394,25.627262936702433,13.773134549634308
no_dr,aptos_cfed7c1172ec.png,1050,1050,3,1.0,1050x1050,84.99235464852607,44.912029877488294,0.20770430839002268,106.85760716011109,15.602406850038268,40.87380282082137
no_dr,aptos_cff262ed8f4c.png,2588,1958,3,1.3217568947906027,2588x1958,88.71136170239639,38.931637731067745,0.07574540623574193,95.20660944567062,32.90719923102443,18.106406876373356
no_dr,aptos_cffc50047828.png,819,614,3,1.3338762214983713,819x614,52.644382400082726,57.32081896445653,0.5236007206691246,110.43407843382798,22.77018514443778,74.11348152390498
no_dr,aptos_d02b79fc3200.png,1050,1050,3,1.0,1050x1050,77.65166530612245,42.743142441248196,0.2099455782312925,98.08249496288897,17.99524743450112,56.57601142756359
no_dr,aptos_d0926ed2c8e5.png,1050,1050,3,1.0,1050x1050,85.65871020408163,46.30751712832805,0.20822222222222223,107.89347889590863,18.26040956855906,48.721963596290834
no_dr,aptos_d160ebef4117.png,819,614,3,1.3338762214983713,819x614,44.74508914899794,29.101990055071113,0.20276972394236237,56.08945123472188,20.67737113850502,12.770266203697988
no_dr,aptos_d16e39b9d6f0.png,2048,1536,3,1.3333333333333333,2048x1536,33.76491069793701,37.27038475626881,0.5250530242919922,71.06092952463565,16.593535192406577,24.048919677734375
no_dr,aptos_d16e59a2b33a.png,1050,1050,3,1.0,1050x1050,79.18036643990929,42.90309244055991,0.20869750566893425,99.61415663030384,18.02550709467446,43.80227146960041
no_dr,aptos_d18f6431ebce.png,1050,1050,3,1.0,1050x1050,76.81041541950114,41.77303456621879,0.209081179138322,96.70237893182016,17.69947415515502,46.486161006678515
no_dr,aptos_d1a60c3b9fe5.png,1050,1050,3,1.0,1050x1050,97.06710839002268,50.67622917147596,0.2069514739229025,122.16846612743842,13.899243765417586,41.571245878599164
no_dr,aptos_d1afdb8cf70d.png,1050,1050,3,1.0,1050x1050,77.64747936507936,42.20286320842229,0.20774149659863947,97.63226231159805,18.02160611578995,48.28643847462238
no_dr,aptos_d1b279cc02ae.png,1050,1050,3,1.0,1050x1050,81.8105605442177,44.62357427100393,0.20938775510204083,103.26125509091952,17.908154211796422,54.1334888363256
no_dr,aptos_d1ca85af57c9.png,1050,1050,3,1.0,1050x1050,88.12851700680272,47.13418933711915,0.20841360544217688,111.02752989490378,17.03210801683202,48.21319465012951
no_dr,aptos_d1cf31577a59.png,2588,1958,3,1.3217568947906027,2588x1958,59.865572106982334,29.828384762703628,0.0937200531091089,65.34525985999466,25.714604630786937,4.774214250656656
no_dr,aptos_d1f7ea924a01.png,2048,1536,3,1.3333333333333333,2048x1536,49.06896432240804,53.2804567389421,0.524529774983724,103.17326669786722,19.740053932799935,20.33100763956706
no_dr,aptos_d1fa0f744620.png,2048,1536,3,1.3333333333333333,2048x1536,52.766262690226235,57.2363672725555,0.5240230560302734,110.83013289307243,21.18686638871527,22.54008674621582
no_dr,aptos_d26bb2ed6e71.png,2048,1536,3,1.3333333333333333,2048x1536,47.95687611897787,51.797919153970895,0.5248683293660482,100.90456532865883,17.479979658248553,21.162673314412434
no_dr,aptos_d26bc6e1230d.png,1050,1050,3,1.0,1050x1050,86.00690249433107,45.49395814932498,0.20789750566893425,108.12679593217855,16.086962851220022,49.13628644345597
no_dr,aptos_d27ac9e54901.png,1050,1050,3,1.0,1050x1050,77.88691609977325,44.17972985369355,0.2092517006802721,98.17767263133746,22.3680346698521,46.69058319525382
no_dr,aptos_d29b37d110f3.png,819,614,3,1.3338762214983713,819x614,50.597751687328234,54.62979562947227,0.5234515755688394,106.12129026873644,19.311510057530203,43.58036136863498
no_dr,aptos_d2afca74cbc3.png,819,614,3,1.3338762214983713,819x614,44.417258275564464,47.9632885975963,0.5244617850481043,93.34060686148236,16.545362608577246,33.641264273186096
no_dr,aptos_d2c5fb82fe5f.png,2048,1536,3,1.3333333333333333,2048x1536,58.50804011027018,62.72314427758704,0.5241874059041342,122.93037372968719,18.729089013099458,22.16908327738444
no_dr,aptos_d2cd47ed2c1d.png,819,614,3,1.3338762214983713,819x614,44.102116667263246,47.70600165623909,0.5245353632975783,92.68696124971245,16.91969218431401,34.87294826057041
no_dr,aptos_d2d523e9f669.png,2048,1536,3,1.3333333333333333,2048x1536,50.66411050160726,55.441995221138,0.5245577494303385,106.53000778276719,22.69985886379502,20.852715174357098
no_dr,aptos_d2dc86021c67.png,1050,1050,3,1.0,1050x1050,79.10711111111111,42.82645524859595,0.21018140589569162,99.9341207545003,16.05970181240466,48.803371127459044
no_dr,aptos_d2fb715b0c41.png,1050,1050,3,1.0,1050x1050,71.23511292517007,40.40016317414389,0.21039092970521542,90.03828755352974,19.651728456135846,62.671535960757126
no_dr,aptos_d30d079e6f9a.png,1050,1050,3,1.0,1050x1050,82.5167156462585,44.8337916264906,0.2100281179138322,104.25597168130213,17.143241374494995,56.523088914618086
no_dr,aptos_d332d7b8a26e.png,1050,1050,3,1.0,1050x1050,92.81608616780045,49.794890718714505,0.20812426303854875,116.80203266047606,19.138747392219862,43.965062291609776
no_dr,aptos_d38cf0f4a9af.png,1050,1050,3,1.0,1050x1050,84.01753832199546,44.71542870773023,0.20782403628117913,105.83862011005594,15.243408284205104,58.06846173693965
no_dr,aptos_d39752cb6e57.png,1050,1050,3,1.0,1050x1050,78.34655419501134,42.27688678729487,0.20946938775510204,98.76202326862177,16.454078304056637,43.059718017307596
no_dr,aptos_d3dfd0a2dee6.png,2048,1536,3,1.3333333333333333,2048x1536,44.476670265197754,49.6698492335801,0.5256131490071615,93.72754728967253,24.19925575882843,19.445223490397137
no_dr,aptos_d3e56584a481.png,819,614,3,1.3338762214983713,819x614,34.86801851785565,37.69710134073343,0.5246586565804807,73.28897683583438,13.260192960313134,27.096729546240947
no_dr,aptos_d436c06f0490.png,1050,1050,3,1.0,1050x1050,74.69448707482994,40.82049001620646,0.2095718820861678,94.28409645107506,16.62783203147773,44.977855019025185
no_dr,aptos_d4583e9525dc.png,2048,1536,3,1.3333333333333333,2048x1536,14.96618398030599,17.47248925682425,0.5306628545125326,31.797063411376403,10.768489672919534,35.274600982666016
no_dr,aptos_d4bc001f7224.png,2048,1536,3,1.3333333333333333,2048x1536,21.86490472157796,24.926918398993056,0.5272204081217448,46.21758685238927,13.75697686173216,27.54273796081543
no_dr,aptos_d516f77d4516.png,2048,1536,3,1.3333333333333333,2048x1536,37.97914187113444,41.832712164093486,0.5247554779052734,79.88079652706708,18.33821486242032,20.89296023050944
no_dr,aptos_d51c2153d151.png,2416,1736,3,1.391705069124424,2416x1736,60.79325021172216,29.88890713379615,0.16708073290200506,72.60196426986812,15.423200590006482,12.900692758857344
no_dr,aptos_d51e5d7484ea.png,1050,1050,3,1.0,1050x1050,75.48468571428572,40.6888416672305,0.208984126984127,95.1020978219116,15.843658300269999,48.603789321053696
no_dr,aptos_d56d32a1d62d.png,2048,1536,3,1.3333333333333333,2048x1536,47.748732566833496,51.400105756209285,0.5249671936035156,100.48617301201078,16.236640099252373,21.82646306355794
no_dr,aptos_d57d1be1bbd1.png,2588,1958,3,1.3217568947906027,2588x1958,78.94223397688395,32.95379060508841,0.008491497648453694,79.53364734215384,32.46630754099166,14.717540133067514
no_dr,aptos_d5ad3362424c.png,2588,1958,3,1.3217568947906027,2588x1958,61.728403900772484,28.25161197056135,0.09338456899368974,67.51506302872208,22.840731278510848,14.937284598902757
no_dr,aptos_d5c63a8d9e94.png,1050,1050,3,1.0,1050x1050,82.59005079365079,44.072499090876775,0.20876371882086167,104.05024428604509,15.755649944165128,45.59507221940161
no_dr,aptos_d6130f2ec903.png,819,614,3,1.3338762214983713,819x614,38.403837205140135,24.06946267310861,0.20302625351485287,48.15256592917152,16.084659714956377,12.05035073484881
no_dr,aptos_d667af5742f6.png,1050,1050,3,1.0,1050x1050,92.37987755102041,49.355869742921605,0.2083809523809524,116.3403673403914,17.935049345492267,39.720632468981556
no_dr,aptos_d6803e467592.png,1050,1050,3,1.0,1050x1050,78.13708299319728,42.674482384696,0.21008526077097506,98.69698615539896,17.11615962427522,47.77380814693796
no_dr,aptos_d69698f838db.png,1050,1050,3,1.0,1050x1050,77.26576689342404,41.58114628332178,0.20928072562358277,97.28224596452267,16.480027066197152,43.75472018426809
no_dr,aptos_d6b109c82067.png,1050,1050,3,1.0,1050x1050,81.80725260770976,43.53798535850834,0.20872380952380953,103.04128352029272,15.321970523549451,47.17008107732888
no_dr,aptos_d6dbb0820ea5.png,1050,1050,3,1.0,1050x1050,78.89699047619048,42.17829302129155,0.20871473922902495,99.26389742225972,16.131217323122385,48.178936830209636
no_dr,aptos_d6df4fe492ec.png,1050,1050,3,1.0,1050x1050,67.65140136054421,37.11719581299638,0.20929433106575965,85.25989357077061,16.138309550775816,47.99713199702507
no_dr,aptos_d6f36ec5564a.png,2048,1536,3,1.3333333333333333,2048x1536,47.700099309285484,55.84639104263486,0.524534543355306,100.29166836599953,35.86628683101352,22.037988026936848
no_dr,aptos_d6f6bdfd8011.png,1050,1050,3,1.0,1050x1050,84.35739863945578,44.256827624476024,0.20763628117913832,106.0867772994147,14.05123360162192,46.92707988201952
no_dr,aptos_d7078e8b0349.png,2048,1536,3,1.3333333333333333,2048x1536,46.330807050069176,49.76416726234429,0.5251477559407552,97.54138025219648,14.875454282243057,20.836790720621746
no_dr,aptos_d74ccc796517.png,1050,1050,3,1.0,1050x1050,86.63217233560091,45.7821973227388,0.20906122448979592,109.3156282611438,13.723179390851785,57.02741455379191
no_dr,aptos_d774692d9919.png,1050,1050,3,1.0,1050x1050,75.61805986394558,41.136482731614144,0.20822131519274376,95.11464414344236,17.640261899045186,51.75803587446711
no_dr,aptos_d78b7401096f.png,2588,1958,3,1.3217568947906027,2588x1958,55.728038815117465,25.540418033234175,0.09448752235902957,61.0513772780558,20.50278537231293,14.184774964734721
no_dr,aptos_d7a01fca9838.png,819,614,3,1.3338762214983713,819x614,39.25433017941161,43.509240167794594,0.5249847871997709,82.5670220916067,20.2887775705785,20.93904141461145
no_dr,aptos_d7ab5c040294.png,819,614,3,1.3338762214983713,819x614,49.54039445896123,53.47414872916553,0.5239268512884148,103.99499166670148,18.613775151934636,62.020593955447374
no_dr,aptos_d7ac4a0c9760.png,1050,1050,3,1.0,1050x1050,86.79073378684808,46.0232208267857,0.20850884353741497,109.24028356017918,16.080369690535633,47.86735913392054
no_dr,aptos_d7bc00091cfc.png,1050,1050,3,1.0,1050x1050,80.6481768707483,45.951687259363204,0.20813333333333334,101.41717552486561,24.364177554019804,46.320154609859905
no_dr,aptos_d7bc62d60e8c.png,2588,1958,3,1.3217568947906027,2588x1958,79.26635978421662,30.61000796548376,0.017124490656175356,80.4759992362257,29.4592638744779,14.97227046176684
no_dr,aptos_d7e5fe5245e0.png,2416,1736,3,1.391705069124424,2416x1736,73.06823843348491,33.20152498431469,0.16685112880336925,87.29520088439328,10.485572440933497,8.430505297271388
no_dr,aptos_d807c53c1399.png,1050,1050,3,1.0,1050x1050,82.33423219954649,45.597212623589925,0.20918095238095238,103.81010990069711,20.585722672917335,50.10812409351576
no_dr,aptos_d838d5b9f571.png,1050,1050,3,1.0,1050x1050,89.64768344671202,47.82054334240972,0.20816689342403627,113.00869992531466,16.30631879534552,63.67948083719933
no_dr,aptos_d844a7252f4e.png,3216,2136,3,1.5056179775280898,3216x2136,104.78833434070285,60.76407995455711,0.2526957324799225,139.37181217388323,14.397990656635052,3.459435005157648
no_dr,aptos_d865997a6280.png,2048,1536,3,1.3333333333333333,2048x1536,43.90113162994385,50.737329600917086,0.5257329940795898,92.53863725480339,30.46597918570605,20.893558502197266
no_dr,aptos_d866c26d76f0.png,2048,1536,3,1.3333333333333333,2048x1536,58.40710290273031,64.98593467429752,0.5242096583048502,122.72270791811624,31.385861008240344,24.53900082906087
no_dr,aptos_d871895742b1.png,2588,1958,3,1.3217568947906027,2588x1958,58.7090973819609,27.277343681065457,0.09425663035018227,64.18679331900698,22.42875685838351,13.586703697292725
no_dr,aptos_d881c04f01fe.png,1050,1050,3,1.0,1050x1050,63.08405714285714,35.66818982280623,0.20927165532879818,79.60373512522683,17.44938743065027,60.071910472216
no_dr,aptos_d88c4843aec3.png,1050,1050,3,1.0,1050x1050,81.17439909297052,43.83695783276026,0.20803900226757369,102.10118801516829,17.91335584332232,48.98136232371985
no_dr,aptos_d8da9de62743.png,1050,1050,3,1.0,1050x1050,81.20937414965987,43.67248340671617,0.2083356009070295,102.35989734306436,16.16807106118655,59.18433470029131
no_dr,aptos_d911dd40c63b.png,1050,1050,3,1.0,1050x1050,75.72651700680272,42.55130027803794,0.2103419501133787,95.67085842145283,20.034019745625578,45.686920358973055
no_dr,aptos_d91635f380b4.png,2048,1536,3,1.3333333333333333,2048x1536,17.896934509277344,19.44014991383626,0.5270090103149414,37.80917614814427,6.820695136040588,30.076073328653973
no_dr,aptos_d93b61dc8f64.png,2588,1958,3,1.3217568947906027,2588x1958,60.459514368982006,38.243333115515306,0.09497061948523318,66.31486380790129,35.42478532198842,14.470653032055615
no_dr,aptos_d97911a32918.png,1050,1050,3,1.0,1050x1050,89.42982222222223,46.25788449335523,0.20683537414965986,112.4318828448055,11.794813561492873,52.53521936476756
no_dr,aptos_d99b0f7dd9b9.png,1050,1050,3,1.0,1050x1050,83.74443900226757,44.40795483636658,0.20809160997732426,105.36031447326073,15.630587515443427,49.44617440782063
no_dr,aptos_d99dd99be001.png,1050,1050,3,1.0,1050x1050,78.68471564625851,43.39456544386636,0.2098938775510204,99.32786548378357,18.778058612764887,53.08703184956802
no_dr,aptos_d9ad2a0ec026.png,1050,1050,3,1.0,1050x1050,81.7323537414966,42.70995012175982,0.21002539682539684,103.10826720799314,11.535029858921835,36.21344940422971
no_dr,aptos_d9c9b9786da3.png,1050,1050,3,1.0,1050x1050,76.10784580498866,41.99365844721334,0.20810884353741496,95.87861086294184,18.660774711652316,55.388101223173486
no_dr,aptos_d9d2631f043c.png,2588,1958,3,1.3217568947906027,2588x1958,60.295083144804416,27.835441450844602,0.09416387885944873,66.07468148623563,22.372269999576606,13.814255469887424
no_dr,aptos_d9e58e4d8689.png,2416,1736,3,1.391705069124424,2416x1736,76.09138386181219,35.33074906976984,0.16684087649159215,90.9237231628976,13.399813186612027,13.95796905276925
no_dr,aptos_da0a83f074f3.png,819,614,3,1.3338762214983713,819x614,38.85020462707759,43.96039611480752,0.5242271300903223,81.59143991640543,24.018739294117474,42.440514968202265
no_dr,aptos_da2bdf4236ac.png,819,614,3,1.3338762214983713,819x614,49.68878786794096,57.29740484743973,0.5239109424777177,104.29528129686018,34.6987851638427,57.77707779010711
no_dr,aptos_da3a2275c850.png,1050,1050,3,1.0,1050x1050,85.88728435374149,45.85798395054547,0.20950839002267574,108.44628159863778,15.191821821104488,60.782033177316876
no_dr,aptos_da6389d129aa.png,2416,1736,3,1.391705069124424,2416x1736,56.155230491042815,27.676109187298756,0.1671870708334605,67.02703806852863,14.584265928553407,14.472027638070939
no_dr,aptos_da6bbb76d562.png,2588,1958,3,1.3217568947906027,2588x1958,65.88962947555544,26.096631138803353,0.09382878943122418,72.10221991378194,18.441723102127597,14.458605798263623
no_dr,aptos_da9262d9f5d9.png,1050,1050,3,1.0,1050x1050,81.19024489795919,42.660527748030475,0.20897233560090703,102.23499956427415,13.444745691320614,43.30353272570669
no_dr,aptos_da949aa67a4f.png,2048,1536,3,1.3333333333333333,2048x1536,55.90117232004801,59.50358080562531,0.5248915354410807,117.62955032979562,13.887446607057363,20.395941416422527
no_dr,aptos_da9574d35b82.png,2588,1958,3,1.3217568947906027,2588x1958,74.3049637440343,32.671338362729536,0.00354784319235633,74.53419941592205,32.50238531021882,14.37095859855144
no_dr,aptos_da9fe02dead3.png,1050,1050,3,1.0,1050x1050,47.990826303854874,27.563760414335693,0.2119591836734694,60.66409995223379,14.35245267972265,39.2923869169772
no_dr,aptos_daad7b617f21.png,819,614,3,1.3338762214983713,819x614,48.44916737262014,28.408831593304335,0.20279159855707088,60.73650312181177,16.36327010481777,14.981720327147295
no_dr,aptos_daff5427c9b2.png,2048,1536,3,1.3333333333333333,2048x1536,54.1943473815918,59.35470219920721,0.5242595672607422,113.88151348100631,24.692681943176368,22.48740832010905
no_dr,aptos_db3cd58aa315.png,2048,1536,3,1.3333333333333333,2048x1536,44.69447167714437,49.080720674290674,0.524677594502767,93.99767929455905,20.85431658684283,21.227113087972004
no_dr,aptos_db52626d450c.png,1050,1050,3,1.0,1050x1050,79.52629115646259,42.783064644082216,0.20825487528344672,100.06817741800597,16.88350445666582,44.53790499711458
no_dr,aptos_db6207e62c7b.png,2048,1536,3,1.3333333333333333,2048x1536,48.92203617095947,53.36317423660764,0.5246308644612631,102.8833582322109,20.976505500619336,22.650906880696613
no_dr,aptos_dc0eea0b68a7.png,1476,1117,3,1.3213965980304387,1476x1117,77.56844334781755,33.453215903820436,0.08451244986935097,83.95362263533411,27.20033770384875,85.44357795140192
no_dr,aptos_dc0f6e5b489b.png,2048,1536,3,1.3333333333333333,2048x1536,40.9321486155192,44.81844033901266,0.5248578389485677,86.11388682971737,18.385478263497657,19.679370244344074
no_dr,aptos_dcc6c0ad5cad.png,2588,1958,3,1.3217568947906027,2588x1958,40.3604115719128,15.944684546545549,0.09542766725659246,44.025115718747756,11.842107896763512,3.2586836984886394
no_dr,aptos_dccdf750c962.png,1050,1050,3,1.0,1050x1050,77.13157188208616,41.380465167233496,0.20817324263038547,96.95061106153686,16.58734115811294,43.2404343160054
no_dr,aptos_dce73d90c00c.png,1050,1050,3,1.0,1050x1050,84.26690793650793,45.23037746766784,0.20789115646258505,105.92851482881026,18.02838453509004,47.46197950791616
no_dr,aptos_dcf109df1a2b.png,2048,1536,3,1.3333333333333333,2048x1536,48.0139799118042,51.517648506800796,0.5246483484903971,100.97784899222712,15.379106581241208,22.216156641642254
no_dr,aptos_dd02d60bef14.png,2048,1536,3,1.3333333333333333,2048x1536,49.22882048288981,54.91301220135962,0.5249725977579752,103.60217211055024,26.76124907017405,21.315087636311848
no_dr,aptos_dd285d9e97fe.png,1050,1050,3,1.0,1050x1050,89.27054149659864,49.822513785044784,0.20968163265306122,112.74187043655303,22.650369963008114,63.09413489039978
no_dr,aptos_dd3176bacfe2.png,819,614,3,1.3338762214983713,819x614,44.66991802985288,29.954720166548938,0.20286915400921915,56.000241985780214,22.19763749437906,10.564054607773562
no_dr,aptos_dd90c321d7bc.png,2048,1536,3,1.3333333333333333,2048x1536,42.47121651967367,45.48545266624888,0.5249471664428711,89.37491225499151,12.815608511461216,22.419240951538086
no_dr,aptos_ddb222ff7c1d.png,2048,1536,3,1.3333333333333333,2048x1536,44.564456939697266,49.329263512129025,0.5252561569213867,93.84172316469301,22.41836900781409,21.463491439819336
no_dr,aptos_de18071c36e6.png,819,614,3,1.3338762214983713,819x614,41.18733817756619,45.327038526060846,0.5245393405002525,86.56073996311059,19.90268692335759,27.319365397541294
no_dr,aptos_de2eb5c8aa83.png,2048,1536,3,1.3333333333333333,2048x1536,20.685563405354817,23.388513495341833,0.5274251302083334,43.73772965278974,12.241062091186292,33.58052762349447
no_dr,aptos_de38adaae009.png,2588,1958,3,1.3217568947906027,2588x1958,59.26527932802137,21.104486934687145,0.019278890707958313,60.236961356339286,20.129030847956404,13.204227124593226
no_dr,aptos_de4cdabbce6d.png,2048,1536,3,1.3333333333333333,2048x1536,51.481443087259926,55.656820528825406,0.5239721934000651,108.1148843303367,19.647195410933826,19.91014226277669
no_dr,aptos_de55ed25e0e8.png,1050,1050,3,1.0,1050x1050,76.13945578231292,42.68745716542873,0.20946575963718822,95.99504339325627,20.55337923501109,48.2429785091397
no_dr,aptos_de57c9e9fa93.png,1476,1117,3,1.3213965980304387,1476x1117,81.90367879506906,44.31879506434811,0.09469567390391899,89.8971242851247,38.661255892141355,66.51287482354317
no_dr,aptos_de6210f88536.png,1050,1050,3,1.0,1050x1050,82.69578231292518,44.67145671734542,0.2090294784580499,104.23467825628265,17.40570842359073,44.349922476535205
no_dr,aptos_de730033c683.png,2588,1958,3,1.3217568947906027,2588x1958,54.094111188118966,23.059683554807823,0.018751785959555616,54.94045672782502,22.44344535284378,12.951044761550843
no_dr,aptos_dea7538bb91a.png,819,614,3,1.3338762214983713,819x614,46.44778529469083,27.414527429885574,0.20277568974637378,58.22686874683522,16.074287523969907,15.265039515336511
no_dr,aptos_dec5595e6154.png,1050,1050,3,1.0,1050x1050,75.19114467120181,40.63371047517046,0.20933242630385487,94.87778174188463,15.375601137718249,46.00329589915231
no_dr,aptos_dee1031a76ae.png,819,614,3,1.3338762214983713,819x614,54.08157640405197,37.96421579003811,0.20323107945257782,67.84183663282319,29.61627059329227,17.898163278255485
no_dr,aptos_dee31065f8fe.png,1050,1050,3,1.0,1050x1050,76.03440181405895,41.546671155327076,0.208518820861678,95.69291365653307,18.084254227086493,51.366230151836724
no_dr,aptos_df0886f1e76b.png,2048,1536,3,1.3333333333333333,2048x1536,50.8475669225057,55.120999766643756,0.5244884490966797,106.90067989009447,19.974424031156637,22.068915049235027
no_dr,aptos_df6d13d04da1.png,1050,1050,3,1.0,1050x1050,87.28194467120181,47.0674892606098,0.2092580498866213,110.06155016156359,17.925268366953482,47.540544696383925
no_dr,aptos_df9cb3729eb1.png,2048,1536,3,1.3333333333333333,2048x1536,40.3946917851766,43.74424014892594,0.5249678293863932,85.00468975227561,15.406372366861564,19.979041417439777
no_dr,aptos_dfc7ec7db0e0.png,1050,1050,3,1.0,1050x1050,77.87289795918367,43.48615761398259,0.21047437641723357,98.36493798624163,19.98974202023894,47.63253013762785
no_dr,aptos_dfea19863428.png,819,614,3,1.3338762214983713,819x614,39.835339832082504,24.83848130096958,0.2028930172252648,49.93856869857648,16.455512178545742,12.13342578567094
no_dr,aptos_e01b7bac822b.png,1050,1050,3,1.0,1050x1050,50.697388662131516,29.57315521501538,0.2104625850340136,64.02780123267449,16.217172881246572,45.043610247618226
no_dr,aptos_e0313be77035.png,2048,1536,3,1.3333333333333333,2048x1536,51.49504439036051,58.244785148391266,0.5247008005777994,108.31322692791818,31.380845661648713,21.363611221313477
no_dr,aptos_e03a74e7d74f.png,2048,1536,3,1.3333333333333333,2048x1536,18.939834594726562,22.698715260253152,0.526849110921224,39.99297838490087,15.731325075506057,32.85923957824707
no_dr,aptos_e04f3c6619a3.png,1050,1050,3,1.0,1050x1050,80.28452698412698,43.47674462115757,0.21052698412698412,101.49967026427112,15.999744022115758,50.983227124779496
no_dr,aptos_e067b06fd655.png,1050,1050,3,1.0,1050x1050,73.34238004535148,40.31365653086646,0.20937596371882086,92.380150356273,17.999993602186557,42.01093501129757
no_dr,aptos_e06cccc08c59.png,1050,1050,3,1.0,1050x1050,81.7085977324263,46.244663119449555,0.20850884353741497,102.97269140369394,23.084973324441705,52.70810569308386
no_dr,aptos_e087bd4b88f2.png,2048,1536,3,1.3333333333333333,2048x1536,48.41230773925781,52.5844406969448,0.5252978006998698,101.9562253395871,19.159972978292956,20.176212310791016
no_dr,aptos_e0d229db881a.png,1050,1050,3,1.0,1050x1050,77.72526167800453,42.050089438695295,0.20905668934240362,97.99584525495548,16.42132916846034,46.07234408208431
no_dr,aptos_e12df54e0d1e.png,1050,1050,3,1.0,1050x1050,76.15973696145124,40.27138890546557,0.20674829931972788,95.65071121478229,14.368982273308237,44.91942653439995
no_dr,aptos_e12f9f19d1be.png,819,614,3,1.3338762214983713,819x614,44.91508672290431,47.98081142738041,0.5240978710034084,94.30996385516997,13.488324208800476,45.64439830889342
no_dr,aptos_e135d7ba9a0e.png,1050,1050,3,1.0,1050x1050,89.27908934240362,47.58613578199816,0.20792108843537416,112.33804094280444,17.350376164786297,43.77335594481726
no_dr,aptos_e160a3b19911.png,819,614,3,1.3338762214983713,819x614,40.58579025028536,44.99643892421612,0.5243166171504934,85.25642440584436,21.22143936401103,43.10707425039673
no_dr,aptos_e16af45285e5.png,1050,1050,3,1.0,1050x1050,77.31237278911564,41.14691373985964,0.20811882086167802,97.22661614640187,15.232200875967681,44.44037248121432
no_dr,aptos_e1ab92228e60.png,2416,1736,3,1.391705069124424,2416x1736,74.42026824816126,33.701646454961306,0.16666181867427596,88.89876592448944,10.251548605685787,11.812893401094753
no_dr,aptos_e1b8acb1cea1.png,1050,1050,3,1.0,1050x1050,78.43195283446713,44.72383647648197,0.2104172335600907,99.06205292269519,22.587120639603093,47.72838815257018
no_dr,aptos_e1c02f6c3362.png,2048,1536,3,1.3333333333333333,2048x1536,43.224581718444824,47.55196200740918,0.5251124699910482,90.99187678688932,20.40190058636444,22.982959111531574
no_dr,aptos_e1dc02a3dc2a.png,1050,1050,3,1.0,1050x1050,80.76937505668934,43.8793696469793,0.20831473922902494,101.57817131112137,18.78504325661053,48.55176262494003
no_dr,aptos_e2265c383348.png,819,614,3,1.3338762214983713,819x614,37.9483082968425,42.04867345573661,0.5247481436406518,79.78138232881986,19.626558654538467,26.32751866302355
no_dr,aptos_e246cd89e1cc.png,1050,1050,3,1.0,1050x1050,68.61978049886622,36.597491593742966,0.20857414965986396,86.32310809618278,13.75834672944451,44.07705647450516
no_dr,aptos_e251bdf05b85.png,819,614,3,1.3338762214983713,819x614,38.449982699168366,26.66356816367233,0.20333249812077173,48.22829036211643,20.54380105891008,11.720365458455545
no_dr,aptos_e26bcae6c67b.png,2588,1958,3,1.3217568947906027,2588x1958,45.805682074728495,20.551220170914448,0.09474387169192929,50.00777226583141,16.735864733489958,12.704473224869503
no_dr,aptos_e29e54ff921e.png,1050,1050,3,1.0,1050x1050,75.38025124716553,40.47582612060552,0.20908843537414967,94.93408679098144,15.564622383470631,45.28762445496599
no_dr,aptos_e2c39ed0c941.png,1050,1050,3,1.0,1050x1050,84.2177768707483,44.66272319876332,0.20954648526077096,106.14195243696032,15.138772072413905,44.357675278234076
no_dr,aptos_e2c3b037413b.png,2416,1736,3,1.391705069124424,2416x1736,74.79475253303629,35.793643326388334,0.16622096926786095,89.30151992441556,16.446206152254224,10.21740670712689
no_dr,aptos_e2ec22b3d07e.png,819,614,3,1.3338762214983713,819x614,37.99828383704605,26.039341387884434,0.2032410224592635,47.65512662761473,19.800516534012218,12.130127632822722
no_dr,aptos_e30a890600e1.png,819,614,3,1.3338762214983713,819x614,41.53467723011697,25.9531208908443,0.20307000274426984,52.083675817032606,17.23651929757739,11.964914255225159
no_dr,aptos_e322acd46152.png,2048,1536,3,1.3333333333333333,2048x1536,22.823458989461262,26.07949635911249,0.5262006123860677,48.143698119486544,14.731414752864497,29.928688685099285
no_dr,aptos_e33766353db2.png,819,614,3,1.3338762214983713,819x614,45.55093802325073,50.74918699051809,0.5240720191860258,95.65264407006285,24.931466399088254,53.60638420573274
no_dr,aptos_e3b47ed5b511.png,1050,1050,3,1.0,1050x1050,84.79240362811791,45.175537531663366,0.20785668934240362,106.79422171026567,15.714686121881856,52.14824518979729
no_dr,aptos_e3cd96cb094c.png,2048,1536,3,1.3333333333333333,2048x1536,43.419291496276855,47.51458610364852,0.5250062942504883,91.38009009497384,19.27492183603719,20.618157704671223
no_dr,aptos_e42d9a94a66d.png,2588,1958,3,1.3217568947906027,2588x1958,61.31215908893566,22.446830894948704,0.054561557782994666,64.2976763496217,19.223908576331596,13.792765738924071
no_dr,aptos_e47452069ea1.png,2048,1536,3,1.3333333333333333,2048x1536,38.58633772532145,43.00727857712483,0.5248454411824545,81.17695642022149,20.889974615470354,20.38507843017578
no_dr,aptos_e47770a2e5d1.png,2588,1958,3,1.3217568947906027,2588x1958,48.36743029429456,23.406572251875502,0.09533235029909395,52.86070800174337,19.842445636841568,12.832496925362424
no_dr,aptos_e4a44f9158dc.png,1050,1050,3,1.0,1050x1050,77.30506575963719,41.452293752351956,0.20922539682539681,97.39603752570746,15.594270823353488,44.270103364338915
no_dr,aptos_e4ae1ee6aada.png,1050,1050,3,1.0,1050x1050,95.23898684807256,49.726764206850696,0.20701043083900228,119.80305763315951,14.244380429663318,51.12370763873569
no_dr,aptos_e4b0df29b96f.png,1050,1050,3,1.0,1050x1050,85.0024126984127,44.14766293850357,0.2069922902494331,106.83818316784686,12.39923833658929,46.99356567130034
no_dr,aptos_e4c799738a19.png,1050,1050,3,1.0,1050x1050,84.44422675736962,44.144591895880026,0.20789659863945578,106.26813764894754,12.98949682928566,43.60335437868463
no_dr,aptos_e4d3d437b0a8.png,1050,1050,3,1.0,1050x1050,80.46468752834467,43.457596234601645,0.20929886621315194,101.51604477440728,16.451452992728477,51.737077033062576
no_dr,aptos_e4dcca36ceb4.png,1050,1050,3,1.0,1050x1050,77.66656507936509,41.74763849632591,0.20937959183673469,97.91095026839625,15.700644484437397,45.206513845449976
no_dr,aptos_e50b0174690d.png,1050,1050,3,1.0,1050x1050,78.23674285714286,41.27211840708269,0.20865124716553288,98.39124340085871,14.322022499433789,36.994302999655496
no_dr,aptos_e5197d77ec68.png,819,614,3,1.3338762214983713,819x614,48.58008694165046,36.44698010312361,0.2028711426105563,60.908199845827234,30.285316112847998,12.629981492382292
no_dr,aptos_e529c5757d64.png,819,614,3,1.3338762214983713,819x614,37.09150747912963,40.48509661140306,0.5255714245942259,78.11518019566256,15.88947448825648,17.12027060886996
no_dr,aptos_e582e56e7942.png,1050,1050,3,1.0,1050x1050,80.82290884353742,44.889116773542085,0.20973514739229024,102.0382729978296,20.083128849715724,55.24656597397176
no_dr,aptos_e594c19e2e1d.png,1050,1050,3,1.0,1050x1050,70.9458231292517,38.39288875026249,0.20978866213151928,89.39206021983269,15.587123472572738,38.82953437842379
no_dr,aptos_e59c5f345bb0.png,1050,1050,3,1.0,1050x1050,77.16985124716554,42.57202980810767,0.20884444444444444,97.17507271432814,19.33961847783659,48.050258344793356
no_dr,aptos_e5de79795c1d.png,819,614,3,1.3338762214983713,819x614,40.048545735842154,27.426673565619897,0.20370635517215321,50.25465937781729,20.812702209308387,12.487605229220625
no_dr,aptos_e5f332efcbc7.png,2048,1536,3,1.3333333333333333,2048x1536,20.96845595041911,27.41914690532295,0.5275599161783854,44.34973435035609,23.55680256856526,29.610815048217773
no_dr,aptos_e5f73f2855c0.png,1050,1050,3,1.0,1050x1050,83.2675537414966,44.69301742306769,0.20889342403628117,104.99607427238175,16.255710294345565,48.544169077728704
no_dr,aptos_e60e4edb3ca9.png,1050,1050,3,1.0,1050x1050,81.35240997732426,44.098166676858995,0.2084126984126984,102.3489873671546,18.46143336657782,42.739405137574586
no_dr,aptos_e632e38fd2d4.png,2588,1958,3,1.3217568947906027,2588x1958,63.64585369261445,32.89401592318944,0.02979750178793299,65.29937589383584,31.991955445342704,13.521930988779788
no_dr,aptos_e6552b7432b3.png,1050,1050,3,1.0,1050x1050,80.7160126984127,43.44467102075266,0.20962267573696144,101.75010988178671,16.632807332381855,38.31442170229484
no_dr,aptos_e66855a5c583.png,1050,1050,3,1.0,1050x1050,78.32878548752835,42.25557480014315,0.20728163265306124,98.4686591790126,17.178632805087528,50.44845199148505
no_dr,aptos_e66ad813a508.png,1050,1050,3,1.0,1050x1050,68.46528253968253,38.50803757611202,0.2099201814058957,86.29599810805877,19.023384241370195,48.10728795420342
no_dr,aptos_e68746d426b2.png,819,614,3,1.3338762214983713,819x614,43.914313156984164,30.81353380387095,0.2029168804413104,55.05523593778847,24.070639492960698,13.099624416352642
no_dr,aptos_e68bdd36e589.png,2588,1958,3,1.3217568947906027,2588x1958,61.25813706854769,26.953531658900143,0.02353263194787603,62.49725862090918,26.052852584294055,14.674398058670638
no_dr,aptos_e69b48516577.png,2588,1958,3,1.3217568947906027,2588x1958,43.11736951246659,17.886936826668,0.09524472974189037,47.14902533879211,13.52235966490906,12.3072073433911
no_dr,aptos_e6a5e4718873.png,1050,1050,3,1.0,1050x1050,83.78492517006802,45.450165631925444,0.20927437641723357,105.70126236700983,17.79880467672906,47.464945531872026
no_dr,aptos_e7291472109b.png,1050,1050,3,1.0,1050x1050,47.86374784580499,30.506872152064442,0.21206621315192745,60.529684113102725,20.598607505916863,51.113920558689856
no_dr,aptos_e7578d8dba72.png,819,614,3,1.3338762214983713,819x614,46.26495129915325,52.61707375796413,0.524149574638174,97.17285374588886,29.556203953864895,47.02968981796344
no_dr,aptos_e77a93c3d9a9.png,2588,1958,3,1.3217568947906027,2588x1958,64.68829776149211,32.88193481041819,0.09466335550422868,70.98151959536283,27.853417739378187,14.247932627689341
no_dr,aptos_e79e10907295.png,1050,1050,3,1.0,1050x1050,98.00223582766439,51.479889189075,0.20809433106575964,123.43675693754038,15.404125879224416,35.79916762198137
no_dr,aptos_e7b5dd5bab1f.png,1050,1050,3,1.0,1050x1050,73.6592335600907,41.99657581066261,0.20933877551020408,92.80533529730275,21.88879275896945,45.872820434544046
no_dr,aptos_e81f4a2fbbdc.png,2588,1958,3,1.3217568947906027,2588x1958,89.54725037219002,36.59344054814979,0.09118399054013732,97.84924543678113,26.77943109162436,38.48404753059774
no_dr,aptos_e82232a3c28b.png,1050,1050,3,1.0,1050x1050,77.39648253968254,42.33493761767373,0.2084861678004535,97.3447029945774,18.844618943391822,51.06705252232476
no_dr,aptos_e893e86dde94.png,1050,1050,3,1.0,1050x1050,77.79895510204082,42.02137344074991,0.20943219954648526,98.01113124009724,16.804727284796815,37.98931432385394
no_dr,aptos_e8ddfc9709ce.png,1050,1050,3,1.0,1050x1050,78.13261678004535,42.6119488858036,0.208984126984127,98.37823860932582,18.267485798574413,47.01876445805522
no_dr,aptos_e8e44b3160e3.png,1050,1050,3,1.0,1050x1050,83.47196916099773,45.47079392298259,0.20787755102040817,105.12135483760156,18.84189317859598,55.70036914762963
no_dr,aptos_e907d23cce3d.png,2048,1536,3,1.3333333333333333,2048x1536,43.19403330485026,47.168198240710986,0.5255285898844401,91.00835277423054,18.403461057451235,21.20068105061849
no_dr,aptos_e933923aab15.png,1050,1050,3,1.0,1050x1050,83.3608544217687,45.031878826192695,0.20907755102040818,105.12594725639684,17.254387972478685,49.64353362119776
no_dr,aptos_e966850247f4.png,1050,1050,3,1.0,1050x1050,81.0059201814059,43.01693782695534,0.2092190476190476,102.10946554168444,14.521497523545914,41.07547657545651
no_dr,aptos_e9678824215d.png,1050,1050,3,1.0,1050x1050,86.0549224489796,45.60146077478703,0.2078721088435374,108.26749041875782,15.846019803512723,39.032365222588524
no_dr,aptos_e97ecf4355cb.png,2048,1536,3,1.3333333333333333,2048x1536,48.065395991007485,51.973189022689446,0.5254364013671875,101.25320528278833,17.54714368141941,18.98589833577474
no_dr,aptos_e9ce5bf645ab.png,1050,1050,3,1.0,1050x1050,85.05323174603174,45.043171671486675,0.20822585034013605,107.05305688536666,15.408895566088896,47.269942828857516
no_dr,aptos_e9f3c85a2a02.png,1050,1050,3,1.0,1050x1050,78.52399274376417,42.08355466332521,0.20816054421768707,98.83046335465056,15.974786977905989,49.37495121122659
no_dr,aptos_e9faf0296643.png,2588,1958,3,1.3217568947906027,2588x1958,92.8688774148936,47.612029006230564,0.006257568126956662,93.39137023529493,47.30277281071754,18.225330465105195
no_dr,aptos_ea4ce9516144.png,2048,1536,3,1.3333333333333333,2048x1536,57.03667672475179,62.96640605851437,0.5245539347330729,119.93246832091488,28.24038109816586,21.4404296875
no_dr,aptos_ea5c42a78979.png,1050,1050,3,1.0,1050x1050,87.15027573696145,46.66773082815996,0.20484897959183673,109.2752271705827,18.666947657787407,57.10713607971904
no_dr,aptos_ea68b58a6e8f.png,1050,1050,3,1.0,1050x1050,79.4826693877551,43.180555104186205,0.20791473922902495,100.06154769293487,17.79446320358377,50.36752460711002
no_dr,aptos_ea6a53e54d0f.png,819,614,3,1.3338762214983713,819x614,41.19744226096017,28.477011814152675,0.20319926183118364,51.66626818140979,21.869559332078847,12.244072907962607
no_dr,aptos_ea7e21bab610.png,1050,1050,3,1.0,1050x1050,83.25710839002268,46.33197180539107,0.2091501133786848,105.0117787116131,21.239648580445404,47.56513639177006
no_dr,aptos_ea9c41e1ced0.png,1050,1050,3,1.0,1050x1050,80.31857868480725,44.23313070357189,0.20884716553287982,101.3040403739312,19.07730684424045,54.42010070538017
no_dr,aptos_eabc7c716255.png,819,614,3,1.3338762214983713,819x614,42.45305906543692,25.64879512638309,0.20295864106939027,53.22513441698582,15.92289949409361,9.035192783106583
no_dr,aptos_eabf421f94d0.png,1050,1050,3,1.0,1050x1050,82.05514739229025,44.22327585128777,0.20862857142857144,103.35581733596031,17.20364243035482,47.1431503060482
no_dr,aptos_eae70f527755.png,1050,1050,3,1.0,1050x1050,86.47402630385487,45.549977010303934,0.20670385487528345,108.4729713506264,16.52725081153024,47.78241259815488
no_dr,aptos_eb050765b323.png,1050,1050,3,1.0,1050x1050,77.15329886621315,42.33818574848822,0.20958820861678004,97.37278194781216,17.79656237531381,55.1196256791736
no_dr,aptos_eb175669d789.png,819,614,3,1.3338762214983713,819x614,39.927803828455296,25.895735076313752,0.20307795714961838,50.06750427329099,18.305543126133106,11.975075075483591
no_dr,aptos_eb6b1f1c09db.png,3216,2136,3,1.5056179775280898,3216x2136,80.08343552602157,47.216174211099684,0.2540810111427879,106.72643353881091,13.95416622330273,5.719779911942686
no_dr,aptos_ebd96d853918.png,1050,1050,3,1.0,1050x1050,79.14527074829932,43.50051866442615,0.20836643990929704,99.58605300787373,19.61172977717151,44.890372248905344
no_dr,aptos_ebf4b22240f4.png,1050,1050,3,1.0,1050x1050,86.51275102040816,46.95415286665369,0.20896598639455782,109.04828491655344,18.87560320308983,44.51503845174884
no_dr,aptos_ec01f0862669.png,1050,1050,3,1.0,1050x1050,82.02803990929705,43.70094604199434,0.20854784580498867,103.16205350594103,16.452249759339377,44.10684383594983
no_dr,aptos_ec0c9f817b03.png,1050,1050,3,1.0,1050x1050,75.38454331065759,39.396103475757776,0.20750022675736962,94.75357289600575,12.242491739010003,42.99998200418878
no_dr,aptos_ec363f48867b.png,2588,1958,3,1.3217568947906027,2588x1958,76.53216976917115,29.242355952388426,0.011517367025937263,77.30881251968978,28.50800963535089,14.638620849632467
no_dr,aptos_ec57cc20d776.png,819,614,3,1.3338762214983713,819x614,53.78956620650432,58.188345356842895,0.5235350968249991,112.82943931084567,21.167954450627114,70.80264324889733
no_dr,aptos_ec6659926105.png,1050,1050,3,1.0,1050x1050,82.58443718820861,44.9394463894452,0.2082575963718821,104.04362375357431,18.41499785675973,52.38614130165024
no_dr,aptos_ec6f1797a25a.png,1050,1050,3,1.0,1050x1050,80.89474376417233,43.742892564655634,0.20768707482993198,101.69211642483043,18.218856118057747,45.838341870688865
no_dr,aptos_ecad6845f630.png,2588,1958,3,1.3217568947906027,2588x1958,94.28599034121497,48.03559914249704,0.030163771504531797,96.91310511541971,46.372084494494466,6.571966274305059
no_dr,aptos_ecb4500285ed.png,819,614,3,1.3338762214983713,819x614,34.40982886096893,37.52557384789315,0.5246884856005377,72.32646076864503,14.91273573983806,29.934793762155326
no_dr,aptos_ed2c52c14493.png,1050,1050,3,1.0,1050x1050,74.80897959183673,42.03135263317356,0.21048707482993198,94.52753326486206,19.746773927482415,44.925433230207595
no_dr,aptos_ed2ef440d22c.png,819,614,3,1.3338762214983713,819x614,40.33062088110948,23.657921267408465,0.20297653848142447,50.565951256998574,13.638312841312736,13.394849915829596
no_dr,aptos_ed3ce1674761.png,1050,1050,3,1.0,1050x1050,80.58628843537414,45.17793477558597,0.19997732426303855,100.41698024432414,24.162275127574105,48.75955317700012
no_dr,aptos_ed648b9bcd95.png,819,614,3,1.3338762214983713,819x614,40.46683609550059,22.492590529665968,0.20291290323863614,50.73295777740078,10.7332688637342,12.112395674763995
no_dr,aptos_ed6bd9293a89.png,1050,1050,3,1.0,1050x1050,77.89614149659864,44.27493892244092,0.21025578231292516,98.44557496155362,21.75590351596228,57.51057935841549
no_dr,aptos_eda1d75cbcf0.png,1050,1050,3,1.0,1050x1050,84.05876553287982,45.4910255098843,0.2083392290249433,105.83457033980059,18.371818822749617,48.08224286906298
no_dr,aptos_eda29a9d78f3.png,1050,1050,3,1.0,1050x1050,69.07194376417233,38.669047259164934,0.20961360544217686,87.19796741110005,18.000242259582752,54.89291428365755
no_dr,aptos_edceb0657d77.png,819,614,3,1.3338762214983713,819x614,47.00345817772528,52.56847974663216,0.5241038368074199,98.70575232332688,26.576022795686676,58.44320753441274
no_dr,aptos_ee36ca728641.png,2048,1536,3,1.3333333333333333,2048x1536,39.1996103922526,43.75909203157255,0.5253073374430338,82.54915640607693,21.365457543732887,21.661827723185223
no_dr,aptos_ee3f5cf52188.png,2048,1536,3,1.3333333333333333,2048x1536,49.573360443115234,53.77680149174349,0.5244649251302084,104.212522327636,19.722538908453128,22.82729657491048
no_dr,aptos_ee3fe7809e6a.png,819,614,3,1.3338762214983713,819x614,45.81472599062175,49.4555643811289,0.5246507021751321,96.31194752276843,16.878290080269068,28.69037079460532
no_dr,aptos_ee77763a6afb.png,2048,1536,3,1.3333333333333333,2048x1536,39.73660437266032,43.20891417755778,0.524878184000651,83.60364216876175,16.223990261050652,19.839667638142902
no_dr,aptos_eeaea2c5ff34.png,2048,1536,3,1.3333333333333333,2048x1536,40.59686311086019,45.32591361676914,0.5245033899943033,85.34813204856587,22.411550769947812,21.56744384765625
no_dr,aptos_eebd1e195952.png,819,614,3,1.3338762214983713,819x614,46.647669558093014,51.552516016710975,0.524207244076951,97.97988798796288,23.64254825221657,51.35014496903748
no_dr,aptos_eedae6b28f96.png,2588,1958,3,1.3217568947906027,2588x1958,71.20827189369338,34.09820888733809,0.019038526206440348,72.399182631472,33.32800381988555,14.095599747798365
no_dr,aptos_ef247f28004f.png,2048,1536,3,1.3333333333333333,2048x1536,48.82151699066162,52.712538273084135,0.5241718292236328,102.57043303630482,18.109392971381638,21.955216725667317
no_dr,aptos_ef4121e9bb67.png,1050,1050,3,1.0,1050x1050,80.51225759637188,43.00793935407459,0.20802267573696145,101.28560450320963,16.14075383137746,49.671518388473125
no_dr,aptos_ef476be214d4.png,819,614,3,1.3338762214983713,819x614,42.608263433996335,48.64792672421353,0.5243186057518305,89.51065199578602,27.91864704949018,41.697700779134
no_dr,aptos_ef48780f5d5f.png,1050,1050,3,1.0,1050x1050,81.71356009070294,45.72388671278876,0.2075419501133787,102.85713615319023,21.99438221824622,55.614048114796574
no_dr,aptos_ef5155990874.png,1050,1050,3,1.0,1050x1050,93.56496054421768,50.93362995061602,0.2093705215419501,118.11470179620935,20.053668285495437,55.530405078209974
no_dr,aptos_ef7eb85b75fc.png,1050,1050,3,1.0,1050x1050,76.97324988662132,41.46310688709606,0.20849342403628118,96.81575135566261,16.824682190193233,45.279265479228094
no_dr,aptos_ef81cd8854cb.png,1050,1050,3,1.0,1050x1050,76.62635827664398,42.17593495547238,0.2089233560090703,96.58340308337213,18.486654222363036,48.81294382155256
no_dr,aptos_ef8c39eb9157.png,2048,1536,3,1.3333333333333333,2048x1536,38.71430460611979,42.29756957390776,0.5257205963134766,81.59763772877716,16.555796548877268,19.32086753845215
no_dr,aptos_ef99c499d665.png,1050,1050,3,1.0,1050x1050,83.54544217687075,45.832147372133754,0.2103827664399093,105.47209991809804,19.352545600892356,37.284648335427306
no_dr,aptos_f002ce614c59.png,2588,1958,3,1.3217568947906027,2588x1958,61.324548517318085,36.016388007482604,0.09405711597330652,66.98722653336493,33.026739036042024,14.414727633814874
no_dr,aptos_f00ce9b9d6f4.png,1050,1050,3,1.0,1050x1050,87.89316916099773,46.53424898575712,0.2085904761904762,110.8358369750461,14.569523276554804,51.279273666322155
no_dr,aptos_f02057c41256.png,2588,1958,3,1.3217568947906027,2588x1958,67.09269307702873,29.828203614421433,0.07970372411049347,72.08487031301699,25.574695945920578,14.498687269772459
no_dr,aptos_f0267c42907c.png,2048,1536,3,1.3333333333333333,2048x1536,52.08473618825277,56.83635157546639,0.5247770945231119,109.5701575065455,22.369382753648228,21.174551010131836
no_dr,aptos_f02956bd7c50.png,2048,1536,3,1.3333333333333333,2048x1536,37.33466911315918,41.32645107105726,0.5257692337036133,78.70067857576178,18.620177589602534,22.010713577270508
no_dr,aptos_f02babb3a023.png,1050,1050,3,1.0,1050x1050,81.594820861678,43.581093369185034,0.2077424036281179,102.60133789142998,16.51465673973368,47.00008905251699
no_dr,aptos_f0546a45ef10.png,1050,1050,3,1.0,1050x1050,84.7258693877551,44.671186823566984,0.20823310657596372,106.65101962028724,14.531764170036258,48.34391046998237
no_dr,aptos_f066db7a2efe.png,2416,1736,3,1.391705069124424,2416x1736,64.28625265129551,29.658916671678085,0.16667373996704002,76.73929227548034,11.184770039021293,10.41052974364184
no_dr,aptos_f06e7a9df795.png,2588,1958,3,1.3217568947906027,2588x1958,51.844900167820995,20.034262482329193,0.019286587108253227,52.67072643866988,19.336531977226965,13.059162821085147
no_dr,aptos_f0860c21533b.png,2588,1958,3,1.3217568947906027,2588x1958,61.04070803725216,29.197293794389157,0.09371926373471968,66.66187766745057,24.563167100185893,14.16780599649286
no_dr,aptos_f09cfc6a4dbd.png,1050,1050,3,1.0,1050x1050,81.65747482993197,43.44904727042258,0.20878276643990928,102.75628011376598,15.914471271880409,46.560068871283036
no_dr,aptos_f09fd9433dff.png,1050,1050,3,1.0,1050x1050,77.72158185941043,41.713106722643396,0.20891519274376416,97.89309894504633,15.856152488949938,46.83739672387536
no_dr,aptos_f0a2dc580009.png,819,614,3,1.3338762214983713,819x614,45.669603830841616,49.524479993323325,0.524105825408757,95.90043499880908,18.425037966865908,45.63058946120835
no_dr,aptos_f0e1201b5c1f.png,819,614,3,1.3338762214983713,819x614,41.306272446337594,45.302844967378405,0.524517465885544,86.80689992639186,19.211893686179312,25.333719121992736
no_dr,aptos_f1979147aad4.png,2588,1958,3,1.3217568947906027,2588x1958,53.64160705574404,32.55794352415326,0.0950191660101703,58.70991534107475,30.01434271508273,13.263396077756829
no_dr,aptos_f1d719c97838.png,1050,1050,3,1.0,1050x1050,74.8041224489796,41.901998136819465,0.20803718820861677,94.07235388638006,20.783420646853244,49.37087668320835
no_dr,aptos_f233638e0e90.png,819,614,3,1.3338762214983713,819x614,38.63287436414472,26.03800835315656,0.2032072162365322,48.44836278326844,19.40744832992763,11.102340554013557
no_dr,aptos_f252046c0fe6.png,1050,1050,3,1.0,1050x1050,96.14395102040817,52.32199482100526,0.20849795918367348,121.23778435558673,20.93005575034414,51.054153949928285
no_dr,aptos_f26b02ead915.png,2048,1536,3,1.3333333333333333,2048x1536,50.033457120259605,55.615904605892204,0.5247421264648438,105.24636529519101,26.434054799552822,20.883159637451172
no_dr,aptos_f298b7d05958.png,1050,1050,3,1.0,1050x1050,74.31892789115646,41.677146319812415,0.2103845804988662,93.87094610195152,19.552506599730084,45.02682340180396
no_dr,aptos_f2c0b41acd05.png,2048,1536,3,1.3333333333333333,2048x1536,35.56580670674642,40.30454170215426,0.5246852238972982,74.80092575562914,21.99120288716616,23.858579635620117
no_dr,aptos_f2f569a64949.png,2048,1536,3,1.3333333333333333,2048x1536,50.681830088297524,54.5171527741305,0.5247939427693685,106.62152268861017,17.072301710131903,19.855194727579754
no_dr,aptos_f35d80bb1a22.png,1050,1050,3,1.0,1050x1050,89.90006530612244,47.71046517728973,0.20898321995464852,113.3846124738561,15.425913598464488,53.78339189967886
no_dr,aptos_f361060eda3e.png,1050,1050,3,1.0,1050x1050,81.87569070294785,43.44607840827612,0.20868027210884355,102.9841121923822,15.79774328621282,41.73462316295291
no_dr,aptos_f366fb1cc475.png,1050,1050,3,1.0,1050x1050,85.0529814058957,45.338965929092176,0.20827120181405895,107.00786590612007,16.77351553192492,47.59909871403376
no_dr,aptos_f36cb007a1ef.png,1050,1050,3,1.0,1050x1050,71.73271655328799,38.05241684886572,0.20879637188208616,90.22754963303993,13.83382969586811,40.46050272008064
no_dr,aptos_f3a4751af42e.png,1050,1050,3,1.0,1050x1050,71.80344489795918,40.3135751246958,0.21054331065759638,90.68592309530594,19.096267024602493,38.726590006837895
no_dr,aptos_f3b27ac2d371.png,1050,1050,3,1.0,1050x1050,82.19472380952381,45.00453007289875,0.20810793650793652,103.3881195013865,19.972777845781497,45.543837526175594
no_dr,aptos_f3bb996b45ce.png,1050,1050,3,1.0,1050x1050,84.36549024943311,44.24343790186783,0.20855419501133787,106.17295021940959,13.867507390690177,47.551596955598534
no_dr,aptos_f42b693a9414.png,2048,1536,3,1.3333333333333333,2048x1536,35.89573574066162,39.85780620562037,0.5249443054199219,75.53204572282046,18.74166523106541,21.886513392130535
no_dr,aptos_f431f2e119d7.png,2048,1536,3,1.3333333333333333,2048x1536,48.974062283833824,53.95986147450129,0.5244677861531576,102.95673760524636,23.801133417039292,20.386370340983074
no_dr,aptos_f451eee2b66b.png,1050,1050,3,1.0,1050x1050,77.9913514739229,41.54538850103418,0.20972426303854874,98.311738260649,14.654664568710917,39.11707766774132
no_dr,aptos_f48241b0c995.png,2048,1536,3,1.3333333333333333,2048x1536,50.16754754384359,53.686836631028214,0.5252615610758463,105.64563498812775,14.546688672728978,20.721288681030273
no_dr,aptos_f4874247ede6.png,819,614,3,1.3338762214983713,819x614,47.69007847020876,52.325635550814106,0.5240859393953856,100.133193493258,22.4746611284191,44.79391726622997
no_dr,aptos_f4c7ae514c54.png,2048,1536,3,1.3333333333333333,2048x1536,54.706790606180824,58.42830889295064,0.5249109268188477,115.12044956811671,15.246080974188137,20.44402567545573
no_dr,aptos_f4d3169b468a.png,1050,1050,3,1.0,1050x1050,84.18509206349206,46.05645902612942,0.20741043083900226,105.80636622684047,20.54055883553855,48.671299971904716
no_dr,aptos_f4de9620e3f2.png,2588,1958,3,1.3217568947906027,2588x1958,62.58880698691059,24.202074576284073,0.0255702045900542,63.974202123566045,22.93567717222107,13.419907311658589
no_dr,aptos_f4df3d86688d.png,1050,1050,3,1.0,1050x1050,86.53831020408164,46.459643413559604,0.2077596371882086,108.94966941249878,17.508925104961193,49.33817362839562
no_dr,aptos_f4e68b61f480.png,2588,1958,3,1.3217568947906027,2588x1958,57.14601965857979,21.675108998367566,0.02405934200908412,58.31205316953897,20.612548759770117,12.143427550417929
no_dr,aptos_f4ea2a2cfbb9.png,1050,1050,3,1.0,1050x1050,73.00847256235828,40.155009942145234,0.20939954648526077,92.06310310370029,17.46804445664488,45.32393143499755
no_dr,aptos_f531232ecb55.png,1050,1050,3,1.0,1050x1050,83.86911020408164,46.332404373960664,0.21019954648526076,105.96663470206889,19.861541900498292,45.93811472008063
no_dr,aptos_f56ff0440ed1.png,2588,1958,3,1.3217568947906027,2588x1958,70.25835513322272,33.116914819071205,0.018434062767893934,71.39308827109872,32.36470423433018,14.019395914375028
no_dr,aptos_f5733f77273d.png,1050,1050,3,1.0,1050x1050,55.682575056689345,32.26798814758117,0.21231292517006803,70.34595733655756,17.573081427475607,38.526775135591436
no_dr,aptos_f57cf3b6f48e.png,2048,1536,3,1.3333333333333333,2048x1536,43.79014778137207,47.58259372139544,0.5253915786743164,92.23451478878947,17.420868958163577,19.70975112915039
no_dr,aptos_f580566e27f5.png,819,614,3,1.3338762214983713,819x614,44.78531258824418,30.834612473913307,0.20295267526537886,56.15255933015309,23.58156280076159,13.080966206291643
no_dr,aptos_f58cdfa968be.png,2048,1536,3,1.3333333333333333,2048x1536,43.33947722117106,47.823528745670444,0.5248339970906576,91.17822461787746,21.274776896090003,21.59668223063151
no_dr,aptos_f58f0b2fd718.png,1050,1050,3,1.0,1050x1050,90.42565532879819,48.67903569717952,0.20824489795918366,113.96787183100206,18.19153334009145,51.732486776629884
no_dr,aptos_f5c953bee7cd.png,1050,1050,3,1.0,1050x1050,95.42970702947846,51.01861055161262,0.20765895691609979,120.16655944209644,18.379099975723026,58.35867838548012
no_dr,aptos_f62b8a076833.png,2048,1536,3,1.3333333333333333,2048x1536,38.83861827850342,43.1442260325083,0.5256773630777994,81.85492765181725,20.106046629525707,21.218730290730793
no_dr,aptos_f633c474e8b8.png,1050,1050,3,1.0,1050x1050,87.38205260770975,46.73935320311738,0.20786485260770976,109.82320751973197,18.284854588139975,44.82214870972818
no_dr,aptos_f64b6e85f1c9.png,1050,1050,3,1.0,1050x1050,77.28078004535148,42.92099826741391,0.20890793650793651,97.40529982950747,19.73827478660933,55.19465545578148
no_dr,aptos_f66c4ee86629.png,2588,1958,3,1.3217568947906027,2588x1958,45.61228219187166,21.027360654251503,0.036692292390588764,46.97935130136541,20.200213519258153,12.386532559643884
no_dr,aptos_f68690db78d3.png,2048,1536,3,1.3333333333333333,2048x1536,56.46748733520508,60.07699403922021,0.524638811747233,118.75626957308522,14.041681329520006,21.03649075826009
no_dr,aptos_f6d760566a51.png,1050,1050,3,1.0,1050x1050,84.99454693877551,45.81726147122035,0.20936780045351475,107.2210074431667,17.175739363368734,47.48259045001539
no_dr,aptos_f7116e7b2f4e.png,1050,1050,3,1.0,1050x1050,79.58781768707483,42.78804451432619,0.20794648526077097,100.2785846715504,15.883462026245542,63.39152788835431
no_dr,aptos_f71333204618.png,2588,1958,3,1.3217568947906027,2588x1958,54.53747614115908,19.3183830151314,0.03967454883306784,56.38803344086969,17.3865638094304,12.552975308262958
no_dr,aptos_f71aca5a7dc3.png,2048,1536,3,1.3333333333333333,2048x1536,22.591002464294434,27.002947745391925,0.5264317194620768,47.67609015672104,18.554559550585193,26.879016876220703
no_dr,aptos_f71bea807c96.png,1050,1050,3,1.0,1050x1050,72.76179138321996,39.19268793691817,0.2086702947845805,91.55041315114718,15.777849492487531,48.22849485420502
no_dr,aptos_f7508f14dd7b.png,2048,1536,3,1.3333333333333333,2048x1536,39.84654521942139,43.94589603285214,0.525140126546224,83.87999169891148,19.35500751877473,20.256907780965168
no_dr,aptos_f7735b6d47f7.png,1050,1050,3,1.0,1050x1050,89.67171156462585,48.255031370350785,0.20901315192743763,113.13578606132813,17.585615995681074,53.874710685588816
no_dr,aptos_f7defe70afc3.png,2588,1958,3,1.3217568947906027,2588x1958,60.3922614471127,24.920640772590804,0.09342818192869423,66.16241038339093,18.127397126191823,14.439812373590154
no_dr,aptos_f7e9fa75c7c1.png,1050,1050,3,1.0,1050x1050,73.8166485260771,41.185705943612824,0.2099519274376417,93.19609013717125,18.915722242744806,49.4348221978587
no_dr,aptos_f819c65b803c.png,2048,1536,3,1.3333333333333333,2048x1536,22.166828791300457,26.344934683990346,0.5277865727742513,46.90812175394071,17.60165224302918,28.374555587768555
no_dr,aptos_f85c78201a50.png,1050,1050,3,1.0,1050x1050,76.68589569160997,42.443466485750065,0.20942222222222223,96.7628291028577,18.800583939364742,52.43237550258504
no_dr,aptos_f85fd4fac887.png,2588,1958,3,1.3217568947906027,2588x1958,68.22918084251508,32.01121228493598,0.026946084150467387,69.84669726370782,30.9191521031041,4.6552173970999915
no_dr,aptos_f86d1c404acb.png,819,614,3,1.3338762214983713,819x614,58.80286000644307,66.3611205082559,0.5229584024372298,123.19798822783966,36.08226478538935,114.53618260132919
no_dr,aptos_f8d62557ad0c.png,819,614,3,1.3338762214983713,819x614,44.47734784216869,25.76931390480313,0.20284727939451067,55.759148432997975,14.334391552861936,12.020581175421489
no_dr,aptos_f8f5942b690e.png,819,614,3,1.3338762214983713,819x614,50.109510287034716,29.733515484355287,0.2028552337998592,62.82441868297173,17.663352045793545,15.329388284099599
no_dr,aptos_f90f8931a9bc.png,1050,1050,3,1.0,1050x1050,78.54103219954648,44.260977000808325,0.20939591836734694,98.99596049290935,21.892191436165383,46.34548874800111
no_dr,aptos_f91cfa82b9d4.png,819,614,3,1.3338762214983713,819x614,44.18452430667414,47.828668477075134,0.5240799735913743,92.77802894820411,17.344282480946223,33.972720366857175
no_dr,aptos_f952ad2e4356.png,819,614,3,1.3338762214983713,819x614,45.25178278109874,49.04207056555634,0.5240740077873628,95.0112356733674,18.133985251417858,31.06566759335489
no_dr,aptos_f994a3b07935.png,1050,1050,3,1.0,1050x1050,94.0473433106576,50.48275339965605,0.20798730158730158,118.49498393255107,18.53474846790405,54.37046284197307
no_dr,aptos_f9d52509c571.png,1050,1050,3,1.0,1050x1050,73.90711655328798,39.63170231007147,0.20845714285714287,92.91824915547122,15.810665065289516,45.74561534907782
no_dr,aptos_f9d8ff3e6592.png,2048,1536,3,1.3333333333333333,2048x1536,53.65540790557861,57.58084465676083,0.5248683293660482,112.89658210867536,17.07646350125095,20.450084050496418
no_dr,aptos_f9e1c439d4c8.png,2416,1736,3,1.391705069124424,2416x1736,77.39676780373547,35.641622121400275,0.16665347376934112,92.47304790967732,12.666047920894448,7.555100691853489
no_dr,aptos_fa0c87bd75ce.png,2588,1958,3,1.3217568947906027,2588x1958,39.823796835555946,22.59413094907824,0.09581228992774067,43.54210250395369,20.49826817476487,12.110831123489017
no_dr,aptos_fa573163dd8b.png,1050,1050,3,1.0,1050x1050,91.63950476190476,48.0755546011982,0.20602902494331066,115.04864666026162,15.834622533411933,43.900513092315244
no_dr,aptos_fa6f3d8bb1d5.png,1050,1050,3,1.0,1050x1050,69.53631020408163,38.413547608177545,0.21018503401360544,87.71366180086383,17.197655159989473,48.30451293146374
no_dr,aptos_fa7fa797c650.png,1050,1050,3,1.0,1050x1050,79.2637052154195,41.89175463347624,0.20874829931972788,99.76847384379066,14.255280220329608,41.87925099742675
no_dr,aptos_fa9bece586fc.png,2588,1958,3,1.3217568947906027,2588x1958,47.344066785809574,17.534799272266525,0.025377597239084136,48.32006407343783,16.67140996173705,12.104430281983019
no_dr,aptos_fa9f1bc03f21.png,1050,1050,3,1.0,1050x1050,72.25006077097505,40.751088153699556,0.21025578231292516,91.25453862612885,19.611176273438364,46.484407716666205
no_dr,aptos_fb1b8771c70a.png,1050,1050,3,1.0,1050x1050,76.25553560090702,41.47626603750405,0.20975056689342403,96.16198106169297,16.94669953894689,44.31666369967246
no_dr,aptos_fb767cea406c.png,819,614,3,1.3338762214983713,819x614,36.58283320009704,20.456747771853625,0.20307596854828125,45.86972296666717,10.015475702693124,9.711850137156816
no_dr,aptos_fb88783de055.png,1050,1050,3,1.0,1050x1050,78.63325986394558,42.66103989889808,0.20933242630385487,99.23925016433199,16.523652830352958,52.12159097193946
no_dr,aptos_fb88d23fc5fe.png,1050,1050,3,1.0,1050x1050,83.17891700680272,46.36944172749596,0.20956916099773243,105.01169545011189,21.098373359706688,56.847658507164404
no_dr,aptos_fbcbc81cf9be.png,1050,1050,3,1.0,1050x1050,83.98338140589568,44.580707901732666,0.20842086167800453,105.61446449933311,16.279922939223404,43.70955648636032
no_dr,aptos_fbdc796290d4.png,1050,1050,3,1.0,1050x1050,90.29327619047619,48.652113041077826,0.20784761904761906,113.59650219614632,19.359566214358956,43.254771047618206
no_dr,aptos_fbfa925506f6.png,819,614,3,1.3338762214983713,819x614,40.16901719344716,44.31426538763331,0.5243345145625276,84.38305406444924,19.99899072598326,38.20942358401642
no_dr,aptos_fc782722a50c.png,1050,1050,3,1.0,1050x1050,74.37749659863945,43.27529561544011,0.21033832199546484,93.9670400481506,23.381976300922588,54.19524228194711
no_dr,aptos_fc898dfeb24f.png,2048,1536,3,1.3333333333333333,2048x1536,30.200303077697754,34.77671418448289,0.5257581075032552,63.653233331277704,20.532195173649153,24.18948809305827
no_dr,aptos_fc8fce67fbf8.png,2048,1536,3,1.3333333333333333,2048x1536,29.114614804585774,33.07486734868749,0.5261446634928385,61.413472917309576,18.048343402194526,25.08539072672526
no_dr,aptos_fca1a8738b8a.png,1050,1050,3,1.0,1050x1050,88.54977052154194,46.8069989920441,0.20719727891156461,111.29358571730936,16.31703463053135,47.97943879753065
no_dr,aptos_fcc32dffd24d.png,2588,1958,3,1.3217568947906027,2588x1958,71.01360032869549,31.340752594975697,0.09423097568253257,77.92722003343496,24.022739984502792,16.47168632097766
no_dr,aptos_fce73678f650.png,1050,1050,3,1.0,1050x1050,84.63556371882086,44.78425010423613,0.20866213151927437,106.72819760444725,13.959300953544206,43.527212752493874
no_dr,aptos_fd079d2e93a2.png,1050,1050,3,1.0,1050x1050,76.94354376417233,42.206040502163994,0.20862766439909297,96.84037258965166,18.787462405877655,48.194923035351735
no_dr,aptos_fd0a70082e7c.png,1050,1050,3,1.0,1050x1050,55.26691972789116,32.95036393674702,0.21118004535147392,69.86925215655522,19.138820839474757,55.9452771279095
no_dr,aptos_fd4c946c52bf.png,1050,1050,3,1.0,1050x1050,43.465745124716555,26.503902409457563,0.21214784580498866,54.98233723651778,16.310865314784866,47.28006952922206
no_dr,aptos_fd87b6b2e664.png,1050,1050,3,1.0,1050x1050,84.08767437641724,45.38109956811289,0.20950657596371883,106.12616362924962,16.92746326814162,48.946475968296355
no_dr,aptos_fdbc252813b1.png,819,614,3,1.3338762214983713,819x614,43.8851463411724,47.79621870122449,0.5243066741438077,92.18400150495381,18.78713831554366,22.15093484148859
no_dr,aptos_fdc685055659.png,1050,1050,3,1.0,1050x1050,80.2401641723356,42.79932419508296,0.20844625850340137,100.91178061346093,16.23400005356525,48.21410393315544
no_dr,aptos_fe06dad6851c.png,2048,1536,3,1.3333333333333333,2048x1536,41.6999839146932,44.83809158874753,0.524385134379069,87.64695970671488,14.179446323509598,22.629334767659504
no_dr,aptos_fe0e2dee1834.png,2048,1536,3,1.3333333333333333,2048x1536,47.65564092000326,52.87965849181504,0.5253578821818033,100.37422334144847,24.515280968345028,20.42647933959961
no_dr,aptos_fe3b0e50be78.png,819,614,3,1.3338762214983713,819x614,37.59083533187768,28.285754325199516,0.20347965461971976,47.158367516096895,23.54783236050245,9.673579826223943
no_dr,aptos_fe3f62695b2d.png,1050,1050,3,1.0,1050x1050,82.6622657596372,44.126676748753795,0.2090875283446712,104.16935690112514,15.784856656993712,42.850885650037576
no_dr,aptos_febfb20dc311.png,1050,1050,3,1.0,1050x1050,85.70932517006803,46.09331606311554,0.2076761904761905,107.7695793080316,18.375191917228484,48.4425758600287
no_dr,aptos_fed5bb685832.png,1050,1050,3,1.0,1050x1050,75.00557913832199,40.814681817532446,0.20970975056689342,94.52742986015069,17.03178631873102,45.807589328705625
no_dr,aptos_fefded6bf135.png,2588,1958,3,1.3217568947906027,2588x1958,58.24755254470622,26.829959544830164,0.09548923845895174,63.8885345934083,21.505558208714785,13.305839750462539
no_dr,aptos_ff03f74667df.png,2048,1536,3,1.3333333333333333,2048x1536,44.78230253855387,48.155483562642516,0.524303118387858,94.11271888175257,15.276618816044554,22.74429766337077
no_dr,aptos_ff1e940105f9.png,1050,1050,3,1.0,1050x1050,97.26737052154195,50.92345043900882,0.20851065759637188,122.6376841157117,13.74201252774383,54.21769381249667
no_dr,aptos_ff4832d55461.png,2048,1536,3,1.3333333333333333,2048x1536,23.691991488138836,27.644331393220416,0.526280403137207,49.9835464265367,17.310083945659972,28.56366030375163
no_dr,aptos_ff4955e76894.png,2416,1736,3,1.391705069124424,2416x1736,69.55492759483627,33.323900292985144,0.16685375148777734,83.07522889729226,15.403246884206359,10.57429539926262
no_dr,aptos_ff4cd992667b.png,2588,1958,3,1.3217568947906027,2588x1958,58.048682889362865,32.521776308589004,0.09471801968068227,63.6107678111428,29.009993920903536,13.622667988118346
no_dr,aptos_ff59d44a70a7.png,1050,1050,3,1.0,1050x1050,75.63901315192744,42.10535165694953,0.20913197278911563,95.22075230637252,20.19149311432712,48.00818899481509
no_dr,aptos_ff631653374e.png,1050,1050,3,1.0,1050x1050,74.1092126984127,40.78684127124611,0.20956825396825396,93.50910263457153,17.557880683441127,46.01518162598917
no_dr,aptos_ffc04fed30e6.png,2048,1536,3,1.3333333333333333,2048x1536,20.917613347371418,23.66825318401097,0.5264285405476888,44.14069691963695,12.58209765623323,27.997433344523113
no_dr,aptos_ffd97f8cd5aa.png,1050,1050,3,1.0,1050x1050,84.27398004535148,46.137849526945125,0.20824580498866213,106.12141242672489,19.90037019574787,48.76964361880987
no_dr,idrid_ffec9a18a3ce.jpg,4288,2848,3,1.5056179775280898,4288x2848,66.9896882828222,45.11394019347019,0.3077455834416401,94.8582900617296,20.377066599973503,11.148237371632334
no_dr,idrid_IDRiD_029test.jpg,4288,2848,3,1.5056179775280898,4288x2848,87.14182510900554,57.850340285635156,0.30715363557039244,124.27361726091881,18.40920990669257,22.924854633496956
no_dr,idrid_IDRiD_030test.jpg,4288,2848,3,1.5056179775280898,4288x2848,74.06098258597288,50.85985777172676,0.3083288514852004,105.87158148908415,21.350179576869053,27.274346178119462
no_dr,idrid_IDRiD_037test.jpg,4288,2848,3,1.5056179775280898,4288x2848,74.00550145493564,50.35515643437597,0.307999018033079,105.56531332687483,20.688039577364556,25.3372073708118
no_dr,idrid_IDRiD_038test.jpg,4288,2848,3,1.5056179775280898,4288x2848,58.376458292936654,40.046473178075246,0.30887396104100284,83.69872950667201,15.593990490263113,23.86794779995216
no_dr,idrid_IDRiD_044test.jpg,4288,2848,3,1.5056179775280898,4288x2848,68.95950311753208,48.56573206626683,0.30849147542658895,98.29210962364431,24.8868839579079,25.57784797769282
no_dr,idrid_IDRiD_055test.jpg,4288,2848,3,1.5056179775280898,4288x2848,63.59674773407366,43.077019075991345,0.3081397786349153,90.76043903577542,16.894393290655657,25.311772366926125
no_dr,idrid_IDRiD_058test.jpg,4288,2848,3,1.5056179775280898,4288x2848,59.71832493409882,42.06428820832754,0.3088819039021885,85.40603221127171,20.546129863425318,23.48281009093315
no_dr,idrid_IDRiD_063test.jpg,4288,2848,3,1.5056179775280898,4288x2848,75.87495398053622,52.39056822493088,0.30783066213001004,107.94615521936957,24.93347344641331,26.352613822457613
no_dr,idrid_IDRiD_068test.jpg,4288,2848,3,1.5056179775280898,4288x2848,76.2624039650763,50.63634731288463,0.3051155137671893,108.09407317979964,19.141867840742346,23.599919307584358
no_dr,idrid_IDRiD_069test.jpg,4288,2848,3,1.5056179775280898,4288x2848,53.07963496247694,36.795606168645776,0.3090859617380094,76.08980649348386,15.661634161825587,19.479159159448166
no_dr,idrid_IDRiD_078test.jpg,4288,2848,3,1.5056179775280898,4288x2848,62.9200889207404,43.19895996971695,0.30853274555068755,89.69111191822512,19.33150368774847,24.58947067994006
no_dr,idrid_IDRiD_080test.jpg,4288,2848,3,1.5056179775280898,4288x2848,70.625416140418,49.36276248571932,0.3085237381823327,100.53520715290007,24.933463688930164,27.71917784627528
no_dr,idrid_IDRiD_090test.jpg,4288,2848,3,1.5056179775280898,4288x2848,76.52732598091879,53.072909734433594,0.3087593218073956,110.2521226461473,19.778374340243268,11.278868696727859
no_dr,idrid_IDRiD_096test.jpg,4288,2848,3,1.5056179775280898,4288x2848,67.49511563168183,44.19285220984367,0.30778939200591143,95.61614142234082,15.84191218019989,11.675211732497853
no_dr,idrid_IDRiD_103test.jpg,4288,2848,3,1.5056179775280898,4288x2848,66.9896882828222,45.11394019347019,0.3077455834416401,94.8582900617296,20.377066599973503,11.148237371632334
no_dr,idrid_IDRiD_118.jpg,4288,2848,3,1.5056179775280898,4288x2848,66.00176929280039,45.21483463233286,0.3079672465883364,94.13633140340391,19.5417831465853,24.64838115962514
no_dr,idrid_IDRiD_139.jpg,4288,2848,3,1.5056179775280898,4288x2848,49.103773890816285,36.22300646536167,0.3092952602245095,70.36178520056986,20.910349320474676,22.76729635701914
no_dr,idrid_IDRiD_140.jpg,4288,2848,3,1.5056179775280898,4288x2848,49.59079369982077,36.900741945318046,0.30921427579448263,70.86312388647266,22.496127929587704,22.726784079690795
no_dr,idrid_IDRiD_143.jpg,4288,2848,3,1.5056179775280898,4288x2848,50.07513594575403,35.737989310815365,0.30925055092340265,71.70407441710933,18.298204729007608,25.52275162916434
no_dr,idrid_IDRiD_144.jpg,4288,2848,3,1.5056179775280898,4288x2848,69.4129562313957,47.950064213030934,0.30833941467172565,98.81634136067588,22.757019569112174,25.465539364431958
no_dr,idrid_IDRiD_152.jpg,4288,2848,3,1.5056179775280898,4288x2848,42.31190739704742,31.098048413550888,0.30923229053119233,60.576155579606464,17.885547776097603,19.863159814293354
no_dr,idrid_IDRiD_154.jpg,4288,2848,3,1.5056179775280898,4288x2848,43.06971244549723,30.397746847331163,0.309315158320057,61.7983468009548,14.245661979382275,7.0305872213354075
no_dr,idrid_IDRiD_155.jpg,4288,2848,3,1.5056179775280898,4288x2848,38.93810332990944,29.31847444325169,0.3094017109414305,55.74294124042937,18.1851712878269,18.91615638201883
no_dr,idrid_IDRiD_156.jpg,4288,2848,3,1.5056179775280898,4288x2848,62.383177953499704,42.517127304402884,0.30894962293518363,88.61045100863085,19.71144884310001,11.501351678419299
no_dr,idrid_IDRiD_157.jpg,4288,2848,3,1.5056179775280898,4288x2848,41.60327955006394,32.67467480203843,0.3095598311986416,59.58685311931839,22.368034263753547,20.434006777676398
no_dr,idrid_IDRiD_158.jpg,4288,2848,3,1.5056179775280898,4288x2848,60.26791590131331,41.90948626272919,0.30894241704049974,85.63728498047836,21.387609240761353,10.754433836094364
no_dr,idrid_IDRiD_160.jpg,4288,2848,3,1.5056179775280898,4288x2848,50.76223388958473,35.846524751706546,0.3091137208095757,72.7624366826284,17.118186636207056,8.257572330679748
no_dr,idrid_IDRiD_165.jpg,4288,2848,3,1.5056179775280898,4288x2848,62.19927566019097,41.942864679237,0.3080031122914221,88.64388181929306,16.423791637250456,21.70832495346947
no_dr,idrid_IDRiD_166.jpg,4288,2848,3,1.5056179775280898,4288x2848,53.029601815361396,37.06411396466325,0.3087051957120996,75.78101967402755,17.570234145597446,24.9197865186185
no_dr,idrid_IDRiD_167.jpg,4288,2848,3,1.5056179775280898,4288x2848,56.089959371855606,37.57614434877206,0.30751032735724465,79.7961710043197,14.461863502589386,26.199411507678974
no_dr,idrid_IDRiD_172.jpg,4288,2848,3,1.5056179775280898,4288x2848,51.85475446568946,38.29949498254298,0.308975580533079,74.15643092827362,22.61391334800775,22.607090321688514
no_dr,idrid_IDRiD_174.jpg,4288,2848,3,1.5056179775280898,4288x2848,44.173409118601164,31.813451486393195,0.3092363029043686,63.34543807013973,16.596991863974342,22.305287470611354
no_dr,idrid_IDRiD_175.jpg,4288,2848,3,1.5056179775280898,4288x2848,44.36349357823767,32.45368632242459,0.30921746931599026,63.543352286648954,18.26640808389502,22.5417181980554
no_dr,idrid_IDRiD_176.jpg,4288,2848,3,1.5056179775280898,4288x2848,49.43227867422019,37.053913390675746,0.3092749527031276,70.78642296665828,22.626606754228796,22.28741480519121
no_dr,idrid_IDRiD_177.jpg,4288,2848,3,1.5056179775280898,4288x2848,68.38918652327374,46.25493513580561,0.3076957972601878,96.88417299322236,21.223438828084504,10.575571164527496
no_dr,idrid_IDRiD_179.jpg,4288,2848,3,1.5056179775280898,4288x2848,56.66713835252285,46.65906268329485,0.3096164138489435,82.06568558693098,32.70834735828922,23.712074473636985
no_dr,idrid_IDRiD_181.jpg,4288,2848,3,1.5056179775280898,4288x2848,82.99863341845024,59.46301060758018,0.3088294973953966,120.06419433676878,25.827401253841508,21.42998244439581
no_dr,idrid_IDRiD_182.jpg,4288,2848,3,1.5056179775280898,4288x2848,51.97099561881603,43.65411154308353,0.30945313482622,75.24743448830817,31.761495019470065,23.85885838567487
no_dr,idrid_IDRiD_184.jpg,4288,2848,3,1.5056179775280898,4288x2848,49.008611126032406,49.07301961820204,0.3094320903383364,70.9539127300237,43.940336907910506,19.680205669185053
no_dr,idrid_IDRiD_190.jpg,4288,2848,3,1.5056179775280898,4288x2848,77.47532955504255,53.83245695728918,0.30881852478303706,112.07457709004399,17.782818861348332,23.24363015058292
no_dr,idrid_IDRiD_193.jpg,4288,2848,3,1.5056179775280898,4288x2848,62.45877884323117,45.45947967585806,0.3092860890858209,90.41007211131796,21.58209227589503,27.4587781061036
no_dr,idrid_IDRiD_194.jpg,4288,2848,3,1.5056179775280898,4288x2848,59.5681636694512,44.1722436579533,0.3094998912564984,86.25270956254947,22.91252259674347,28.9838348035486
no_dr,idrid_IDRiD_195.jpg,4288,2848,3,1.5056179775280898,4288x2848,85.59723077467298,60.17337111047779,0.3086582755114875,123.7947953408932,22.588156979747495,23.88955312206051
no_dr,idrid_IDRiD_197.jpg,4288,2848,3,1.5056179775280898,4288x2848,87.13237744410846,62.25843681310861,0.3091465567614875,126.10511438086482,26.408456325361993,20.771383407516062
no_dr,idrid_IDRiD_198.jpg,4288,2848,3,1.5056179775280898,4288x2848,64.82121143536182,47.52588902538984,0.3090211086858544,93.79522785688121,23.49797202804111,29.065278932901293
no_dr,idrid_IDRiD_199.jpg,4288,2848,3,1.5056179775280898,4288x2848,57.83760468199732,43.24797265211905,0.3091088895847308,83.69925415863834,23.31120243548241,26.803090411179824
no_dr,idrid_IDRiD_200.jpg,4288,2848,3,1.5056179775280898,4288x2848,47.9101414287848,35.36670615477347,0.30940203848209796,69.36040322338721,18.00006276969226,26.283889485702677
no_dr,idrid_IDRiD_201.jpg,4288,2848,3,1.5056179775280898,4288x2848,75.16625784132358,53.81126393766436,0.3094609139170719,108.8330776715999,23.033788078623203,25.44585047598713
no_dr,idrid_IDRiD_202.jpg,4288,2848,3,1.5056179775280898,4288x2848,75.06214306255765,53.29527288612981,0.3091108548287355,108.62923985216585,21.586736825109313,28.424095396678123
no_dr,idrid_IDRiD_204.jpg,4288,2848,3,1.5056179775280898,4288x2848,70.19981413704825,50.775110968994234,0.30915580978534296,101.59802383478745,23.300395949919707,30.3216843997513
no_dr,idrid_IDRiD_205.jpg,4288,2848,3,1.5056179775280898,4288x2848,69.03455734188957,51.57301216761691,0.3096928945947929,99.98782138233028,27.553964150802155,32.339479765600174
no_dr,idrid_IDRiD_206.jpg,4288,2848,3,1.5056179775280898,4288x2848,54.71742567119634,41.3993069343941,0.30989179366510144,79.27108497208509,23.19449862368649,21.988738086816454
no_dr,idrid_IDRiD_208.jpg,4288,2848,3,1.5056179775280898,4288x2848,75.86885148847581,52.21963938320321,0.3090359299010565,109.78267921340645,14.98939228992451,21.787845439135307
no_dr,idrid_IDRiD_209.jpg,4288,2848,3,1.5056179775280898,4288x2848,68.94999821490336,49.01836715913368,0.3094756532471072,99.83344847843632,19.940881234307103,32.35418053254803
no_dr,idrid_IDRiD_210.jpg,4288,2848,3,1.5056179775280898,4288x2848,64.3618317187762,48.861808320292674,0.30968642566661075,93.21878947088727,27.74039422371734,27.98462179555793
no_dr,idrid_IDRiD_211.jpg,4288,2848,3,1.5056179775280898,4288x2848,62.710519885649,47.56691833909139,0.30979385900553413,90.84132641875289,26.90112370339422,27.97597071449869
no_dr,idrid_IDRiD_212.jpg,4288,2848,3,1.5056179775280898,4288x2848,66.13579516720296,49.715406781984804,0.30962157261445583,95.77946084096702,27.237455885187643,28.48221978175547
no_dr,idrid_IDRiD_213.jpg,4288,2848,3,1.5056179775280898,4288x2848,83.76432540051673,59.15800942564309,0.3092471117463944,121.24444982110997,22.88747518159304,22.807684331893245
no_dr,idrid_IDRiD_214.jpg,4288,2848,3,1.5056179775280898,4288x2848,92.81194334463567,62.972921614147026,0.30896591808338925,134.28864638171322,13.05941981634338,18.817390338655102
no_dr,idrid_IDRiD_215.jpg,4288,2848,3,1.5056179775280898,4288x2848,57.33996289291778,43.856827165594474,0.30987926523457154,83.07118491668574,25.502503519703367,25.78038218100091
no_dr,idrid_IDRiD_217.jpg,4288,2848,3,1.5056179775280898,4288x2848,79.36492591357643,56.12921621929583,0.30902692253270164,114.84221274903364,22.056784057142984,26.176665114719427
no_dr,idrid_IDRiD_218.jpg,4288,2848,3,1.5056179775280898,4288x2848,69.76882187879947,51.24582499752388,0.30965039619319135,101.04559548051978,25.393200623404606,28.62812235180841
no_dr,idrid_IDRiD_219.jpg,4288,2848,3,1.5056179775280898,4288x2848,70.81140511343388,51.07094808817218,0.30967406100641454,102.55873014555037,22.88009081198211,26.69824538056475
no_dr,idrid_IDRiD_220.jpg,4288,2848,3,1.5056179775280898,4288x2848,82.6678745820581,57.22927259432814,0.30915253437866846,119.64091115761646,17.85903141075341,22.772774965093976
no_dr,idrid_IDRiD_221.jpg,4288,2848,3,1.5056179775280898,4288x2848,64.63964041275365,48.355055654923696,0.3096976439344709,93.62223854990559,25.977835061047802,29.913678455872176
no_dr,idrid_IDRiD_222.jpg,4288,2848,3,1.5056179775280898,4288x2848,70.16883181965873,50.59007140737109,0.30959970927490355,101.61708642878466,22.63953934190559,28.507502073309094
no_dr,idrid_IDRiD_223.jpg,4288,2848,3,1.5056179775280898,4288x2848,37.38302564708934,31.91095547521545,0.30969453229813015,54.136887830783856,23.84786531056345,18.96359549249224
no_dr,idrid_IDRiD_225.jpg,4288,2848,3,1.5056179775280898,4288x2848,63.341094955349654,46.00461698395701,0.30972442038403486,91.74471221144037,21.475257032364894,31.712207373079927
no_dr,idrid_IDRiD_226.jpg,4288,2848,3,1.5056179775280898,4288x2848,73.78077809578338,52.25864732420021,0.30946435309408016,106.82639379028234,20.640682749241954,27.698960401064475
no_dr,idrid_IDRiD_227.jpg,4288,2848,3,1.5056179775280898,4288x2848,72.1343647971082,51.29160165842428,0.3094410158215244,104.43977187472319,20.903549418330726,28.917737340339897
no_dr,idrid_IDRiD_228.jpg,4288,2848,3,1.5056179775280898,4288x2848,70.67805421846177,49.387431338260654,0.30948588889296497,102.33889982974637,17.12562541328239,28.91966262435251
no_dr,idrid_IDRiD_229.jpg,4288,2848,3,1.5056179775280898,4288x2848,73.32928916141728,52.87482989464994,0.30958234961952874,106.19147972462903,23.684228058654888,25.5033011151409
no_dr,idrid_IDRiD_230.jpg,4288,2848,3,1.5056179775280898,4288x2848,65.81961942394767,48.93945080588945,0.30922770496184804,95.26898495068556,25.73986554989415,28.131014867553457
no_dr,idrid_IDRiD_233.jpg,4288,2848,3,1.5056179775280898,4288x2848,67.69387697113973,49.56649044409526,0.3098045040772262,98.06184790709781,24.140797479857078,32.34985436429571
no_dr,idrid_IDRiD_234.jpg,4288,2848,3,1.5056179775280898,4288x2848,65.067035373737,46.98141674423453,0.30970386720715243,94.24306519616547,21.18725203934748,33.47992200179795
no_dr,idrid_IDRiD_235.jpg,4288,2848,3,1.5056179775280898,4288x2848,65.12038904625398,49.15476234387967,0.30961559499727487,94.30692828920066,27.356149736531705,33.284264765497426
no_dr,idrid_IDRiD_238.jpg,4288,2848,3,1.5056179775280898,4288x2848,56.90847555695015,45.197859313086006,0.30991857011466545,82.45029035545716,29.24378761898426,29.22140700944108
no_dr,idrid_IDRiD_243.jpg,4288,2848,3,1.5056179775280898,4288x2848,71.30929755300919,51.25840331666188,0.3093816490755492,103.23518049472693,22.57973009300954,28.065913870829796
no_dr,idrid_IDRiD_244.jpg,4288,2848,3,1.5056179775280898,4288x2848,75.61271959964049,55.00146416102566,0.3096478577530186,109.50908325312088,25.911685945549234,26.21232528678002
no_dr,idrid_IDRiD_249.jpg,4288,2848,3,1.5056179775280898,4288x2848,79.99381292056222,57.293094776253504,0.30944871302720944,115.82278638618209,24.596014491770884,26.380748003524953
no_dr,idrid_IDRiD_250.jpg,4288,2848,3,1.5056179775280898,4288x2848,87.07023266196231,60.035918669854496,0.30914541036915144,126.01239606484442,17.653409180522484,23.11032658483741
no_dr,idrid_IDRiD_251.jpg,4288,2848,3,1.5056179775280898,4288x2848,69.64112703795803,50.18456852663414,0.3097549635512745,100.8745211269995,22.344031304859627,27.18908283914832
no_dr,idrid_IDRiD_255.jpg,4288,2848,3,1.5056179775280898,4288x2848,62.70095831848482,47.044979215201636,0.30983905961764213,90.83422013668074,25.539448752823823,31.035294225780394
no_dr,idrid_IDRiD_256.jpg,4288,2848,3,1.5056179775280898,4288x2848,68.57392732069114,48.526908634675586,0.30933137158309576,99.26692682521993,19.077972892035653,31.69466560716994
no_dr,idrid_IDRiD_257.jpg,4288,2848,3,1.5056179775280898,4288x2848,57.9848773654987,40.76078417788551,0.30969559680529934,83.9820110005134,14.981064237144103,33.070700963059984
no_dr,idrid_IDRiD_258.jpg,4288,2848,3,1.5056179775280898,4288x2848,79.08960268006875,54.07545300992828,0.30913394644579073,114.45939278732718,13.624762213836021,25.592816754732947
no_dr,idrid_IDRiD_259.jpg,4288,2848,3,1.5056179775280898,4288x2848,94.56289247560477,67.22887857716273,0.30930885316220863,136.8908642985225,27.408327162024026,19.566704393316908
no_dr,idrid_IDRiD_263.jpg,4288,2848,3,1.5056179775280898,4288x2848,77.10072399589133,53.4956378414456,0.3091049590967215,111.57419099446332,17.24300637463844,24.887860146855687
no_dr,idrid_IDRiD_264.jpg,4288,2848,3,1.5056179775280898,4288x2848,70.87961488423403,51.674357119758675,0.30954689334227736,102.63900657592629,24.673547593647708,31.657075238453928
no_dr,idrid_IDRiD_266.jpg,4288,2848,3,1.5056179775280898,4288x2848,80.86599385992265,55.83729148369465,0.3090642621687909,117.01871599701441,16.834061927331252,20.717199013045278
no_dr,idrid_IDRiD_267.jpg,4288,2848,3,1.5056179775280898,4288x2848,58.247518060592405,44.48887139855064,0.30988262252641285,84.38731468029637,25.74752533143107,30.14135033696696
no_dr,idrid_IDRiD_268.jpg,4288,2848,3,1.5056179775280898,4288x2848,79.63290593097538,55.67286973510986,0.30950496813684386,115.30751285505569,19.40843257942596,23.523101605576922
no_dr,idrid_IDRiD_270.jpg,4288,2848,3,1.5056179775280898,4288x2848,69.05359613449606,48.0545614536695,0.30946468063474764,99.98234904610142,15.904059023925756,28.03505028486933
no_dr,idrid_IDRiD_273.jpg,4288,2848,3,1.5056179775280898,4288x2848,80.7453099451828,58.54583235709011,0.30954435490210463,116.92505229187053,27.119562547093736,21.96141775268153
no_dr,idrid_IDRiD_274.jpg,4288,2848,3,1.5056179775280898,4288x2848,24.747287308192185,20.98723930327007,0.3103850699102801,35.846976726402595,15.545030185575037,10.616909908885129
no_dr,idrid_IDRiD_275.jpg,4288,2848,3,1.5056179775280898,4288x2848,75.96204475122632,54.80801385458468,0.3093297338797585,109.96266862051877,24.737198875619214,25.345275109642504
no_dr,idrid_IDRiD_276.jpg,4288,2848,3,1.5056179775280898,4288x2848,62.70960219858397,46.386856360034564,0.30965539118836993,90.82152013790645,23.763360707131717,33.42285753947699
no_dr,idrid_IDRiD_287.jpg,4288,2848,3,1.5056179775280898,4288x2848,76.22542437806578,54.120528064247175,0.3094802388164514,110.36962523162582,21.786241360206866,23.271716272793537
no_dr,idrid_IDRiD_288.jpg,4288,2848,3,1.5056179775280898,4288x2848,73.16276535707173,51.461665686346926,0.30963754022199397,105.9593333349939,19.032354638930972,24.068999956723093
no_dr,idrid_IDRiD_290.jpg,4288,2848,3,1.5056179775280898,4288x2848,72.59730889312218,52.69651208086146,0.309796888756708,105.16429955694178,24.488553480720473,26.271361135385785
no_dr,idrid_IDRiD_292.jpg,4288,2848,3,1.5056179775280898,4288x2848,75.47991635266435,54.136860743934015,0.3095218364812175,109.29641090884856,23.45022488357304,30.2657586363893
no_dr,idrid_IDRiD_295.jpg,4288,2848,3,1.5056179775280898,4288x2848,69.86852591305237,50.646517900513786,0.30988123047857624,101.22375590079837,23.325912696351576,30.486624547994047
no_dr,idrid_IDRiD_297.jpg,4288,2848,3,1.5056179775280898,4288x2848,73.8210090971145,53.26828997207844,0.30969625188663424,106.92060408458029,23.933783646295467,27.616292166251764
no_dr,idrid_IDRiD_298.jpg,4288,2848,3,1.5056179775280898,4288x2848,51.795214286930864,40.683882802753935,0.3100701395585276,75.05667160163968,25.571463139509873,26.789289157840503
no_dr,idrid_IDRiD_305.jpg,4288,2848,3,1.5056179775280898,4288x2848,74.9118733819491,54.08046646377705,0.30946787415625526,108.46605469295203,24.437858632797926,30.754112763826907
no_dr,idrid_IDRiD_307.jpg,4288,2848,3,1.5056179775280898,4288x2848,84.48549338760901,58.55356687570662,0.30924858567939795,122.29106332665174,18.483807223888714,21.748194920703494
no_dr,idrid_IDRiD_312.jpg,4288,2848,3,1.5056179775280898,4288x2848,63.44052279093472,46.1280239540738,0.30981899775176086,91.90253937613934,21.637040726690984,32.605148328953646
no_dr,idrid_IDRiD_315.jpg,4288,2848,3,1.5056179775280898,4288x2848,69.38032106191305,51.328156375476276,0.3096755349394181,100.48573786026921,26.305069485190003,26.297612620308463
no_dr,idrid_IDRiD_316.jpg,4288,2848,3,1.5056179775280898,4288x2848,81.89708451138793,57.85298071073066,0.309287808674325,118.54864583032014,22.41098466443988,23.097221603417495
no_dr,idrid_IDRiD_317.jpg,4288,2848,3,1.5056179775280898,4288x2848,77.61967844677595,54.95493639476717,0.3095134023090307,112.3934717340081,21.60708773451333,23.430422582772632
no_dr,idrid_IDRiD_318.jpg,4288,2848,3,1.5056179775280898,4288x2848,67.12370326649757,48.85729346789418,0.30987746376090053,97.24709018144549,23.031750751432526,29.957896611677427
no_dr,idrid_IDRiD_331.jpg,4288,2848,3,1.5056179775280898,4288x2848,76.0381056718252,51.63697380936193,0.3082472119738387,108.59456689520636,20.335582751665736,26.46276394852464
no_dr,idrid_IDRiD_335.jpg,4288,2848,3,1.5056179775280898,4288x2848,95.94239083724635,64.22121744850061,0.30386144243669294,136.34537393841015,23.451049788957942,19.199941465345656
no_dr,idrid_IDRiD_342.jpg,4288,2848,3,1.5056179775280898,4288x2848,85.52341277067961,59.62127374369576,0.30798477001404495,122.23116537658952,27.558099750710557,21.841043032957216
no_dr,idrid_IDRiD_345.jpg,4288,2848,3,1.5056179775280898,4288x2848,61.84247308270795,44.34578476886301,0.30918840008175413,88.87011746554728,21.97208788521243,30.02206575643658
no_dr,idrid_IDRiD_353.jpg,4288,2848,3,1.5056179775280898,4288x2848,65.76011085286349,47.09055821173252,0.3091255941587708,94.59570471558222,22.778723000516944,25.577158589066833
no_dr,idrid_IDRiD_358.jpg,4288,2848,3,1.5056179775280898,4288x2848,47.954367689292305,35.34234941691697,0.3098662454930404,69.18468123418083,18.835734881873822,24.6096597966103
no_dr,idrid_IDRiD_365.jpg,4288,2848,3,1.5056179775280898,4288x2848,67.36217694663969,47.64079690896167,0.3091209267042596,96.97497039884226,21.150861407477937,29.39548806801404
no_dr,idrid_IDRiD_367.jpg,4288,2848,3,1.5056179775280898,4288x2848,86.49701626828987,59.73322217580272,0.3081657362328107,123.76102160830457,25.475139930321756,20.93370264149356
no_dr,idrid_IDRiD_370.jpg,4288,2848,3,1.5056179775280898,4288x2848,68.54630745390848,45.80682100650869,0.30823664878731344,98.17888228519777,13.514184389199531,28.037084314682275
no_dr,idrid_IDRiD_378.jpg,4288,2848,3,1.5056179775280898,4288x2848,51.88544920237297,36.98336661719994,0.30925636477024987,74.74849564626516,17.002664676293783,22.757934342857105
no_dr,idrid_IDRiD_381.jpg,4288,2848,3,1.5056179775280898,4288x2848,82.31482693078672,55.446554886462,0.3079018203400134,117.83734150901472,18.48569073648202,22.214539955778655
no_dr,idrid_IDRiD_386.jpg,4288,2848,3,1.5056179775280898,4288x2848,71.09961125835883,50.63950413586773,0.30885889417030016,101.92954882309662,25.121835170959795,24.78077096792126
no_dr,idrid_IDRiD_387.jpg,4288,2848,3,1.5056179775280898,4288x2848,62.85697854870661,43.960908675879075,0.30884309033309576,90.0384884278454,20.052809395478317,24.734896441362498
no_dr,idrid_IDRiD_393.jpg,4288,2848,3,1.5056179775280898,4288x2848,80.18675623702939,53.821386793755494,0.30726000440214657,114.36554172769972,19.426525247674917,22.065095184542862
no_dr,idrid_IDRiD_396.jpg,4288,2848,3,1.5056179775280898,4288x2848,70.04546076128312,47.8014270744739,0.30798910992788864,99.2681229611861,22.978270612615418,10.542059333230384
no_dr,idrid_IDRiD_399.jpg,4288,2848,3,1.5056179775280898,4288x2848,79.6068214110714,54.10402630664952,0.3076203810215076,113.45535370785507,22.3827316566571,25.203659294391894
no_dr,idrid_IDRiD_400.jpg,4288,2848,3,1.5056179775280898,4288x2848,79.1055265609278,52.739738006827224,0.3080705037837498,112.89568009365209,17.641476776505307,25.80868685136933
no_dr,idrid_IDRiD_406.jpg,4288,2848,3,1.5056179775280898,4288x2848,60.40057977973545,44.85514259819132,0.3090268406475348,86.6446330128074,26.107724998906928,24.03850068274231
mild,aptos_0024cdab0c1e.png,2416,1736,3,1.391705069124424,2416x1736,66.84743940168462,31.062185203971744,0.16695102923673208,79.8372010621777,12.144459451901044,9.876981793056846
mild,aptos_00cb6555d108.png,2416,1736,3,1.391705069124424,2416x1736,65.38507182340464,30.68546880393692,0.1664667863246559,78.04326191330912,12.924907213181395,9.288856738355925
mild,aptos_0124dffecf29.png,3216,2136,3,1.5056179775280898,3216x2136,90.62365766555797,53.13118806418069,0.2549190785305681,120.94378459318348,13.498556394681323,4.682493698511935
mild,aptos_01b3aed3ed4c.png,2416,1736,3,1.391705069124424,2416x1736,77.26239671391949,36.20573117546528,0.16617662205877864,92.25451117779299,14.815013257938237,7.811280203581051
mild,aptos_0369f3efe69b.png,4288,2848,3,1.5056179775280898,4288x2848,59.392460292244884,38.57774000522297,0.2793588620713148,81.88711593520965,15.92618841426508,6.336565067691824
mild,aptos_03e25101e8e8.png,2588,1958,3,1.3217568947906027,2588x1958,70.96506505234342,30.181167507899524,0.10074548517318084,78.0428630116424,22.705395004336804,28.72104587719813
mild,aptos_04ac765f91a1.png,2416,1736,3,1.391705069124424,2416x1736,89.61064199499496,41.03156259413148,0.16589456427198096,107.02330532517148,13.809441495717216,8.545253462290054
mild,aptos_059bc89df7f4.png,2416,1736,3,1.391705069124424,2416x1736,70.97295058671834,33.709367482179076,0.16713557084871974,84.80417212969272,14.822171148866182,15.023783928117863
mild,aptos_05a5183c92d0.png,2416,1736,3,1.391705069124424,2416x1736,65.05362030587176,30.7677009139838,0.16702517967772454,77.6887864615818,13.438242206661704,8.587765269728715
mild,aptos_0684311afdfc.png,2416,1736,3,1.391705069124424,2416x1736,60.530451273384806,28.52495037003433,0.1666854228339488,72.23623202753137,12.422305143010991,11.707105041607006
mild,aptos_06b71823f9cd.png,4288,2848,3,1.5056179775280898,4288x2848,51.120690383668034,37.26787118415813,0.27688150823306223,70.20246951466359,24.60613311217887,5.834720522595782
mild,aptos_07929d32b5b3.png,2588,1958,3,1.3217568947906027,2588x1958,62.84843064477679,34.19361842893686,0.0978889366021853,68.8690086411416,30.423423493611338,26.113767070160613
mild,aptos_07a1c7073982.png,2588,1958,3,1.3217568947906027,2588x1958,48.46852231482461,23.181647868242123,0.1070650191896914,53.455830601888756,19.218123772517757,16.740554725091815
mild,aptos_086d41d17da8.png,1844,1226,3,1.504078303425775,1844x1226,60.897254178270515,39.904247508087515,0.28494557543888205,84.7399568836198,15.223499264525467,5.8811559218165295
mild,aptos_09935d72892b.png,2588,1958,3,1.3217568947906027,2588x1958,46.62298216171755,28.048192519009234,0.09612646093465085,50.97870465101757,25.940186049600747,12.665215072677793
mild,aptos_0a3202889f4d.png,2416,1736,3,1.391705069124424,2416x1736,58.45167084070864,26.68014956662505,0.16653283028656882,69.7341477034123,9.46670666898136,10.88491135969133
mild,aptos_0a61bddab956.png,2416,1736,3,1.391705069124424,2416x1736,92.15330091059603,42.073628690174615,0.16539291627246924,110.01153096038868,13.881078755099214,6.747240454694178
mild,aptos_0ad7f631dedb.png,2416,1736,3,1.391705069124424,2416x1736,79.86539406071657,36.81482707366574,0.16657789277321697,95.42806433036124,13.12250398625894,8.443980414680835
mild,aptos_0d310aba6373.png,2588,1958,3,1.3217568947906027,2588x1958,77.3881821576128,32.739035067277996,0.10439752578491443,85.51474035374558,23.749596929411407,30.451201661959434
mild,aptos_0dc031c94225.png,2416,1736,3,1.391705069124424,2416x1736,61.89358958708457,29.60343605056724,0.16667970061342205,73.87799090839383,13.780179522440466,10.208036810614376
mild,aptos_0dce95217626.png,2416,1736,3,1.391705069124424,2416x1736,68.82750318536942,33.43374979989221,0.16722068887905514,82.24513667025211,16.29710285972048,11.014790980895242
mild,aptos_0eb52045349f.png,4288,2848,3,1.5056179775280898,4288x2848,54.04940205813454,34.87919525046806,0.2797177647576723,74.63579198767475,13.184865506466839,5.411524714877588
mild,aptos_0f495d87656a.png,2416,1736,3,1.391705069124424,2416x1736,56.98419498847926,27.733023918405543,0.16659696684163947,67.9714256206445,14.077871861376625,10.124606831772565
mild,aptos_0fb1053285cf.png,2416,1736,3,1.391705069124424,2416x1736,94.42724148915067,42.46965469067112,0.16618711279641102,112.8296479598577,11.195369232159566,10.333879152891798
mild,aptos_101b9ebfc720.png,2416,1736,3,1.391705069124424,2416x1736,85.05993906788842,40.83796693939409,0.16646607104709005,101.64115694905131,18.685186867163395,9.388287232005842
mild,aptos_107aea0d9289.png,2416,1736,3,1.391705069124424,2416x1736,54.60710542428358,27.84747301496108,0.16721782776879177,65.17515657052222,16.224333463703182,11.551433223659425
mild,aptos_10f36b0239fb.png,4288,2848,3,1.5056179775280898,4288x2848,62.62821235509601,41.29042718265195,0.2822846190833054,86.7272859100177,17.8292278688592,6.103368067926626
mild,aptos_1116271db4ea.png,2416,1736,3,1.391705069124424,2416x1736,68.8254548688467,31.863380574797166,0.1666091265602588,82.17643735116101,12.178662489265752,12.023498057870572
mild,aptos_111898ab463d.png,2416,1736,3,1.391705069124424,2416x1736,57.780982963042085,26.920329823746574,0.16690143665883359,68.95076416033372,11.058997517084544,9.842448666428309
mild,aptos_12ce6a1a1f31.png,2416,1736,3,1.391705069124424,2416x1736,74.30419848857082,34.30047708635961,0.16633875164036988,88.73054852793719,12.65032026266658,10.383735919435306
mild,aptos_12e3f5f2cb17.png,2416,1736,3,1.391705069124424,2416x1736,66.99136350024415,30.72800006326451,0.1663335062715537,79.95052629110344,11.084947920372697,8.513097209071162
mild,aptos_13ab8db8c700.png,2416,1736,3,1.391705069124424,2416x1736,84.33186447111423,37.696377452504144,0.16654165204321422,100.77167416498864,9.059767687968728,11.968351344187612
mild,aptos_15cc2aef772a.png,2416,1736,3,1.391705069124424,2416x1736,79.24623454046754,46.93314895133957,0.15741375659962767,93.53101525061864,36.29625872725946,8.964419230013288
mild,aptos_172df1330a60.png,2416,1736,3,1.391705069124424,2416x1736,88.2226234664449,40.758134721653455,0.16664584414197212,105.45581583378967,14.534167295670938,8.790293730931976
mild,aptos_17eff993386f.png,2416,1736,3,1.391705069124424,2416x1736,100.72796945097201,45.98469697383629,0.16618377483443708,120.36208256271067,14.704832489436997,9.37040219558824
mild,aptos_18b06f56ab27.png,3388,2588,3,1.3091190108191655,3388x2588,81.5408503783697,47.04535518582484,0.2479252165566624,107.90738243634654,11.773164594871185,10.97087318938375
mild,aptos_194814669fee.png,2416,1736,3,1.391705069124424,2416x1736,54.63104314172796,27.602719184504085,0.16643960577715383,65.1686817221137,15.709651826500348,10.004068966183263
mild,aptos_19722bff5a09.png,2416,1736,3,1.391705069124424,2416x1736,90.06778637806329,41.71101691574463,0.1662395664845729,107.61285358791034,15.326943391646367,9.539802566528309
mild,aptos_19e350c7c83c.png,2416,1736,3,1.391705069124424,2416x1736,90.06778637806329,41.71101691574463,0.1662395664845729,107.61285358791034,15.326943391646367,9.539802566528309
mild,aptos_1a03a7970337.png,2416,1736,3,1.391705069124424,2416x1736,71.58819467757195,32.770611833469225,0.16640908726767784,85.4714999912763,11.400605047453856,9.669184839744128
mild,aptos_1b329a127307.png,2588,1958,3,1.3217568947906027,2588x1958,62.55305641816635,34.87553022637947,0.08534242271630042,67.73839379414385,31.85135930284338,14.16004387913484
mild,aptos_1bb0ddfe753a.png,2416,1736,3,1.391705069124424,2416x1736,65.72416131321147,30.903131727909013,0.1673470545823542,78.52876720252281,12.92812470652259,14.38361146413855
mild,aptos_1c0cf251b426.png,2416,1736,3,1.391705069124424,2416x1736,72.79006961081271,34.07235278802487,0.1667221404156621,86.94878557812868,13.810459947109683,11.463579012518679
mild,aptos_1c3a6b4449e9.png,2416,1736,3,1.391705069124424,2416x1736,63.904383602404856,30.95606255232666,0.16713390186773278,76.32251551377009,15.094499028848004,8.903325938347088
mild,aptos_1d11794057ff.png,819,614,3,1.3338762214983713,819x614,46.53729820667932,31.83682274496645,0.2028989830292762,58.34695323512168,24.168256376497485,12.642094991987802
mild,aptos_1d674e2e32e0.png,4288,2848,3,1.5056179775280898,4288x2848,59.402879688417116,40.549434425213036,0.2814592984865001,82.15072342045224,21.204557515878683,6.089068379296988
mild,aptos_1df3e03a8f5f.png,2416,1736,3,1.391705069124424,2416x1736,77.03964640491958,34.682673622269384,0.1663106173894467,92.00237942710717,9.829373500212988,8.767724574119606
mild,aptos_1e8a1fdee5b9.png,2416,1736,3,1.391705069124424,2416x1736,72.6603831122013,34.414848504537645,0.1665318765831477,86.77348105335909,14.997348394512144,7.85663310228203
mild,aptos_200d947f75db.png,2144,1424,3,1.5056179775280898,2144x1424,58.96748798580832,35.48572652422579,0.25449746090474595,78.6369798524732,12.989368173090703,22.580258597022286
mild,aptos_22098b1fe461.png,2896,1944,3,1.4897119341563787,2896x1944,53.75650624246868,49.56523200329751,0.4529605188368233,96.83251908605153,19.85165433688611,6.064626709450605
mild,aptos_22325552a4e3.png,2416,1736,3,1.391705069124424,2416x1736,69.44377131527146,32.60044269259417,0.16654141361735894,82.91186873367982,13.635963802595505,8.513275786466506
mild,aptos_22a6da005395.png,2416,1736,3,1.391705069124424,2416x1736,82.57854057626575,37.59224810302403,0.16601020081179235,98.61280797049659,12.071879526619522,11.434119358937927
mild,aptos_248139c423c4.png,2588,1958,3,1.3217568947906027,2588x1958,120.21933319966594,41.487046729365375,0.09397245557006251,131.82610680581655,21.58599531863041,36.47285159995114
mild,aptos_24b943fe725e.png,1844,1226,3,1.504078303425775,1844x1226,55.04395986454017,37.69435759707138,0.2850535045100197,76.56705176169685,19.030567620161985,4.320540929976789
mild,aptos_259d30f693b6.png,1050,1050,3,1.0,1050x1050,81.45878458049887,44.16271026480583,0.20936054421768707,102.61765326725404,18.107399676249205,42.57494650818619
mild,aptos_25e9fd872182.png,2416,1736,3,1.391705069124424,2416x1736,59.853373105945,28.987780199093386,0.1669431611835078,71.44552484024697,14.272093310096563,11.129709142534756
mild,aptos_274f5029189b.png,2416,1736,3,1.391705069124424,2416x1736,68.1508506080813,32.2708264523956,0.16659625156407362,81.37922528824681,14.111268436262376,11.584607320013896
mild,aptos_278aa860dffd.png,2416,1736,3,1.391705069124424,2416x1736,64.28625265129551,29.658916671678085,0.16667373996704002,76.73929227548034,11.184770039021293,10.41052974364184
mild,aptos_27e4c800a449.png,2416,1736,3,1.391705069124424,2416x1736,52.44609310625019,25.0931313799352,0.16729770043031097,62.599868861846815,11.825206659432164,12.044140727576545
mild,aptos_28f98cfe3858.png,3388,2588,3,1.3091190108191655,3388x2588,76.01881732325565,44.8139098606149,0.24784070608329425,100.62981109594315,15.031039426803565,5.474782119999512
mild,aptos_2994f17f58a5.png,2416,1736,3,1.391705069124424,2416x1736,59.84273525955992,28.107603480998673,0.1665280617694632,71.40493282086021,12.043515196805085,9.307535257555442
mild,aptos_29b52f64d2db.png,2896,1944,3,1.4897119341563787,2896x1944,52.75372462798126,48.93297442593355,0.4525677889752859,94.6978153745019,22.05224668397444,5.8216359871915175
mild,aptos_2a08ed6bbcbc.png,2416,1736,3,1.391705069124424,2416x1736,88.7440317239906,40.26832384844052,0.16621214751121555,106.0212092867909,12.1988995904647,8.2479631270301
mild,aptos_2a8a9e957a6c.png,2416,1736,3,1.391705069124424,2416x1736,63.45481853885006,29.15981301160418,0.16636450163274025,75.71338863189543,10.800480062531662,10.767177628787357
mild,aptos_2d7666b8884f.png,1844,1226,3,1.504078303425775,1844x1226,60.38973718386514,39.810161644100496,0.2850716401326289,84.04376434630353,15.93639278434912,5.696731242084308
mild,aptos_2d9d97a6e713.png,2416,1736,3,1.391705069124424,2416x1736,75.45892971587267,34.47659830361985,0.1666091265602588,90.14725318047667,11.457456951799244,11.307957272124685
mild,aptos_2ecbc2e3f239.png,3388,2588,3,1.3091190108191655,3388x2588,56.01983966048003,32.78821540361428,0.2486867232107502,74.1841887430413,10.201048426906192,6.359582482621716
mild,aptos_2f2e1949ad56.png,2416,1736,3,1.391705069124424,2416x1736,66.96419105922116,31.96947024592342,0.1667464598529008,79.97441951097798,14.539421940781875,8.513196155299212
mild,aptos_2f4e81787d9b.png,3388,2588,3,1.3091190108191655,3388x2588,59.75049588601647,35.81602997432494,0.24861578459477857,79.13338347314041,13.99839665518172,6.0897318740670645
mild,aptos_3044022c6969.png,2416,1736,3,1.391705069124424,2416x1736,89.61064199499496,41.03156259413148,0.16589456427198096,107.02330532517148,13.809441495717216,8.545253462290054
mild,aptos_30941b65348b.png,2416,1736,3,1.391705069124424,2416x1736,96.47468942648091,43.530589846636,0.16600042535172582,115.26562369119434,12.038121546304914,8.321124321437843
mild,aptos_30cab14951ac.png,2416,1736,3,1.391705069124424,2416x1736,45.17474803155614,22.56191764412891,0.16697797135837886,53.840213392652956,12.700688461715199,11.204210776209113
mild,aptos_31cb39681f6a.png,1844,1226,3,1.504078303425775,1844x1226,63.175881037393,43.94117420568457,0.2847456412579222,87.90354216153672,23.494946022863708,4.547556894013595
mild,aptos_33105f9b3a04.png,2416,1736,3,1.391705069124424,2416x1736,57.780982963042085,26.920329823746574,0.16690143665883359,68.95076416033372,11.058997517084544,9.842448666428309
mild,aptos_33b893e18eb3.png,2416,1736,3,1.391705069124424,2416x1736,81.9125792527543,39.14052130702831,0.16608101329081087,97.82292444282555,17.686943018012975,8.301740556158071
mild,aptos_33ffddea8c6e.png,1050,1050,3,1.0,1050x1050,78.07562448979591,44.84477547369091,0.21038548752834468,98.68388145425305,22.97383513535702,55.5192762057875
mild,aptos_3461dc601cc2.png,2588,1958,3,1.3217568947906027,2588x1958,83.51254631654228,34.357766228285804,0.0009932303252380358,83.5856843697226,34.296414496105236,8.274493497673912
mild,aptos_358d2224de73.png,3388,2588,3,1.3091190108191655,3388x2588,59.04948584329819,35.145322009200314,0.2480291153977398,78.14224809123199,13.143913994725382,6.058908133617579
mild,aptos_35aa7f5c2ec0.png,2416,1736,3,1.391705069124424,2416x1736,63.90689732619709,30.589961934319724,0.167084070863979,76.32761959995374,14.144371747365055,9.830829463313995
mild,aptos_35d6c4c50072.png,2416,1736,3,1.391705069124424,2416x1736,66.36825850894192,31.008194092982936,0.16686495750297556,79.25460040093695,12.603921433026484,9.532696529084104
mild,aptos_36041171f441.png,2416,1736,3,1.391705069124424,2416x1736,95.50446285515915,43.00481961520158,0.1663840525528733,114.13398384363957,11.51371847637573,8.964198679616086
mild,aptos_365f8c01d994.png,1050,1050,3,1.0,1050x1050,83.14286258503401,43.98118651885213,0.20926621315192745,104.93303960614097,13.298833057488944,41.193528154557825
mild,aptos_36677b70b1ef.png,2416,1736,3,1.391705069124424,2416x1736,88.07455624179815,39.68179811590016,0.16595297860652486,105.1910712550098,11.06745560985795,8.41043842288622
mild,aptos_382752f6694a.png,2416,1736,3,1.391705069124424,2416x1736,85.07353697126682,38.00360785884516,0.16618162900173955,101.59503840378865,9.460094888526186,11.456215471605782
mild,aptos_384631079d1e.png,3388,2588,3,1.3091190108191655,3388x2588,55.46335199330668,33.047608927910176,0.24975262723787384,73.48913583298484,12.432020790303648,12.299733768348345
mild,aptos_38b9bb961847.png,1050,1050,3,1.0,1050x1050,79.02860045351474,43.17202058748114,0.209837641723356,99.71481391349865,17.860692990213092,35.27795174913828
mild,aptos_38e0e28d35d3.png,1050,1050,3,1.0,1050x1050,78.28332063492063,41.93892595091933,0.20868571428571428,98.44063093174879,16.58490740259819,41.1383380928761
mild,aptos_3b73a3a4a734.png,2416,1736,3,1.391705069124424,2416x1736,66.94972790841395,31.41005054390227,0.16672261726737267,79.94467185439862,13.07885785697879,10.208024409375613
mild,aptos_3c726de3ee90.png,3216,2136,3,1.5056179775280898,3216x2136,77.6962686276017,45.57620366442675,0.25392451949056216,103.6988864353737,11.009038205202167,4.211592428384439
mild,aptos_3c72f580d4ba.png,1050,1050,3,1.0,1050x1050,76.69580770975057,40.27222318763379,0.20837460317460318,96.47903163158094,13.037389436142018,39.74370564935887
mild,aptos_3dbc90c7ee7d.png,2588,1958,3,1.3217568947906027,2588x1958,70.38465898237011,26.718662146463544,0.10276608626599075,77.54719934227153,17.21273249811967,32.97537917843497
mild,aptos_3de8ad4151e1.png,2416,1736,3,1.391705069124424,2416x1736,66.43517320207832,32.56898261379462,0.1669062051759392,79.34620058371983,16.567005178061496,9.308178763149844
mild,aptos_3ee17aa12e46.png,2416,1736,3,1.391705069124424,2416x1736,65.55370208594012,30.65556685484936,0.1669445917386395,78.28411659937476,12.540789797745227,10.236799068344153
mild,aptos_3f73c91b7e32.png,2416,1736,3,1.391705069124424,2416x1736,65.95170422032838,30.01762521508126,0.16683563112277597,78.75124183058907,9.97269421452628,11.466539315316123
mild,aptos_4029d70e9d8a.png,4288,2848,3,1.5056179775280898,4288x2848,49.071581146890196,33.535533571579954,0.2808858566629633,67.73805528887952,17.978865160666164,5.444682229759072
mild,aptos_40e9b5630438.png,2416,1736,3,1.391705069124424,2416x1736,60.810047790078436,31.118641562904685,0.16675170522171698,72.58696116218714,18.17520427308006,12.016460920702777
mild,aptos_4393c5bc576a.png,2896,1944,3,1.4897119341563787,2896x1944,35.023482083987,32.421409071700694,0.45361027271900506,62.502060415893226,16.091127666417588,6.5901834586314845
mild,aptos_45e4b7eada54.png,2416,1736,3,1.391705069124424,2416x1736,65.07939890934476,31.43420691004697,0.16667493209631642,77.69737250193985,15.18051895721464,11.166936006419983
mild,aptos_4661006f3ba6.png,2416,1736,3,1.391705069124424,2416x1736,65.1519340151677,30.155674748270243,0.16704759170812097,77.811181408934,11.503707431012835,10.834862672069502
mild,aptos_47d1603a555b.png,2416,1736,3,1.391705069124424,2416x1736,101.3539260155034,46.2619136348183,0.16556577501754816,121.04878614672303,14.897334199369292,7.784248186072751
mild,aptos_49386d603494.png,2416,1736,3,1.391705069124424,2416x1736,72.4404254852443,33.501079191822356,0.16660078165532397,86.51043664815388,12.583843646862062,10.388782917880086
mild,aptos_494fc9c745a3.png,2416,1736,3,1.391705069124424,2416x1736,59.5702064004944,29.03022844673714,0.1670461611529893,71.11144464592657,14.639924984979809,9.75735829453994
mild,aptos_495255c7492f.png,2416,1736,3,1.391705069124424,2416x1736,63.33450289162877,29.78333315410538,0.16670521217993714,75.60959603546225,12.672223369835468,12.148736961011883
mild,aptos_49c5e7f6b8d2.png,2416,1736,3,1.391705069124424,2416x1736,68.98563984916227,32.04377602505269,0.16665919598986786,82.37355035995306,12.515253455995568,8.202687005400152
mild,aptos_4a213b405ee4.png,3388,2588,3,1.3091190108191655,3388x2588,62.22230691010549,35.764263208408096,0.2494807338930565,82.51614435084865,7.303816782652928,6.150425904807094
mild,aptos_4aa07d720638.png,2416,1736,3,1.391705069124424,2416x1736,85.38256692136906,39.4955866601756,0.16644699697866755,102.02368775435718,14.407546024716368,8.282241601259699
mild,aptos_4c129470cec4.png,2416,1736,3,1.391705069124424,2416x1736,84.50372969565416,38.81194748743723,0.1663079947050386,100.95513564264778,13.394004045608808,9.977741753528411
mild,aptos_4c3c1ed09771.png,2416,1736,3,1.391705069124424,2416x1736,106.3242834826197,48.805217021038615,0.16601806886501663,127.02513903473174,16.577041173265503,9.709712465838066
mild,aptos_4cae247d9909.png,1050,1050,3,1.0,1050x1050,77.2450485260771,40.978043235498006,0.20946757369614513,97.31653858245312,14.155142134349479,38.035034860245254
mild,aptos_4d7d6928534a.png,1504,1000,3,1.504,1504x1000,51.10247140957447,32.14751570856697,0.26520744680851066,69.33044588500155,12.385914658374016,27.06469308253831
mild,aptos_4da2961e62fe.png,2588,1958,3,1.3217568947906027,2588x1958,92.37042498338367,41.05952211328003,0.10534023614924228,102.409878829067,30.45408627954304,33.923423762104086
mild,aptos_4dd5d5ccddcf.png,2416,1736,3,1.391705069124424,2416x1736,61.95222422711875,29.927737555151158,0.16672547837763604,73.95316775873415,14.5253619979451,9.470680513205032
mild,aptos_4dd9d29eae5d.png,2588,1958,3,1.3217568947906027,2588x1958,52.06535033224768,21.83445039964256,0.07432926858147844,55.48585730564282,18.910059719777195,12.292318558012939
mild,aptos_4e0656629d02.png,2588,1958,3,1.3217568947906027,2588x1958,61.34400580663801,31.431604821835144,0.09200730802809541,66.90086295050614,27.427262734434297,14.331817469564228
mild,aptos_4e6071b73120.png,1844,1226,3,1.504078303425775,1844x1226,45.900970211576364,30.221798515276767,0.2855369736688453,63.82891844939816,12.35601201269961,4.829406592434811
mild,aptos_4e82c3c8d31f.png,3388,2588,3,1.3091190108191655,3388x2588,72.9116060365797,42.41610179787795,0.24538762137118186,96.20959835563852,13.113856540544173,11.796043825061037
mild,aptos_4ecd1fdd1435.png,2416,1736,3,1.391705069124424,2416x1736,56.404531426435135,26.487022673651715,0.16713771668141728,67.32205952700284,11.364552550351155,11.328979517936977
mild,aptos_4ef7144e24ff.png,2416,1736,3,1.391705069124424,2416x1736,91.654310882519,41.89859468521416,0.16632039284951322,109.53046603285078,13.576420818952968,8.219542517986996
mild,aptos_4f7755e74a9e.png,2416,1736,3,1.391705069124424,2416x1736,102.25916365932189,48.52880403833744,0.1659842123935667,122.15065198517213,20.971966645807857,9.036459116369125
mild,aptos_4fa26d065ad3.png,2416,1736,3,1.391705069124424,2416x1736,79.96174624050111,37.932547080529396,0.16680654316843166,95.56001013003068,16.379081463691374,9.363401295555777
mild,aptos_50840c36f0b4.png,2588,1958,3,1.3217568947906027,2588x1958,79.54049174866951,35.55968382819786,0.0933865424296628,87.03556594282301,28.161418075675996,15.84848728116914
mild,aptos_5090917a2676.png,2588,1958,3,1.3217568947906027,2588x1958,70.70694732346826,38.59517370596462,0.09527808080983498,77.60761792831978,33.86057727143968,14.659169254405533
mild,aptos_51131b48f9d4.png,2416,1736,3,1.391705069124424,2416x1736,80.6150788617359,39.65272404467809,0.16675170522171698,96.34049656774799,20.098983916300934,9.962503480366664
mild,aptos_513b0a4651fa.png,1050,1050,3,1.0,1050x1050,75.70547482993197,40.84490940788962,0.2078267573696145,95.34992116752217,15.769688028353483,49.78293771427256
mild,aptos_523b3f0fc646.png,2588,1958,3,1.3217568947906027,2588x1958,42.42229556387381,20.6323309045001,0.09589379283342779,46.30600947618196,17.704621518045805,12.156584842701017
mild,aptos_52ae917fcea4.png,2416,1736,3,1.391705069124424,2416x1736,64.25711748863185,31.73395536606725,0.16706475836970122,76.74471794146633,16.600109030072375,12.8636866900542
mild,aptos_531b39880c32.png,2416,1736,3,1.391705069124424,2416x1736,57.46414432775353,27.967052914662954,0.1674560151982177,68.63440350577747,13.938539962317481,10.53734511288791
mild,aptos_5347b4c8e9b3.png,2588,1958,3,1.3217568947906027,2588x1958,62.15000797268133,24.74973522742218,0.0764033497891581,66.57804426999591,20.160924573491258,19.316211855865845
mild,aptos_53704c80f0d8.png,2416,1736,3,1.391705069124424,2416x1736,58.13198659283731,27.86888008701124,0.16693720053712577,69.37931781573732,13.208423250400335,12.194030722554187
mild,aptos_53f6c1c65c04.png,2416,1736,3,1.391705069124424,2416x1736,80.1940280999176,37.84151106146924,0.16621858500930814,95.77131511175496,16.048328155447322,10.137491130279647
mild,aptos_545df1bbcd61.png,1050,1050,3,1.0,1050x1050,78.86182947845805,42.234944823401584,0.20864580498866214,99.1635899540155,16.67654976343036,44.17132308748804
mild,aptos_5548a7961a3e.png,2588,1958,3,1.3217568947906027,2588x1958,28.98786632891968,12.53963425808306,0.09667231332479756,31.632875478761473,10.080740526203424,10.552055491408067
mild,aptos_55eac26bd383.png,2416,1736,3,1.391705069124424,2416x1736,63.610768837549976,29.9541844481618,0.16691598063600574,75.95129476795319,12.829752594731188,9.510036290747669
mild,aptos_5633ced07d8e.png,2416,1736,3,1.391705069124424,2416x1736,87.37078820726646,41.050055271515454,0.1661224993896298,104.36556253179121,16.797004588441492,8.640173655983487
mild,aptos_5671eb95512b.png,2416,1736,3,1.391705069124424,2416x1736,76.00028110408337,34.95422550765022,0.16663630710776087,90.78931494354948,12.389935035915444,11.302084602798404
mild,aptos_5712e2aa73a2.png,2416,1736,3,1.391705069124424,2416x1736,79.0420061056093,38.043576835791086,0.1661670850245674,94.38982175096834,17.834911770407867,7.859489920497312
mild,aptos_5777ef74c9ec.png,2416,1736,3,1.391705069124424,2416x1736,62.157659573656424,29.189134335570955,0.16674145290993989,74.19725835254503,12.374121652384567,10.976805668929938
mild,aptos_578109578b46.png,2588,1958,3,1.3217568947906027,2588x1958,65.69196519490443,30.926926117669282,0.10514881285985606,72.50854728091383,25.03636672779958,24.574201185782293
mild,aptos_58184d6fd087.png,2416,1736,3,1.391705069124424,2416x1736,105.9789527191992,47.33458868877683,0.1658685758537553,126.638761421343,10.6181071719225,6.939397377702943
mild,aptos_582115961a3d.png,2416,1736,3,1.391705069124424,2416x1736,63.99418550866726,31.885192424766757,0.16676839503158666,76.41846814623203,17.15990252846648,10.730390420142795
mild,aptos_587146a55885.png,2416,1736,3,1.391705069124424,2416x1736,64.107014107181,29.858200871675315,0.16664942052980133,76.52573300843238,12.012018314754181,8.245704273625066
mild,aptos_5879285f9d8d.png,2588,1958,3,1.3217568947906027,2588x1958,82.78113233388011,35.04975459884858,0.09483445240309245,90.88394568789354,25.782991760491722,15.89660872903234
mild,aptos_58ccba7eec9c.png,2416,1736,3,1.391705069124424,2416x1736,59.68842008537553,28.830516384171254,0.1664436590166936,71.20320862039277,14.160001258751432,9.0073046495715
mild,aptos_595446774178.png,2416,1736,3,1.391705069124424,2416x1736,95.50446285515915,43.00481961520158,0.1663840525528733,114.13398384363957,11.51371847637573,8.964198679616086
mild,aptos_59e5212f7139.png,2416,1736,3,1.391705069124424,2416x1736,81.97039156201362,40.09435661697468,0.1660197378460036,97.87230563830457,20.10782043830591,8.87799986776954
mild,aptos_5a091e8cd95c.png,2416,1736,3,1.391705069124424,2416x1736,77.58212292474136,36.10385866269513,0.16644461272011474,92.66855030122326,14.010303398377987,10.02723419288922
mild,aptos_5b068765e846.png,2416,1736,3,1.391705069124424,2416x1736,61.32029557176428,28.318236844315447,0.1669495986816004,73.21416816448958,10.73429184786593,14.725998859615855
mild,aptos_5b0e53f53ef3.png,2416,1736,3,1.391705069124424,2416x1736,51.11606212996307,23.30968222773304,0.16724739257484664,60.99748533445796,8.281124437567811,13.178845141408715
mild,aptos_5b72ff04333d.png,2416,1736,3,1.391705069124424,2416x1736,59.173623853648486,29.11734736473798,0.16684588343455306,70.64432841736553,15.129801581697247,8.803627217947692
mild,aptos_5b804948e35f.png,819,614,3,1.3338762214983713,819x614,36.67807328393648,21.348574180494655,0.20307199134560697,45.98955203768952,12.034745800673322,11.052104375621674
mild,aptos_5cab3ef4b31c.png,2588,1958,3,1.3217568947906027,2588x1958,42.15643150677362,28.019665026373552,0.1091221288480028,46.58071983357955,26.490711882728867,14.788581461211946
mild,aptos_5efa24b03d5e.png,2896,1944,3,1.4897119341563787,2896x1944,55.9683112651479,51.4120840241839,0.4529230398676761,100.89729011570654,19.34612183099665,6.826865280279932
mild,aptos_6028a575dc27.png,2416,1736,3,1.391705069124424,2416x1736,69.02672467726676,31.724578081222255,0.1670816866054262,82.46364951568755,11.298727256540253,10.211965592283377
mild,aptos_613bacb35c05.png,2416,1736,3,1.391705069124424,2416x1736,68.02984281060213,32.38322206189096,0.166765295495468,81.24486505836069,14.536168583450667,9.846361716555897
mild,aptos_6165081b9021.png,2416,1736,3,1.391705069124424,2416x1736,67.78024908825952,30.538993704431263,0.1666892376476333,80.93204020998829,9.025215722724953,10.548306505225096
mild,aptos_61bbe8db6f3a.png,2416,1736,3,1.391705069124424,2416x1736,61.85223581461531,29.5932664590246,0.16659434415723137,73.81758028293925,13.833580356984614,9.522555324209883
mild,aptos_6298468d7d75.png,3388,2588,3,1.3091190108191655,3388x2588,59.76902534903624,34.64471578567276,0.24931821375196392,79.16315253249502,9.490325988091078,12.106657567144754
mild,aptos_63363410389a.png,2416,1736,3,1.391705069124424,2416x1736,55.95539123775445,29.46045199203544,0.16687497138889737,66.76118265516175,18.492708219581193,10.387326614211092
mild,aptos_6377e23928f6.png,3216,2136,3,1.5056179775280898,3216x2136,72.64609172652655,41.97225790768877,0.25351618545847543,96.7268183837447,8.506832282035543,4.993390663935647
mild,aptos_63a03880939c.png,2416,1736,3,1.391705069124424,2416x1736,65.05362030587176,30.7677009139838,0.16702517967772454,77.6887864615818,13.438242206661704,8.587765269728715
mild,aptos_64678182d8a8.png,2416,1736,3,1.391705069124424,2416x1736,67.61869101344341,31.311189035088155,0.16652996917630544,80.72304990102182,12.042700237112218,10.309739505256333
mild,aptos_64eb5a79dfdd.png,2588,1958,3,1.3217568947906027,2588x1958,96.20251853845753,46.24077003647248,0.09338772649124663,105.31931050395292,38.318283645835415,35.1374563212192
mild,aptos_655cafb4c932.png,2416,1736,3,1.391705069124424,2416x1736,100.87986817911313,48.06412882244355,0.16573720320749535,120.45844280367929,21.357610174439404,8.592856613831577
mild,aptos_65e51e18242b.png,2416,1736,3,1.391705069124424,2416x1736,66.59871784112065,33.711043595186986,0.16696509636219367,79.54750786729424,18.97164547408054,10.349106941992934
mild,aptos_665ce639a331.png,2416,1736,3,1.391705069124424,2416x1736,68.52031817453536,31.347639498077662,0.1667147492141484,81.8246312889044,10.83953300846851,10.942284251287465
mild,aptos_66cd9c28e636.png,2416,1736,3,1.391705069124424,2416x1736,72.26533268990143,32.59356941620637,0.16653998306222725,86.30000217411329,9.582285774538903,7.525035188271795
mild,aptos_6762b2b48ea5.png,2416,1736,3,1.391705069124424,2416x1736,72.20135087321086,33.556675440868695,0.166599112674337,86.22880103449361,13.038233448713626,9.291039521903816
mild,aptos_677f087cd697.png,2416,1736,3,1.391705069124424,2416x1736,64.59205360003968,30.247056858581477,0.16683062417981506,77.12601034952763,12.503756905234694,10.525910690733772
mild,aptos_67f5d89da548.png,2416,1736,3,1.391705069124424,2416x1736,82.42897246086001,37.873581312062846,0.16709742271187475,98.54946669949103,12.91920614729485,11.92438204784322
mild,aptos_68332fdcaa70.png,2416,1736,3,1.391705069124424,2416x1736,67.96884393978698,31.376183864485228,0.16666038811914427,81.15474455770858,11.749315457899586,9.898230545440727
mild,aptos_6b00cb764237.png,2416,1736,3,1.391705069124424,2416x1736,67.61869101344341,31.311189035088155,0.16652996917630544,80.72304990102182,12.042700237112218,10.309739505256333
mild,aptos_6b07971c3bf6.png,819,614,3,1.3338762214983713,819x614,42.80657073653816,27.223345551664362,0.2029665954747388,53.671360600397705,18.65848209559665,11.94437999271271
mild,aptos_6c6efb6b1358.png,4288,2848,3,1.5056179775280898,4288x2848,46.476501577435855,30.905462600360202,0.27951149602234615,64.02962062752655,14.940269298581292,6.114906424710647
mild,aptos_6cdd0f985270.png,4288,2848,3,1.5056179775280898,4288x2848,49.047107471988724,32.72036310294502,0.28249694732097935,67.87220136521108,15.411860373714994,5.29868015822717
mild,aptos_6d292ca4c9ad.png,2416,1736,3,1.391705069124424,2416x1736,55.59097353091525,26.2733398269797,0.16704926068910794,66.33980069511115,11.705890432551788,11.287530852050496
mild,aptos_6ea07d19b4ce.png,3216,2136,3,1.5056179775280898,3216x2136,84.00411696782939,49.09486194857676,0.253299280749809,111.82827572519655,13.086838124037545,4.21716949767139
mild,aptos_7005be54cab1.png,2416,1736,3,1.391705069124424,2416x1736,75.41612559892575,35.23766608605353,0.16610247161778618,90.0361502587696,14.217088064878457,8.06093400736846
mild,aptos_7116128c65ab.png,1844,1226,3,1.504078303425775,1844x1226,68.95706811562918,45.196959153871944,0.2847381216095232,95.98104480824033,17.060114580554938,5.485585253733457
mild,aptos_71c1a3cdbe47.png,2416,1736,3,1.391705069124424,2416x1736,66.13939329203161,30.448396547686453,0.16654594370860928,78.94968179049809,11.268081639331152,9.929319846034986
mild,aptos_71f6a6e4620a.png,2416,1736,3,1.391705069124424,2416x1736,63.9572309316538,30.97654644068688,0.1669317167424543,76.36769007751782,15.136652080744227,10.709165042166767
mild,aptos_7335a2d43ada.png,4288,2848,3,1.5056179775280898,4288x2848,54.09819382612045,35.64282443035383,0.2802425667920929,74.66250690143471,15.996033385283571,5.69206509799581
mild,aptos_7347f5133a6a.png,2416,1736,3,1.391705069124424,2416x1736,96.12440488906522,45.16523566029505,0.16609174245429853,114.85819162970279,18.251282470778868,7.71725053491589
mild,aptos_73881f55a3ec.png,2416,1736,3,1.391705069124424,2416x1736,89.61828616634114,42.31984951367289,0.16574244857631154,107.01386158364778,17.915227306730888,9.694776756720943
mild,aptos_7427dedafccf.png,4288,2848,3,1.5056179775280898,4288x2848,65.29958171419064,43.58214392034886,0.2823005048056767,90.40596462608505,20.33408269557105,4.273556888473484
mild,aptos_756b0d6488bb.png,2416,1736,3,1.391705069124424,2416x1736,69.1979196867275,33.26777296612333,0.16671927930539873,82.64941975881607,15.581876964959056,9.050720093726676
mild,aptos_76be29bb30b2.png,2416,1736,3,1.391705069124424,2416x1736,70.31017105624561,32.56920323095786,0.16694411488692892,84.00558760589276,12.237056753222337,10.756105370249456
mild,aptos_76e589911303.png,2416,1736,3,1.391705069124424,2416x1736,78.35960651150548,36.347680962837295,0.16588955732902005,93.53723095604113,13.971851550749175,9.299364160252644
mild,aptos_77a9538b8362.png,2416,1736,3,1.391705069124424,2416x1736,60.810047790078436,31.118641562904685,0.16675170522171698,72.58696116218714,18.17520427308006,12.016460920702777
mild,aptos_78bcdffb8785.png,1844,1226,3,1.504078303425775,1844x1226,55.84931376573376,36.282523829881576,0.2851012763939659,77.70302307321543,12.891333090126448,5.662472161519947
mild,aptos_79ce83c07588.png,2416,1736,3,1.391705069124424,2416x1736,66.13939329203161,30.448396547686453,0.16654594370860928,78.94968179049809,11.268081639331152,9.929319846034986
mild,aptos_7a3ea1779b13.png,2416,1736,3,1.391705069124424,2416x1736,72.68397654271065,33.20610856892919,0.16676124225592823,86.82531196795193,11.139200110663626,8.026926862261067
mild,aptos_7ae69d22075a.png,1050,1050,3,1.0,1050x1050,80.2338485260771,43.633717346451526,0.2087609977324263,101.13900183529148,17.673462401174685,49.815494222739694
mild,aptos_7b20210d9120.png,2416,1736,3,1.391705069124424,2416x1736,85.221733661153,38.595553821184815,0.16645295762504958,101.82716402515643,11.421497203114116,7.088703237933392
mild,aptos_7bf981d9c7fe.png,2416,1736,3,1.391705069124424,2416x1736,88.07455624179815,39.68179811590016,0.16595297860652486,105.1910712550098,11.06745560985795,8.41043842288622
mild,aptos_7ccb267fd394.png,2416,1736,3,1.391705069124424,2416x1736,71.1244220557268,32.27247405140119,0.16613465910824915,84.88688697647208,10.435149959288802,7.61485116501136
mild,aptos_7ea756985353.png,2416,1736,3,1.391705069124424,2416x1736,58.554032782601396,28.06940814020645,0.16708693197424238,69.89680206928297,13.262211165681421,10.846610869540852
mild,aptos_7ef5ff774a48.png,819,614,3,1.3338762214983713,819x614,35.548462214585996,21.99377432128174,0.20305210533223564,44.570763403350654,14.351960911656029,8.509576877725546
mild,aptos_7f60f2a083d3.png,2416,1736,3,1.391705069124424,2416x1736,66.85596026490066,30.759151506583006,0.16631490905484175,79.79217484761007,11.340946985687264,8.828504091505025
mild,aptos_80a02014b418.png,2896,1944,3,1.4897119341563787,2896x1944,40.41058494901439,37.92332968056039,0.45312997351249346,72.50893535170727,18.860367388073215,7.277236908290291
mild,aptos_80d24897669f.png,2416,1736,3,1.391705069124424,2416x1736,84.76115236938078,38.40943246561751,0.16614371929074984,101.24027375090783,11.604705134729663,7.497930936525668
mild,aptos_8114d6a160df.png,4288,2848,3,1.5056179775280898,4288x2848,57.664247888017776,38.15131731071721,0.28182851870388226,79.78061782542808,17.057473903704686,5.7864081092255555
mild,aptos_821789e9053f.png,1050,1050,3,1.0,1050x1050,80.08208163265306,42.99419570616062,0.20867120181405896,100.8757335748017,16.227291531104612,46.2889088117967
mild,aptos_8273fdb4405e.png,2416,1736,3,1.391705069124424,2416x1736,80.84209150975066,37.16945810825797,0.16649158261360514,96.58910958353559,12.96522662581204,9.053572143097202
mild,aptos_82ac8463fadd.png,1050,1050,3,1.0,1050x1050,74.78003537414966,43.08661022981797,0.20874557823129253,94.10670275276894,23.58828470831068,46.86710714904512
mild,aptos_83e529e95b0e.png,2416,1736,3,1.391705069124424,2416x1736,69.19007428395948,32.60035910345486,0.16695508247627186,82.65114053287165,13.798404062071171,10.43036939777415
mild,aptos_849a91e9ab28.png,2416,1736,3,1.391705069124424,2416x1736,68.95367695585497,31.49093127238498,0.1658344809564501,82.26014673714364,11.003019866927804,11.93508450625891
mild,aptos_84a72e15b23c.png,2416,1736,3,1.391705069124424,2416x1736,73.0442864104892,34.347293054185855,0.16672523995178076,87.26202945376707,14.25752108311586,8.469704653041578
mild,aptos_8676427e4625.png,2588,1958,3,1.3217568947906027,2588x1958,76.76618335904062,37.516830793189385,0.04543717921798258,80.00705614567526,35.26026730001006,24.54893756247968
mild,aptos_8714d17bb6da.png,1844,1226,3,1.504078303425775,1844x1226,44.34321621554674,30.914204444900083,0.2853144805426886,61.62836529326536,17.028068456934353,4.043697114169623
mild,aptos_89d9c071a56f.png,2416,1736,3,1.391705069124424,2416x1736,79.39029621074556,37.46085550605335,0.16529087000640888,94.70398612706327,16.19751860309685,8.68880323375829
mild,aptos_89ed6a0dd53f.png,2416,1736,3,1.391705069124424,2416x1736,77.04434816278572,35.13284163176859,0.166408371990112,92.01851308409344,11.542112712044686,9.155496334050026
mild,aptos_8a01daa423f7.png,2416,1736,3,1.391705069124424,2416x1736,56.68580622272408,27.986601759366987,0.166977256080813,67.64597274520557,14.858343653695274,10.513063585396077
mild,aptos_8a25a080f28f.png,1844,1226,3,1.504078303425775,1844x1226,85.92659496165864,56.05985806085659,0.28422413152484316,119.62457282413764,19.88096759655312,7.058489539200089
mild,aptos_8bbd7835e9aa.png,2416,1736,3,1.391705069124424,2416x1736,80.65497227584154,41.37530299699404,0.16615015678884243,96.31914444031747,24.004090372720693,9.20536142818093
mild,aptos_8bc6716c2238.png,2588,1958,3,1.3217568947906027,2588x1958,63.71050680993286,31.88204223501747,0.09339108133240082,69.65678028359646,27.247913905056866,13.988598471172896
mild,aptos_8c2f0f04e1ed.png,2416,1736,3,1.391705069124424,2416x1736,67.23083604503006,32.07729383159987,0.1669698648792993,80.2993882150907,14.569617017223452,11.23134412513493
mild,aptos_8dc22e65c06f.png,2588,1958,3,1.3217568947906027,2588x1958,39.882818950668835,16.13794726222188,0.0954693067556239,43.574342450319975,12.044141086857461,11.660707153063106
mild,aptos_8ef2eb8c51c4.png,3216,2136,3,1.5056179775280898,3216x2136,60.218932840479255,35.49969002911696,0.25410910685337357,80.27180796302747,10.339827279491773,20.748610047453063
mild,aptos_8f2996b8d855.png,2416,1736,3,1.391705069124424,2416x1736,82.23466278000733,38.392756347060505,0.16664894367809077,98.27503525528142,14.992687264725197,9.375415086371024
mild,aptos_8fc09fecd22f.png,2416,1736,3,1.391705069124424,2416x1736,77.25052572901089,35.93978496042144,0.1665595339823603,92.28195477967134,13.899838379552532,9.25673385474273
mild,aptos_8ff863f8874f.png,2588,1958,3,1.3217568947906027,2588x1958,47.44226574920312,22.442089088780182,0.0466457114078808,49.282806685909314,21.346143375914938,4.6551890256824064
mild,aptos_90c982cc2d96.png,2416,1736,3,1.391705069124424,2416x1736,65.98860372096927,32.55491420429016,0.16669066820276499,78.78799964292315,16.99875650647093,10.591434401599075
mild,aptos_92d9e9f08709.png,2896,1944,3,1.4897119341563787,2896x1944,45.53984032182889,41.57747106265581,0.45293387501989407,81.85307767884915,15.75436195888232,6.640891438136987
mild,aptos_93be637084a2.png,2416,1736,3,1.391705069124424,2416x1736,81.3230939760277,37.73025951943424,0.16639621227149265,97.14663066269559,14.24513735738673,10.525828665778795
mild,aptos_94111ed3d276.png,1844,1226,3,1.504078303425775,1844x1226,59.37624560764067,39.52802541449163,0.2849544220840573,82.61448530344224,17.027178264649073,4.761063595410009
mild,aptos_94372043d55b.png,2416,1736,3,1.391705069124424,2416x1736,68.82750318536942,33.43374979989221,0.16722068887905514,82.24513667025211,16.29710285972048,11.014790980895242
mild,aptos_944a233fbf8e.png,2416,1736,3,1.391705069124424,2416x1736,74.21850990516373,34.729840599679626,0.16648729094821008,88.6352489016416,14.093508841506715,9.779536174623567
mild,aptos_94b1d8ad35ec.png,1504,1000,3,1.504,1504x1000,51.10247140957447,32.14751570856697,0.26520744680851066,69.33044588500155,12.385914658374016,27.06469308253831
mild,aptos_95a4cc805c7b.png,2588,1958,3,1.3217568947906027,2588x1958,41.617924837349406,24.851651764126686,0.0962782181609787,45.56263275388023,22.84022181877566,12.083844978800645
mild,aptos_96a9706b8534.png,3388,2588,3,1.3091190108191655,3388x2588,63.25217731369375,36.09500750344476,0.2456590585191119,83.41148730679737,8.523804803244467,12.722594419059448
mild,aptos_977e1ca77653.png,2416,1736,3,1.391705069124424,2416x1736,79.18760657635731,36.573037678083004,0.16579084902493363,94.52458686071304,13.585449169099753,9.931400589507334
mild,aptos_9782c0489eca.png,2416,1736,3,1.391705069124424,2416x1736,79.71407637638478,36.22026462549803,0.16628295999023407,95.19761115731266,11.477663614187819,10.116627174552569
mild,aptos_98fbe56dcc2c.png,2416,1736,3,1.391705069124424,2416x1736,53.939808915982546,26.725043669055744,0.1673544457838679,64.38351818964327,14.352182526764624,12.317242766850377
mild,aptos_99132193eaa0.png,2416,1736,3,1.391705069124424,2416x1736,68.764618366039,31.723837500502885,0.16598516609698782,82.05008511994694,11.969346555440204,8.94415946851131
mild,aptos_99ecdb41d5e7.png,3388,2588,3,1.3091190108191655,3388x2588,55.444699813324235,32.11686168372752,0.24940272422533208,73.43266034526377,8.758213776633292,12.830771249881224
mild,aptos_9a3109657ac1.png,2416,1736,3,1.391705069124424,2416x1736,69.76027067056795,32.451187653609274,0.166560964537492,83.2942012650225,12.79750568541653,8.385753482824606
mild,aptos_9eaf735cf01f.png,2416,1736,3,1.391705069124424,2416x1736,70.0235457453383,33.03265438411227,0.1668249019592883,83.6353234512802,14.105001070781903,7.994736015237416
mild,aptos_9ed666e982cd.png,2416,1736,3,1.391705069124424,2416x1736,86.50589650982695,40.56135351964386,0.1663346984008301,103.35578467736238,16.325148087071724,8.71009585663529
mild,aptos_a00b4cb250a7.png,2416,1736,3,1.391705069124424,2416x1736,56.69665602969451,26.724985204568217,0.16776072344126713,67.72282311309539,11.551517701899977,11.10195804821536
mild,aptos_a01024054596.png,2416,1736,3,1.391705069124424,2416x1736,70.03309660824915,32.233518657414514,0.16679223761711479,83.64445433265992,11.66845609818289,11.0134407778105
mild,aptos_a19ecd0a706e.png,2416,1736,3,1.391705069124424,2416x1736,102.92091915074617,46.43374637466474,0.16571312219611195,122.94757663727093,12.807590226841349,7.840635441106882
mild,aptos_a2696f444ecb.png,2416,1736,3,1.391705069124424,2416x1736,49.625954657124545,23.108258141599613,0.1672338023010956,59.197014803158986,9.663854493933563,11.26680592283094
mild,aptos_a28bfb772f50.png,1844,1226,3,1.504078303425775,1844x1226,78.08846468242314,50.17583216017136,0.28435638887021264,108.69196674427819,14.973202781005364,6.185472962921036
mild,aptos_a32886cb31ab.png,2416,1736,3,1.391705069124424,2416x1736,83.37416670163579,38.33239103721471,0.16627080027161473,99.5943668037727,13.41724770918716,8.67020315790254
mild,aptos_a3ad6c2db6f1.png,2416,1736,3,1.391705069124424,2416x1736,64.80279535241249,30.45606557692702,0.1669557977538377,77.3823080229907,12.868472398508892,8.836255321599378
mild,aptos_a3d2a0c4cd17.png,2416,1736,3,1.391705069124424,2416x1736,73.3926473281045,35.33806413773975,0.16661341822565387,87.66167129660093,16.62398704579235,10.986895628771626
mild,aptos_a443c4fd489c.png,1050,1050,3,1.0,1050x1050,83.29443265306122,44.34542609997985,0.20841814058956917,104.77234711287367,16.44358321941532,46.210337116009065
mild,aptos_a47432cd41e7.png,2416,1736,3,1.391705069124424,2416x1736,72.6603831122013,34.414848504537645,0.1665318765831477,86.77348105335909,14.997348394512144,7.85663310228203
mild,aptos_a5a2a7003d60.png,2416,1736,3,1.391705069124424,2416x1736,81.20526153408917,37.6189856706255,0.16662533951841793,97.02684904386437,13.991582792781127,11.953106641072656
mild,aptos_a75bab2463d4.png,2416,1736,3,1.391705069124424,2416x1736,74.9012835894345,36.42459049240479,0.16723833239234595,89.53442889826896,17.684794465878007,8.283555577619456
mild,aptos_a77dbec966d4.png,2588,1958,3,1.3217568947906027,2588x1958,74.7339316922766,31.229543273082733,0.1059450942749833,82.85087545425971,21.653107615094875,29.520160014166546
mild,aptos_a7ec056502e7.png,4288,2848,3,1.5056179775280898,4288x2848,62.91571396004528,40.66451738826888,0.2804485898719185,86.8920988792605,15.75061183117035,6.000829414610533
mild,aptos_a8582e346df0.png,2416,1736,3,1.391705069124424,2416x1736,72.68397654271065,33.20610856892919,0.16676124225592823,86.82531196795193,11.139200110663626,8.026926862261067
mild,aptos_a8c54e2a4b79.png,3216,2136,3,1.5056179775280898,3216x2136,89.56815000372669,52.785936232490954,0.25363657485046676,119.33023389078829,15.51334654158606,4.6771481117544695
mild,aptos_a8c950a99107.png,2416,1736,3,1.391705069124424,2416x1736,53.91362165059358,25.210458164889253,0.1671043370616779,64.34048471493091,10.60229165333077,10.562419173423526
mild,aptos_a95858e052d6.png,3216,2136,3,1.5056179775280898,3216x2136,88.28453676141763,51.39489031033137,0.2534368478301377,117.56676526097789,12.432509292600349,4.673327657248929
mild,aptos_ababe19ed448.png,2588,1958,3,1.3217568947906027,2588x1958,73.96631265856558,31.547931282066088,0.08890980292478999,80.36738057833061,25.12795558497996,23.283710812890455
mild,aptos_abdb365cacbc.png,2416,1736,3,1.391705069124424,2416x1736,76.05228369052705,34.6716072628182,0.16651757103183082,90.84084774407484,11.350964063668293,8.316682701693042
mild,aptos_ad1f7445b1a8.png,2416,1736,3,1.391705069124424,2416x1736,79.93436779953917,37.44511379363617,0.1664512886440626,95.48934082750533,15.1145735737446,10.178986527450602
mild,aptos_ad3fc5076852.png,2416,1736,3,1.391705069124424,2416x1736,65.5767077967162,30.4145914896366,0.16624624240852076,78.25928948700424,11.912023634000654,9.973335167212204
mild,aptos_ae8472f8d310.png,2416,1736,3,1.391705069124424,2416x1736,97.61990889271217,45.622171435801086,0.16599637211218604,116.63135349252335,17.83823143178235,9.499886022508658
mild,aptos_af133a85ea0c.png,2416,1736,3,1.391705069124424,2416x1736,66.39030574777978,31.650162227238777,0.16693076303903318,79.28693125634831,14.354176525171132,10.36974175602187
mild,aptos_b07bc463b718.png,2588,1958,3,1.3217568947906027,2588x1958,52.79966388438507,24.071663166011874,0.09669777064884996,57.531474729573524,20.243848176873563,17.88908083254757
mild,aptos_b1197f2cc9b3.png,2416,1736,3,1.391705069124424,2416x1736,60.193372190389724,28.962025728250282,0.16693720053712577,71.86119023060024,13.831613326479566,11.018767450120338
mild,aptos_b17f0b81dab3.png,2416,1736,3,1.391705069124424,2416x1736,57.66009747802667,26.581229027534363,0.16672380939664908,68.79541143727144,10.20544884553709,10.693303522481344
mild,aptos_b22354b5f94b.png,2416,1736,3,1.391705069124424,2416x1736,95.69321268349253,43.67855955537893,0.16565065462202827,114.28239519370133,14.158664338484598,8.956263160175858
mild,aptos_b4f41b5bf0ef.png,2416,1736,3,1.391705069124424,2416x1736,61.93121676343577,29.166456952950124,0.1665268696401868,73.9057139089284,12.630600412463336,9.807849503422096
mild,aptos_b50b30aa6e6c.png,3216,2136,3,1.5056179775280898,3216x2136,88.93573928694542,51.814783548396775,0.25460667752063654,118.64553089444216,11.606890886914504,4.694208735605853
mild,aptos_b56340f472d2.png,2416,1736,3,1.391705069124424,2416x1736,59.64160731452376,29.323647581158728,0.16650684186834316,71.14934992306519,15.370401528254801,9.989121573718245
mild,aptos_b576c5269ad1.png,2416,1736,3,1.391705069124424,2416x1736,62.79122263824885,29.73585132769115,0.166757665868099,74.95295305979086,13.196891034474897,10.198459480404436
mild,aptos_b640e3bdff75.png,2416,1736,3,1.391705069124424,2416x1736,65.6426814230018,31.121689749256195,0.16690262878811,78.3915075939633,13.737561682060928,10.023210517184557
mild,aptos_b6a0e348a01e.png,2588,1958,3,1.3217568947906027,2588x1958,78.41438859796057,42.53787037282997,0.058466000855681835,82.7287634831742,40.04259479453382,27.99122689209041
mild,aptos_b71428739d4e.png,1050,1050,3,1.0,1050x1050,75.01946938775511,40.130935280917285,0.209156462585034,94.48392198691371,14.984908266953264,43.619783451087976
mild,aptos_b7278b4f2448.png,4288,2848,3,1.5056179775280898,4288x2848,49.97427413712686,32.62321190989157,0.28189566454070936,69.09435381179935,13.603345309849582,5.291565811065862
mild,aptos_b8ebedd382de.png,2416,1736,3,1.391705069124424,2416x1736,72.6603831122013,34.414848504537645,0.1665318765831477,86.77348105335909,14.997348394512144,7.85663310228203
mild,aptos_b94c58d063bf.png,2588,1958,3,1.3217568947906027,2588x1958,53.431616694005335,24.0110786637421,0.10441962826781263,58.812112702498666,19.139837933209833,19.40242897427467
mild,aptos_b9b99dad668d.png,2416,1736,3,1.391705069124424,2416x1736,73.14069366664633,33.31880416686283,0.16647870761741995,87.34392658902411,10.95703065018516,9.453000064647188
mild,aptos_bacfb1029f6b.png,2416,1736,3,1.391705069124424,2416x1736,71.98483945356608,34.75067289643495,0.16713461714529862,86.02360053177846,16.452220692525515,8.726047023238976
mild,aptos_bb11db08584a.png,2416,1736,3,1.391705069124424,2416x1736,73.6474783127842,37.121545940693046,0.1666866149632252,87.98108560560998,20.51870797531061,13.455169738679613
mild,aptos_bb45257258cc.png,2416,1736,3,1.391705069124424,2416x1736,82.10573900570697,38.13062252703187,0.165717413861507,98.01025655534751,14.706168963768336,8.05034147217921
mild,aptos_bb783d8e496f.png,2416,1736,3,1.391705069124424,2416x1736,101.14962152279733,45.91684475296301,0.16659076776940215,120.945410124261,13.319499781214262,10.453877212489981
mild,aptos_bb9a3d835a94.png,2416,1736,3,1.391705069124424,2416x1736,60.51728301339762,30.916164920639385,0.16721758934293648,72.26529988811384,17.952532804081997,11.652120940999824
mild,aptos_bc73ce76ec43.png,1050,1050,3,1.0,1050x1050,75.66944126984127,41.03449128099541,0.20898503401360544,95.27732904939147,16.984622029870167,46.99018726994124
mild,aptos_bd269a1f0e4d.png,2416,1736,3,1.391705069124424,2416x1736,61.292728297524945,30.772971150677634,0.16688880008850368,73.18782759503922,16.993100760813892,11.957408796243492
mild,aptos_bebb3f167654.png,2416,1736,3,1.391705069124424,2416x1736,77.44333642651142,35.889734548118845,0.1661632702108829,92.47009743061564,13.629835837689185,8.765870813755066
mild,aptos_bf18ff30a8f6.png,2416,1736,3,1.391705069124424,2416x1736,67.3519122707297,31.458852687889006,0.1669076357310709,80.43665415427448,12.731647916512093,7.04480450986455
mild,aptos_c027e5482e8c.png,2416,1736,3,1.391705069124424,2416x1736,72.68397654271065,33.20610856892919,0.16676124225592823,86.82531196795193,11.139200110663626,8.026926862261067
mild,aptos_c0968d41eb93.png,2416,1736,3,1.391705069124424,2416x1736,80.08969318407239,36.91676035506263,0.16660268906216621,95.69928263167607,13.142236667050126,11.244006687728135
mild,aptos_c0e15e8e2b46.png,2588,1958,3,1.3217568947906027,2588x1958,65.61684102631301,27.320623203541707,0.006688566543471637,65.99171535962392,27.026497374495985,6.4728528206457705
mild,aptos_c0f15fe3b4b7.png,4288,2848,3,1.5056179775280898,4288x2848,62.00719484018636,40.93509965643617,0.28058075253123427,85.643963281734,18.37927958119559,5.676670440958556
mild,aptos_c102db7634d8.png,4288,2848,3,1.5056179775280898,4288x2848,70.64061353607664,46.168824283976235,0.28255647783728827,97.89186506407918,18.50881978791955,4.986117270663419
mild,aptos_c1e6fa1ad314.png,2416,1736,3,1.391705069124424,2416x1736,52.988301873836484,25.82888198744629,0.1667703024384289,63.20058476921704,13.23761258495929,8.489181663481567
mild,aptos_c1ebe785503a.png,2416,1736,3,1.391705069124424,2416x1736,69.98260111163671,31.99248866798289,0.16666301080355236,83.5708628097925,10.967603075690018,10.360290311500668
mild,aptos_c40976189f22.png,2416,1736,3,1.391705069124424,2416x1736,80.92258026367992,38.11371560853761,0.16661341822565387,96.68585986605137,15.86328217933685,12.08413690506305
mild,aptos_c4a8f2fcf6e8.png,2416,1736,3,1.391705069124424,2416x1736,85.83329216513566,39.65492636283838,0.16619951094088564,102.531964715968,14.426488940297197,8.733343805348964
mild,aptos_c56e65f74187.png,2588,1958,3,1.3217568947906027,2588x1958,42.310306229900554,21.38126978703003,0.048200186923855366,43.97767806696953,20.556984109895456,13.578270372808861
mild,aptos_c739ff9580d3.png,2416,1736,3,1.391705069124424,2416x1736,73.5507580034791,33.42259837291338,0.16683443899349956,87.88218208166509,10.468555210076236,10.915527146916284
mild,aptos_c7b622ec8104.png,2416,1736,3,1.391705069124424,2416x1736,67.09412528229622,31.145916204068214,0.1664946821497238,80.09101602234409,12.215628515385848,9.54344190241334
mild,aptos_c8fc0df22999.png,2416,1736,3,1.391705069124424,2416x1736,77.09503964545122,35.59789986035529,0.1665445131534776,92.08323323298983,13.095663270519092,12.086861398180014
mild,aptos_c9485c38fdd5.png,2416,1736,3,1.391705069124424,2416x1736,59.61584540086062,29.164953143491438,0.1671398625141148,71.18341090393174,14.854283195833919,10.726653101822222
mild,aptos_c96f743915b5.png,2416,1736,3,1.391705069124424,2416x1736,73.92617262604145,33.29359591041649,0.1666689714499344,88.30015819122397,9.510292004800739,8.431135933403297
mild,aptos_ca1036496659.png,1844,1226,3,1.504078303425775,1844x1226,43.52795584108594,28.96854332869132,0.2853144805426886,60.484255635719286,12.898916657854997,4.632675331390869
mild,aptos_ca25745942b0.png,2416,1736,3,1.391705069124424,2416x1736,65.38507182340464,30.68546880393692,0.1664667863246559,78.04326191330912,12.924907213181395,9.288856738355925
mild,aptos_ca30a97e9d13.png,2588,1958,3,1.3217568947906027,2588x1958,50.00091133273236,22.507751004643836,0.09597391433393379,54.455270548300305,18.800695779284954,14.779130454306593
mild,aptos_ca63fe4f4b52.png,2416,1736,3,1.391705069124424,2416x1736,84.59260031052584,38.76409908981533,0.16633159886471144,101.06619349576383,13.070579581378766,7.26129017860825
mild,aptos_ca6842bfcbc9.png,2416,1736,3,1.391705069124424,2416x1736,72.68397654271065,33.20610856892919,0.16676124225592823,86.82531196795193,11.139200110663626,8.026926862261067
mild,aptos_ca7140ecf389.png,2416,1736,3,1.391705069124424,2416x1736,75.73960844752342,38.1013101173324,0.1668733024079104,90.50433680185904,20.882054500901184,13.43365371377425
mild,aptos_cab3dfa7962d.png,2416,1736,3,1.391705069124424,2416x1736,65.02481512459181,30.5102390637259,0.16661985572374646,77.62530944745623,12.807236214558362,10.69747192195054
mild,aptos_cae51154e1ce.png,2588,1958,3,1.3217568947906027,2588x1958,35.63242939440776,13.043410496467011,0.10930526370630221,39.26438260468058,8.379067122867637,10.578814296268192
mild,aptos_cb2f3c5d71a7.png,1050,1050,3,1.0,1050x1050,81.81136326530613,43.93295457643359,0.20845532879818593,103.0633326381552,16.467644408518503,41.31614833211348
mild,aptos_cc12453ea915.png,2416,1736,3,1.391705069124424,2416x1736,66.59871784112065,33.711043595186986,0.16696509636219367,79.54750786729424,18.97164547408054,10.349106941992934
mild,aptos_cc9270f06b65.png,2588,1958,3,1.3217568947906027,2588x1958,66.55890193286213,29.624150579943887,0.09990716957182755,73.04637644363878,23.528431067369155,21.287136499727183
mild,aptos_cd45bfa07d41.png,3216,2136,3,1.5056179775280898,3216x2136,79.8784084609723,46.70517625071202,0.25371474788976467,106.42357438212399,12.058975121168306,5.248970059706875
mild,aptos_cd5714db652d.png,2416,1736,3,1.391705069124424,2416x1736,78.9981941625721,36.6189807003997,0.16651447149571216,94.37351953852998,13.750867381313897,8.797567860142728
mild,aptos_cf0575534cec.png,2416,1736,3,1.391705069124424,2416x1736,65.4909612758263,30.961932325577838,0.16696795747245705,78.21317285095122,13.466699561867797,11.157561103771332
mild,aptos_cf603a9ef2d5.png,2416,1736,3,1.391705069124424,2416x1736,65.59293649098178,32.07477436271207,0.1663611636707663,78.28179559253043,16.316292084012854,10.825006865790574
mild,aptos_cfd1bd0fcbb4.png,819,614,3,1.3338762214983713,819x614,35.83364952094594,25.7058836562755,0.20313164938572104,44.930886558627265,20.535428991340236,9.469541571943981
mild,aptos_d06ccd0cf4b8.png,2588,1958,3,1.3217568947906027,2588x1958,43.87906054185816,17.803053560767232,0.09637195636969875,47.97523344830854,13.28674090707576,11.864267862742574
mild,aptos_d0d59ed675b5.png,2416,1736,3,1.391705069124424,2416x1736,66.16626412434766,30.044020370010188,0.1667514667958617,79.00468554485805,9.735301226932599,10.589826939593776
mild,aptos_d1cad012a254.png,2416,1736,3,1.391705069124424,2416x1736,77.25052572901089,35.93978496042144,0.1665595339823603,92.28195477967134,13.899838379552532,9.25673385474273
mild,aptos_d3de0d313d61.png,2588,1958,3,1.3217568947906027,2588x1958,56.32410646766012,24.182003402702055,0.026372011625906005,57.58085068130837,23.253324522444952,5.892149744217174
mild,aptos_d4f32b9c07df.png,2416,1736,3,1.391705069124424,2416x1736,75.64850926618244,35.515200301018794,0.16629607341227454,90.33297585352594,14.703050824283604,8.125133041608828
mild,aptos_d567a1a22d33.png,2416,1736,3,1.391705069124424,2416x1736,66.99136350024415,30.72800006326451,0.1663335062715537,79.95052629110344,11.084947920372697,8.513097209071162
mild,aptos_d5b4705ac2ee.png,1050,1050,3,1.0,1050x1050,83.4066648526077,45.13635704284313,0.20967891156462584,105.14663232831685,17.9765773028477,44.531788924734855
mild,aptos_d66b6f333dc7.png,3216,2136,3,1.5056179775280898,3216x2136,71.19665163182216,41.65210118484649,0.25338909967950507,94.64380645502189,12.398787121806425,3.012927807643689
mild,aptos_d66ccb75ada1.png,2588,1958,3,1.3217568947906027,2588x1958,60.82822463384869,32.87522225336726,0.10553560631057461,67.14529611874005,28.809507724448117,23.18621318220712
mild,aptos_d6e26fe51dce.png,3216,2136,3,1.5056179775280898,3216x2136,84.81842775821268,48.87707486511586,0.253325192855945,112.90444729089778,9.238480989257855,3.8195485259752355
mild,aptos_d801c0a66738.png,2416,1736,3,1.391705069124424,2416x1736,67.96884393978698,31.376183864485228,0.16666038811914427,81.15474455770858,11.749315457899586,9.898230545440727
mild,aptos_d85588ff2ebd.png,2416,1736,3,1.391705069124424,2416x1736,74.43441786896878,34.38041389982746,0.16658433027130956,88.90257880721798,12.713260840505079,10.257612460541655
mild,aptos_d85d052900b4.png,2416,1736,3,1.391705069124424,2416x1736,59.423095978804895,29.092802148042995,0.16690334406567583,70.93205966308297,14.909185342415487,10.64445173431421
mild,aptos_da1fb35f5df9.png,2416,1736,3,1.391705069124424,2416x1736,73.75588554223762,33.67767979989925,0.16683968436231575,88.11561285832474,11.194545236109743,12.373812639235018
mild,aptos_db4ed1e07aa3.png,2588,1958,3,1.3217568947906027,2588x1958,65.52258261987045,34.333963533862445,0.07837757513660124,70.41092570866704,31.209745274571084,18.870618903974137
mild,aptos_db690e2d02f8.png,1050,1050,3,1.0,1050x1050,77.80284535147392,41.734472793926216,0.2092798185941043,98.1864530626806,14.729125018349475,44.759202283292254
mild,aptos_dbd062558b81.png,3388,2588,3,1.3091190108191655,3388x2588,69.3780128382928,40.15360999860168,0.24845999335777333,91.84707701258846,10.639939872868336,11.64763419942803
mild,aptos_dd19428c3d29.png,2416,1736,3,1.391705069124424,2416x1736,62.997282898953216,28.706474457348154,0.16656811731315044,75.18273409696873,9.862014551708834,10.289787076053917
mild,aptos_e07045d7c5f7.png,2416,1736,3,1.391705069124424,2416x1736,73.42509804071169,34.426974157818144,0.1670206495864742,87.73754644839713,14.012030401665088,10.946565665228409
mild,aptos_e25ccfe38e44.png,819,614,3,1.3338762214983713,819x614,39.10480525627106,26.213540940752758,0.20324301106060064,49.043141101477055,19.399648966057146,10.977376179364036
mild,aptos_e26d8718ca58.png,819,614,3,1.3338762214983713,819x614,37.873930629630955,26.257055691902572,0.20349556343041686,47.51294643414433,20.220659018927602,11.802140610917702
mild,aptos_e2a233493b90.png,2416,1736,3,1.391705069124424,2416x1736,58.05508400219733,29.254383878031284,0.16700515190588092,69.29074109110414,16.47517152150381,12.807184771997491
mild,aptos_e38f3a65b02b.png,4288,2848,3,1.5056179775280898,4288x2848,54.866609308836786,38.746014835960274,0.2825684330716502,75.9654042973554,22.736541314959076,6.177291294290981
mild,aptos_e55188915f9d.png,2416,1736,3,1.391705069124424,2416x1736,79.92331390003662,37.66173206500492,0.16617924474318674,95.4498341669071,15.822063141884659,8.414373881490127
mild,aptos_e580676516b0.png,2588,1958,3,1.3217568947906027,2588x1958,72.00425078108596,39.771552611895025,0.07757162388520601,77.4646244029759,36.47275942533776,15.281112007439114
mild,aptos_e9286ddf6ffe.png,4288,2848,3,1.5056179775280898,4288x2848,65.55739626131981,42.12025830583909,0.28145389406548715,90.69494404929615,14.957232123404863,5.945166580630936
mild,aptos_e96bd80a8a53.png,2416,1736,3,1.391705069124424,2416x1736,85.98652965445417,38.76817705248106,0.16642696920682393,102.74602934883838,10.736232281097616,7.802372134490553
mild,aptos_e9ff9352ccb3.png,4288,2848,3,1.5056179775280898,4288x2848,63.91128233481469,41.36636299674824,0.28230443529368604,88.51895755442396,15.462381004955793,6.226932211503421
mild,aptos_ea15a290eb96.png,2416,1736,3,1.391705069124424,2416x1736,66.36565966711936,31.74938267132029,0.16748891796624654,79.30599439012194,14.525224770343957,12.894753579650638
mild,aptos_ead23cc922ed.png,2416,1736,3,1.391705069124424,2416x1736,73.30247729232154,33.56901040233933,0.16612178411206396,87.5040418226859,11.713814030286704,7.494601800050902
mild,aptos_eba3acc42197.png,3216,2136,3,1.5056179775280898,3216x2136,79.54083733369669,45.98638529384716,0.2532286775392699,105.83697174168539,10.045397891601388,4.080026624920752
mild,aptos_ec4649213ccf.png,2416,1736,3,1.391705069124424,2416x1736,85.1921338064974,38.86496152222372,0.16619712668233283,101.7580068833862,12.659771479460675,9.721836893168685
mild,aptos_ee78ce914066.png,2416,1736,3,1.391705069124424,2416x1736,55.28364117290261,29.525934836107105,0.1667083117160558,65.94050853626295,19.10207455177382,10.023652560043637
mild,aptos_eeb231c3ef1f.png,2416,1736,3,1.391705069124424,2416x1736,85.81992124317148,38.920402581291576,0.16646440206610308,102.54158973339493,11.726914213249346,6.487392274645769
mild,aptos_eed4afc8ec83.png,1050,1050,3,1.0,1050x1050,79.71982766439909,44.23625118476773,0.20923083900226758,100.45435828144015,20.47878634938473,43.90866691604344
mild,aptos_ef8109305128.png,2416,1736,3,1.391705069124424,2416x1736,69.43092349963378,33.44989968060425,0.166400742362743,82.88844914940586,15.931790836697177,13.219277155013202
mild,aptos_f0c13be90519.png,2588,1958,3,1.3217568947906027,2588x1958,60.77603119923336,21.7050263923192,0.013425284924685789,61.46773171464497,21.020948751817492,6.083908126175852
mild,aptos_f47a2a4a0411.png,3216,2136,3,1.5056179775280898,3216x2136,68.14055366892131,40.25397979204646,0.25412875929342055,90.78674660936399,12.416862666407141,4.881154559676019
mild,aptos_f481f76a6b75.png,2416,1736,3,1.391705069124424,2416x1736,68.13429670094912,32.085806881882164,0.16663487655262918,81.35581870408093,13.647126576057278,10.037796697060633
mild,aptos_f55e1d2a19e4.png,2416,1736,3,1.391705069124424,2416x1736,80.23108353106784,37.49414817773232,0.16612559892574846,95.80671472881693,15.015970669879408,8.34926860189121
mild,aptos_f5650eb52640.png,2416,1736,3,1.391705069124424,2416x1736,73.5779490417188,34.56427116800313,0.16683420056764428,87.89949760247983,14.298334341930218,8.56022493466781
mild,aptos_f6f7dba7104d.png,2416,1736,3,1.391705069124424,2416x1736,97.61633298173467,44.13316238625517,0.16658337656788844,116.7022451177172,12.25741346788788,9.808121302939563
mild,aptos_f72ef9ceeaa8.png,2588,1958,3,1.3217568947906027,2588x1958,43.55483093179332,16.389944713847264,0.09624605115461791,47.6109442841683,11.233388869836256,11.842837723747548
mild,aptos_f762c272c522.png,3388,2588,3,1.3091190108191655,3388x2588,59.04670498112257,34.6187543768746,0.2486208027605386,78.19674005088794,10.947928350892118,5.665391329806704
mild,aptos_f7fec8935126.png,2416,1736,3,1.391705069124424,2416x1736,105.54087405964843,48.28976721896809,0.1657913258766442,126.0851913417617,15.794480540995,7.691656947622699
mild,aptos_fb6b8200b7f8.png,2416,1736,3,1.391705069124424,2416x1736,68.51409978980377,31.21132041853077,0.16697201071199683,81.8395817126358,10.289887485490663,10.455381694032255
mild,aptos_fca931da5c5e.png,2416,1736,3,1.391705069124424,2416x1736,62.24776308862575,28.825652347980906,0.16715321436201055,74.33434399070626,11.120489087535674,9.645051373752096
mild,aptos_fd62bd0db4f1.png,2588,1958,3,1.3217568947906027,2588x1958,69.97895310800378,30.209080413903802,0.09023772799105796,76.14901360985431,24.105533921195494,14.26848359578588
mild,aptos_fdd18ccbbdc5.png,2416,1736,3,1.391705069124424,2416x1736,52.43954807809686,24.878932448916498,0.16725454535050507,62.569760593652845,11.386803883858581,9.095153133769342
mild,aptos_fe2df69676cf.png,1844,1226,3,1.504078303425775,1844x1226,57.500817872346445,38.7475355430066,0.28516497223922743,80.0178248442662,17.950953437448167,5.170456696237459
mild,aptos_fe674c2f73f5.png,2416,1736,3,1.391705069124424,2416x1736,67.43975860812708,31.627381813737834,0.1658227980895413,80.44018754469535,13.4108233899586,9.697449027204783
mild,aptos_fea14b3d44b0.png,2416,1736,3,1.391705069124424,2416x1736,84.76115236938078,38.40943246561751,0.16614371929074984,101.24027375090783,11.604705134729663,7.497930936525668
mild,aptos_fecf4c5ae84b.png,2416,1736,3,1.391705069124424,2416x1736,102.0632267220069,46.057742272154634,0.165747932370983,121.932039154044,12.687113902469365,5.576384001088019
mild,idrid_ffec9a18a3ce.jpg,4288,2848,3,1.5056179775280898,4288x2848,58.99663058915395,40.55981600295568,0.30854248988554417,83.63570478980094,20.26546703612079,9.26403036797598
mild,idrid_IDRiD_064test.jpg,4288,2848,3,1.5056179775280898,4288x2848,66.00176929280039,45.21483463233286,0.3079672465883364,94.13633140340391,19.5417831465853,24.64838115962514
mild,idrid_IDRiD_073test.jpg,4288,2848,3,1.5056179775280898,4288x2848,52.2585518411716,36.64673587338816,0.3092926398991699,74.92261418484463,16.796290359480576,9.390752412732168
mild,idrid_IDRiD_074test.jpg,4288,2848,3,1.5056179775280898,4288x2848,58.891501007515096,40.9163511572709,0.30881099134768575,84.17208763700316,18.721586973846613,26.238687805508338
mild,idrid_IDRiD_079.jpg,4288,2848,3,1.5056179775280898,4288x2848,63.52697035363911,44.14167357897763,0.3088900924188747,91.22489590922453,18.284424396526013,25.100324149171694
mild,idrid_IDRiD_085test.jpg,4288,2848,3,1.5056179775280898,4288x2848,73.96543758123009,48.53731736263944,0.30417866557311757,104.5239415566366,17.692253059954584,24.536577278480582
mild,idrid_IDRiD_101test.jpg,4288,2848,3,1.5056179775280898,4288x2848,58.99663058915395,40.55981600295568,0.30854248988554417,83.63570478980094,20.26546703612079,9.26403036797598
mild,idrid_IDRiD_105.jpg,4288,2848,3,1.5056179775280898,4288x2848,66.24780662392043,46.2017177466676,0.30840983591522725,94.46666399869096,22.414966554107675,24.995330579819072
mild,idrid_IDRiD_203.jpg,4288,2848,3,1.5056179775280898,4288x2848,78.22218819438622,55.45398945135518,0.3089494591648499,113.17595100710204,22.255090978986477,24.447345787891663
mild,idrid_IDRiD_260.jpg,4288,2848,3,1.5056179775280898,4288x2848,58.305044355557186,42.58747270612797,0.3097321175897199,84.45010905481163,20.50564471548187,28.236243701153388
mild,idrid_IDRiD_279.jpg,4288,2848,3,1.5056179775280898,4288x2848,63.52697035363911,44.14167357897763,0.3088900924188747,91.22489590922453,18.284424396526013,25.100324149171694
mild,idrid_IDRiD_282.jpg,4288,2848,3,1.5056179775280898,4288x2848,81.09286130028404,57.03959713711824,0.30947581701744087,117.4154039044516,21.17676946696926,19.472517536285288
mild,idrid_IDRiD_291.jpg,4288,2848,3,1.5056179775280898,4288x2848,71.7794080750566,51.73978481601703,0.3098404516654788,103.98650713903248,23.041064086703166,28.551642839364696
mild,idrid_IDRiD_301.jpg,4288,2848,3,1.5056179775280898,4288x2848,73.25713989523939,52.80389891619022,0.3096505599635251,106.09728584879409,23.578205744813708,23.727534799255174
mild,idrid_IDRiD_302.jpg,4288,2848,3,1.5056179775280898,4288x2848,73.21312203248155,51.50304001758871,0.30943782230001676,106.00056122751474,19.156677726996893,22.847210466909527
mild,idrid_IDRiD_304.jpg,4288,2848,3,1.5056179775280898,4288x2848,83.30719998257484,57.58653024767749,0.30949874486416235,120.62657016449106,17.3936424356879,21.381134754786075
mild,idrid_IDRiD_311.jpg,4288,2848,3,1.5056179775280898,4288x2848,74.573314328332,52.945338850973414,0.3094214452666443,107.96646564297149,21.337469761607704,27.04418719980172
mild,idrid_IDRiD_379.jpg,4288,2848,3,1.5056179775280898,4288x2848,61.60038294417135,44.799848257836864,0.3091360754601291,88.57636477959839,23.449114308652984,27.064131724116734
mild,idrid_IDRiD_388.jpg,4288,2848,3,1.5056179775280898,4288x2848,78.43762536619046,53.24791181286102,0.3081224189795405,112.04976599422157,20.718047302058046,25.0664114040905
mild,idrid_IDRiD_402.jpg,4288,2848,3,1.5056179775280898,4288x2848,79.7430346020512,53.05177072849295,0.30776957579553077,113.6924252925326,17.841775847746856,23.35106553487423
mild,idrid_IDRiD_403.jpg,4288,2848,3,1.5056179775280898,4288x2848,83.02601393489016,56.437904043497014,0.30743392849656215,118.19786156448767,23.933598428907302,21.990638801749206
mild,idrid_IDRiD_408.jpg,4288,2848,3,1.5056179775280898,4288x2848,74.24274579306767,50.238026238790404,0.30779324060875396,105.9222723113016,19.57379130755317,24.841371972505133
mild,idrid_IDRiD_412.jpg,4288,2848,3,1.5056179775280898,4288x2848,62.00073565633909,42.6268404154962,0.3079563558611437,88.27856547181814,19.5222293242312,24.43181192824342
moderate,aptos_000c1434d8d7.png,3216,2136,3,1.5056179775280898,3216x2136,51.388749574925,31.303280482505272,0.254151759926957,68.41004490669681,13.177140478573298,6.258778526524421
moderate,aptos_00a8624548a9.png,3216,2136,3,1.5056179775280898,3216x2136,74.1692634090782,43.52268647255155,0.2537850599530438,98.74397326118394,12.592722921453671,4.035059071137531
moderate,aptos_00b74780d31d.png,2588,1958,3,1.3217568947906027,2588x1958,48.88561274397589,23.79420992435118,0.09453902903792628,53.429748317766744,20.168191921459808,12.911728406231475
moderate,aptos_00e4ddff966a.png,2416,1736,3,1.391705069124424,2416x1736,107.5573821890164,48.864627883946504,0.1660311822870571,128.54108053834798,14.526748942108592,8.845722255234737
moderate,aptos_012a242ac6ff.png,3216,2136,3,1.5056179775280898,3216x2136,69.74268215919466,41.01185864557752,0.2541204615965118,93.02593795493007,11.024915777153053,17.579213726012835
moderate,aptos_0161338f53cc.png,1504,1000,3,1.504,1504x1000,76.37746808510639,46.76825518849982,0.26458909574468087,103.62192579412653,12.985829573816101,28.783126983672965
moderate,aptos_0180bfa26c0b.png,1844,1226,3,1.504078303425775,1844x1226,47.92134403541489,32.57867382312723,0.2851450672875832,66.61451057605204,16.099027320863367,3.619052390718834
moderate,aptos_01c7808d901d.png,4288,2848,3,1.5056179775280898,4288x2848,51.42665594735242,33.397019213490225,0.2773290106699648,70.67383829891382,14.402735672953424,4.8637671561543625
moderate,aptos_01eb826f6467.png,2416,1736,3,1.391705069124424,2416x1736,83.0867030854213,37.79616712505251,0.16633875164036988,99.26071278830793,11.867582365065601,7.021160051148183
moderate,aptos_025a169a0bb0.png,1050,1050,3,1.0,1050x1050,64.23690249433106,37.09599781142723,0.2066095238095238,80.66387603705444,20.686622682473658,61.13840628347244
moderate,aptos_026dcd9af143.png,3216,2136,3,1.5056179775280898,3216x2136,35.94511160839063,21.310000358070237,0.25446314192147873,47.78033000134925,7.647802244869724,13.220877099486211
moderate,aptos_032d7b0b4bf6.png,2588,1958,3,1.3217568947906027,2588x1958,45.985295139190384,17.731466018111195,0.09449067985658646,50.18883114296182,12.654037971813775,12.333817350633012
moderate,aptos_033f2b43de6d.png,2588,1958,3,1.3217568947906027,2588x1958,36.152190198180335,21.679069016245155,0.09623361850798767,39.467181945205965,20.142032180997955,11.459287423802689
moderate,aptos_03676c71ed1b.png,1050,1050,3,1.0,1050x1050,68.33078095238095,37.52500550206217,0.21004353741496598,86.30034204933364,15.645561426249012,48.494678582375876
moderate,aptos_03747397839f.png,3216,2136,3,1.5056179775280898,3216x2136,85.61519197668026,49.62085892838245,0.253609352581661,114.05715845451293,10.434268456964338,4.781623828280261
moderate,aptos_03fd50da928d.png,3388,2588,3,1.3091190108191655,3388x2588,77.36710300378279,46.17966808289867,0.24548581775116832,102.1220043747522,18.162841714399683,12.550625076477786
moderate,aptos_03ff7d159f10.png,3216,2136,3,1.5056179775280898,3216x2136,63.57844002133527,37.43995239322451,0.2538127189427395,84.56855255557088,11.936264306125805,3.487380221064821
moderate,aptos_0415fc68b176.png,2588,1958,3,1.3217568947906027,2588x1958,50.224958873594325,17.769147588729084,0.09543003537976012,55.033235807249596,10.32857875810368,12.550553508580077
moderate,aptos_041f09eec1e8.png,3216,2136,3,1.5056179775280898,3216x2136,68.6163444831088,40.08578804333992,0.2538857969049882,91.35259950610096,10.830592927511011,4.588654048483335
moderate,aptos_04a6fc58dabc.png,2416,1736,3,1.391705069124424,2416x1736,57.76557898380993,27.356061528374433,0.1665077955717643,68.91148725632635,12.316404438796527,12.717786758398404
moderate,aptos_04d029cfb612.png,3216,2136,3,1.5056179775280898,3216x2136,77.7372823965379,45.87276205899945,0.2560619770995211,103.8722236463362,12.684866535616568,4.368644096749167
moderate,aptos_0519b934f6b1.png,2588,1958,3,1.3217568947906027,2588x1958,64.30404945114799,26.39815713079929,0.09449442938493527,70.3960566829219,19.41003872157388,14.61138092359075
moderate,aptos_052d9a3fe55a.png,2588,1958,3,1.3217568947906027,2588x1958,40.37585134027878,19.219808185834125,0.09590602813646074,44.14926989367036,16.124775854104584,11.735538858479753
moderate,aptos_06024377d573.png,640,480,3,1.3333333333333333,640x480,82.18095703125,17.751321528584135,0.010634765625,83.05424550805606,15.708827561546414,48.536717678483335
moderate,aptos_064af6592ba6.png,3388,2588,3,1.3091190108191655,3388x2588,57.2579011019892,33.00818586058549,0.24839703818732903,75.8030959173544,8.057611021983606,7.058831150321012
moderate,aptos_07083738b75e.png,3216,2136,3,1.5056179775280898,3216x2136,66.95049768712617,39.37296931239727,0.2538872526412879,89.16106517259672,11.596257285950276,5.816705912901953
moderate,aptos_071435a218ec.png,3216,2136,3,1.5056179775280898,3216x2136,75.50384867562934,44.17057655007781,0.253564079182738,100.55718921457405,11.754574753691884,5.4378413585890755
moderate,aptos_07419eddd6be.png,2144,1424,3,1.5056179775280898,2144x1424,43.20443057710045,27.713322338248872,0.2551155301442227,57.56492730987163,14.918044671803447,19.503477826697107
moderate,aptos_07a3be30563b.png,3216,2136,3,1.5056179775280898,3216x2136,66.96408072581848,40.02254202118785,0.2537198429668139,89.07203345610115,14.825983749329744,3.543137105208809
moderate,aptos_07d8db76b301.png,3216,2136,3,1.5056179775280898,3216x2136,57.39896447654052,34.40891814206654,0.2544477111167011,76.45370995370673,12.684842307694144,5.017453549543726
moderate,aptos_08752092140d.png,3388,2588,3,1.3091190108191655,3388x2588,55.13484792220566,33.31046149645397,0.24510238426741165,72.6472136262434,14.779629448864705,14.120078202164866
moderate,aptos_08c17a2d95b7.png,2588,1958,3,1.3217568947906027,2588x1958,63.11375141495359,31.0112009089336,0.00598227380871564,63.43396472893534,30.827612961943462,13.509921251111155
moderate,aptos_094858f005ab.png,2416,1736,3,1.391705069124424,2416x1736,51.26371210936308,25.26593754353029,0.1670623741111484,61.14788061326691,13.473803037462233,9.179285752419316
moderate,aptos_0953c0ac1735.png,3388,2588,3,1.3091190108191655,3388x2588,67.61512014401224,39.04406817058595,0.24824740560830205,89.4862764404022,10.03801074769034,12.24543174724256
moderate,aptos_09eeafa9656a.png,3216,2136,3,1.5056179775280898,3216x2136,95.84522102153092,56.14185355309399,0.2536071689772113,127.6999609732541,14.881684952711232,3.3991781470358946
moderate,aptos_09f6ab477654.png,2416,1736,3,1.391705069124424,2416x1736,96.42764085245827,48.42228108138718,0.16413378933072909,114.88857454995622,26.99066457596121,8.008486287653682
moderate,aptos_0a09aa7356c0.png,2588,1958,3,1.3217568947906027,2588x1958,55.569732346825845,25.210017940257334,0.09562007726396522,60.90048459795477,20.135393721525457,13.174657762336881
moderate,aptos_0a1076183736.png,3388,2588,3,1.3091190108191655,3388x2588,46.49206377085048,28.940924504227446,0.2450582472185676,61.203231301509284,15.039018754329845,12.678978354134488
moderate,aptos_0a9ec1e99ce4.png,2588,1958,3,1.3217568947906027,2588x1958,55.73633592932257,28.101980690913702,0.09384970785253854,60.89540041365591,24.24492943135669,13.628581391206607
moderate,aptos_0ac436400db4.png,1504,1000,3,1.504,1504x1000,45.98392885638298,30.964344205296637,0.2656968085106383,62.421160240204564,16.988441973945136,27.24904882631954
moderate,aptos_0af296d2f04a.png,3216,2136,3,1.5056179775280898,3216x2136,87.18876488927087,51.13428253238737,0.2541200248756219,116.18734437606977,14.003741443069229,4.673217022817473
moderate,aptos_0afdfe5f422c.png,3216,2136,3,1.5056179775280898,3216x2136,82.39067682421228,48.144956933698765,0.2539572735573071,109.78371007296217,12.330172635995195,3.9861898394331425
moderate,aptos_0c2e2369dfff.png,1844,1226,3,1.504078303425775,1844x1226,82.1752825618469,53.417347330980114,0.2839896954276999,114.32485562631122,18.585890688690068,8.148579352404136
moderate,aptos_0c55d58bebaf.png,2416,1736,3,1.391705069124424,2416x1736,66.90655590037233,31.82643087828137,0.16705641346476638,79.92366850321396,14.202849023980587,10.79459088021544
moderate,aptos_0c76fd494af6.png,3216,2136,3,1.5056179775280898,3216x2136,73.9255680574189,43.35556774432346,0.2535260844653139,98.38125515570975,12.599741564099475,4.543725214165033
moderate,aptos_0c7e82daf5a0.png,1504,1000,3,1.504,1504x1000,51.13997207446808,33.51693077401119,0.26543550531914895,69.38446575578054,16.584633709090177,26.99501775426831
moderate,aptos_0ca0aee4d57e.png,4288,2848,3,1.5056179775280898,4288x2848,48.197355207372546,32.45092928186627,0.2821876670457404,66.65154923777261,16.125672638239536,5.239502239657366
moderate,aptos_0d0a21fd354f.png,2588,1958,3,1.3217568947906027,2588x1958,44.000780099240146,17.113899603597773,0.09537241104934695,48.05048273099851,12.316566729369946,12.450174491188132
moderate,aptos_0da09e3ce8f1.png,3216,2136,3,1.5056179775280898,3216x2136,95.55417027689269,55.42913226873312,0.25351647660573534,127.30260072591459,11.816477625793876,5.103868360516856
moderate,aptos_0dbaa09a458c.png,2416,1736,3,1.391705069124424,2416x1736,75.69669083986938,37.09261919690139,0.1661480109561449,90.37590304810367,18.789324272883995,10.636072013973438
moderate,aptos_0e75d51152fc.png,3216,2136,3,1.5056179775280898,3216x2136,86.68539966366669,51.33119161323411,0.2536950954497177,115.46752644856318,16.277075381387057,7.039680016810806
moderate,aptos_0efc93ec838b.png,3388,2588,3,1.3091190108191655,3388x2588,74.99938470444829,42.72026202769854,0.24422295071796266,98.82864195213288,9.459559621338492,13.66642175242785
moderate,aptos_0eff8eacb2f7.png,2416,1736,3,1.391705069124424,2416x1736,68.07329854541155,32.17134307395066,0.16721830462050233,81.33461834562374,13.822453990870905,11.29503601363788
moderate,aptos_0fb560f9adb2.png,2588,1958,3,1.3217568947906027,2588x1958,47.962025566257715,20.737501609864115,0.09473972747638587,52.36078796153408,16.453413851198082,12.64175545549656
moderate,aptos_0fcfc6301f3d.png,3216,2136,3,1.5056179775280898,3216x2136,58.15749669256713,33.7121804071814,0.2542971879833045,77.47404057344511,7.522439022217921,5.913955935560011
moderate,aptos_0fd16b64697e.png,1844,1226,3,1.504078303425775,1844x1226,49.52072680498102,35.88089732800085,0.28512162367786886,68.85412122708375,22.133501906711547,5.6571035811202215
moderate,aptos_0fffa73e2402.png,2416,1736,3,1.391705069124424,2416x1736,51.87742240668966,23.6620734026915,0.16729197820978423,61.929114302435714,8.26694056225419,10.455884536946828
moderate,aptos_1006345f70b7.png,2416,1736,3,1.391705069124424,2416x1736,88.09714780686362,43.125426299563664,0.166507557145909,105.29048284605531,21.352257349465585,12.514108132825703
moderate,aptos_10ecc5292ab1.png,3388,2588,3,1.3091190108191655,3388x2588,56.54908108260996,32.786407497308616,0.24640881810335233,74.65366178561764,9.802882474669055,5.246345748476179
moderate,aptos_10eefba568dd.png,3216,2136,3,1.5056179775280898,3216x2136,83.5119483924013,51.26321170345004,0.2511950139284849,110.78941188295165,23.38760867662025,4.984286769087453
moderate,aptos_1120f6d08d95.png,2588,1958,3,1.3217568947906027,2588x1958,93.69567051828744,32.58194560813032,0.08976765554227653,102.18512738638078,19.058749429322358,16.38620181354067
moderate,aptos_1124ffcd76c2.png,3388,2588,3,1.3091190108191655,3388x2588,51.854438978191965,32.29345954835489,0.24505984390767305,68.30095715276737,16.657220538544205,14.551169434298217
moderate,aptos_115e42dd6a81.png,2416,1736,3,1.391705069124424,2416x1736,64.13640510078737,31.572376137513533,0.16668351542710655,76.56456683631487,16.415790281417383,10.638626276052397
moderate,aptos_1177d583c807.png,2416,1736,3,1.391705069124424,2416x1736,56.58591556482131,29.570269775622535,0.16746078371532333,67.56752704037098,18.167904991482256,11.012717873476918
moderate,aptos_11b5c77fbf79.png,2588,1958,3,1.3217568947906027,2588x1958,99.28080809834974,42.46933621856632,0.010793510711021087,100.25658229944081,41.65464442025379,15.930210817738306
moderate,aptos_12025b34deb8.png,2588,1958,3,1.3217568947906027,2588x1958,63.66369019896971,26.59515696972627,0.0935840833705655,69.54718843653013,20.25619033512501,13.99710339058902
moderate,aptos_1269ab57c2e6.png,2416,1736,3,1.391705069124424,2416x1736,108.08397096354564,48.35068505695795,0.1659701452681051,129.17198636504494,11.11319390263077,8.420918429647521
moderate,aptos_12a82fc7d73e.png,3388,2588,3,1.3091190108191655,3388x2588,61.1266161915224,36.512994459844,0.2498020105509216,81.08025471567888,13.5328622126064,5.446840060712418
moderate,aptos_12e6e66c80a7.png,640,480,3,1.3333333333333333,640x480,87.86584309895834,23.13025095167282,0.010608723958333333,88.79831612056287,21.418738395716908,77.00002528059217
moderate,aptos_13063d1bc4ea.png,2588,1958,3,1.3217568947906027,2588x1958,40.345328403427146,18.84338588085706,0.09420532101488287,43.920212194633606,16.006837664886334,12.276052257885354
moderate,aptos_135575dc57c9.png,1504,1000,3,1.504,1504x1000,59.574761968085106,37.32427194654462,0.2649428191489362,80.82347317023752,13.813607096616494,26.17541766254483
moderate,aptos_13d71389563f.png,2416,1736,3,1.391705069124424,2416x1736,61.124417287209695,32.77187029576763,0.1669240871150853,72.9910534056731,21.107232629206255,10.530637959428281
moderate,aptos_1411c8ab7161.png,1504,1000,3,1.504,1504x1000,63.26363430851064,40.135947331886555,0.2650398936170213,85.82739058061482,16.45048625355568,31.767005744919576
moderate,aptos_1414128bead0.png,2588,1958,3,1.3217568947906027,2588x1958,63.82036009680888,30.0567598022707,0.095579227139323,70.0737403106061,24.28248087097757,13.597236321324496
moderate,aptos_141735b57ec0.png,2416,1736,3,1.391705069124424,2416x1736,66.86916953413495,31.971859380785908,0.16668971449934386,79.85154461309567,14.679645392088725,10.408002191412574
moderate,aptos_1438288bb2e1.png,2588,1958,3,1.3217568947906027,2588x1958,47.93714527488385,21.53774909324119,0.09478827400132299,52.3843038005591,17.427057319570267,12.481804525535937
moderate,aptos_144a1a426137.png,1050,1050,3,1.0,1050x1050,70.22501950113379,38.2729645468404,0.20986213151927438,88.50550149404162,16.15626345143498,38.39522098325369
moderate,aptos_144b01e7b993.png,1504,1000,3,1.504,1504x1000,61.587001329787235,38.8432363039756,0.264782579787234,83.5299570343481,15.279998741588495,26.44909927426464
moderate,aptos_14515b8f19b6.png,3216,2136,3,1.5056179775280898,3216x2136,98.68897509759256,58.0351554064236,0.2532113542773026,131.56871928345808,15.50402002838618,10.299784276068992
moderate,aptos_14ee87d6cc42.png,640,480,3,1.3333333333333333,640x480,84.68263020833334,18.439657687551783,0.010628255208333333,85.58397025679832,16.34673190015635,25.988878138181903
moderate,aptos_1541226c5d72.png,3216,2136,3,1.5056179775280898,3216x2136,74.81224961335644,43.627466428203334,0.2537090705181955,99.60778850818474,11.261312223154775,5.4364252256176115
moderate,aptos_15528e740543.png,2588,1958,3,1.3217568947906027,2588x1958,87.0353949555819,34.33764428903253,0.09327149111243375,95.32594252164846,23.73447269883599,16.80828385270275
moderate,aptos_157d17349cc6.png,3388,2588,3,1.3091190108191655,3388x2588,88.21153210987411,51.226626099014126,0.2446416254112615,116.34630944977202,15.433657616678259,11.562682817624708
moderate,aptos_1594ca6c30d3.png,1844,1226,3,1.504078303425775,1844x1226,67.08263960890751,45.902286834779275,0.284799605793491,93.37674726402929,22.76770463243951,4.7651237600386285
moderate,aptos_15cd5f52d300.png,3216,2136,3,1.5056179775280898,3216x2136,87.395586003736,50.927954749214344,0.25333698431997315,116.39400059542506,12.412561306433183,5.110030218417252
moderate,aptos_1632c4311fc9.png,2416,1736,3,1.391705069124424,2416x1736,74.9012835894345,36.42459049240479,0.16723833239234595,89.53442889826896,17.684794465878007,8.283555577619456
moderate,aptos_17188c13e635.png,2588,1958,3,1.3217568947906027,2588x1958,51.23845638627562,28.54563293292529,0.09555061231771372,56.01782279320638,25.72407534861599,12.90733415501123
moderate,aptos_175dd560810a.png,2416,1736,3,1.391705069124424,2416x1736,76.83401483390301,37.42148010408413,0.16659076776940215,91.78667559251774,18.38819903873485,10.322612816013752
moderate,aptos_17eb5d4ad740.png,3216,2136,3,1.5056179775280898,3216x2136,82.27580234361898,48.47408143907635,0.2540050217079397,109.67445555876454,13.934381642135843,4.96894535335424
moderate,aptos_180afe1d5ef7.png,2416,1736,3,1.391705069124424,2416x1736,80.6388842528306,36.46170157432153,0.16640884884182255,96.32228704764105,10.801981074958402,7.882984404823143
moderate,aptos_18323d8f2470.png,1844,1226,3,1.504078303425775,1844x1226,50.21226950065996,36.71987360608925,0.2852149557844674,69.82762419041231,23.178783329212088,6.308766492841098
moderate,aptos_1844a039b4ea.png,3388,2588,3,1.3091190108191655,3388x2588,60.52949221636871,34.996280206792086,0.24640733546346866,79.93496225336578,9.839865395301238,5.186531150811534
moderate,aptos_188a9323be03.png,640,480,3,1.3333333333333333,640x480,116.67943684895833,21.255597371156988,0.010553385416666667,117.91421841175425,17.66704043143463,92.09491630883745
moderate,aptos_18af532e7e1e.png,2588,1958,3,1.3217568947906027,2588x1958,43.76030725608726,23.63646955106961,0.09504324192904155,47.77413523937832,21.160112225534416,13.052271580473898
moderate,aptos_18d8fdb140b7.png,3216,2136,3,1.5056179775280898,3216x2136,85.62533030656643,49.86595802033358,0.25394853913950843,114.09442062179458,11.886143430362935,3.3179610188420487
moderate,aptos_18f1f979d30d.png,2588,1958,3,1.3217568947906027,2588x1958,51.76383990382262,23.78630581103327,0.0957659141823739,56.754417748119884,19.118906154748156,12.782177465038341
moderate,aptos_19113e5f45ec.png,3216,2136,3,1.5056179775280898,3216x2136,72.87838997312129,42.74356152700464,0.2539763437028341,97.07723294769252,11.962090488288867,5.007177069964528
moderate,aptos_191348830ddf.png,2588,1958,3,1.3217568947906027,2588x1958,53.122232650734986,30.536908743883128,0.09645326193178858,58.29936316026966,27.460076687990757,12.886518352564837
moderate,aptos_1943983492e5.png,3216,2136,3,1.5056179775280898,3216x2136,84.21446824282147,48.61036899301805,0.2533560544655002,112.10783941752139,9.674439718531206,3.8156199314119443
moderate,aptos_1968183f0e61.png,3216,2136,3,1.5056179775280898,3216x2136,72.40818088862802,42.44733317291997,0.2544960415618536,96.5164739461687,11.52706015898489,4.251287137226654
moderate,aptos_196e6a186452.png,2416,1736,3,1.391705069124424,2416x1736,51.309123889889214,27.002243788539946,0.16713819353312784,61.223862057633056,16.947483565794823,10.318023366479068
moderate,aptos_1a1b4b2450ca.png,3216,2136,3,1.5056179775280898,3216x2136,54.150288177557904,33.46649151318291,0.253854789721803,72.11344280576999,15.158149009419239,17.663296025927966
moderate,aptos_1a369baf9ee6.png,2588,1958,3,1.3217568947906027,2588x1958,70.82890862675696,31.36240293339673,0.09427537799192628,77.69799559088388,24.19468558994758,14.633676605930107
moderate,aptos_1ade1e949383.png,3216,2136,3,1.5056179775280898,3216x2136,67.35972976293625,39.379380714657074,0.25371227313805506,89.60379738267456,11.291081022583233,3.8295468160876514
moderate,aptos_1ae8c165fd53.png,3216,2136,3,1.5056179775280898,3216x2136,69.35497736621201,40.94988749477972,0.2543941400208694,92.41130767865576,12.614921882196798,4.018015740878885
moderate,aptos_1b4625877527.png,1504,1000,3,1.504,1504x1000,69.10077260638298,44.29024965568217,0.2644820478723404,93.69246415040783,19.498141396390302,33.921119210926896
moderate,aptos_1b8ad0afe9fb.png,2588,1958,3,1.3217568947906027,2588x1958,90.46019402033113,40.37935577034812,0.09256105416213434,98.98482146216327,31.80537073656935,15.820905751834816
moderate,aptos_1bea04b2bb2d.png,3216,2136,3,1.5056179775280898,3216x2136,80.02799177101384,46.577341474203536,0.2544305334283638,106.6783821530667,10.866041100578244,3.5450992670327746
moderate,aptos_1c0e5dd1b14c.png,3216,2136,3,1.5056179775280898,3216x2136,84.57883874750777,49.60582518721763,0.2530745150651238,112.44307347309795,15.040880139230598,2.8347184642389567
moderate,aptos_1c4d87baaffc.png,2416,1736,3,1.391705069124424,2416x1736,63.90689732619709,30.589961934319724,0.167084070863979,76.32761959995374,14.144371747365055,9.830829463313995
moderate,aptos_1c578b72d7b3.png,3388,2588,3,1.3091190108191655,3388x2588,50.0088916194807,30.511322080937692,0.24912147884432556,66.22918200416142,13.549862387962465,5.874909329578013
moderate,aptos_1c5ad36fb799.png,3216,2136,3,1.5056179775280898,3216x2136,87.50703091518065,51.28473521204637,0.2535426798591313,116.52034656500697,14.253178968890579,4.473345284668904
moderate,aptos_1c5e6cdc7ee1.png,2144,1424,3,1.5056179775280898,2144x1424,63.837234888583765,37.52369835922578,0.25453545562217006,85.16690605440817,10.060801093874307,18.829018524019336
moderate,aptos_1c6d119c3d70.png,1504,1000,3,1.504,1504x1000,85.42174002659574,52.06970220142082,0.2639554521276596,115.79471568033199,13.721998687120609,28.63894650712284
moderate,aptos_1cb814ed6332.png,1504,1000,3,1.504,1504x1000,66.54558710106383,40.401451749474965,0.2644714095744681,90.25118894267493,9.702102938716923,31.85663980952169
moderate,aptos_1d14dd912671.png,3216,2136,3,1.5056179775280898,3216x2136,67.45010449275159,39.4387342803732,0.2539109811429743,89.78345637975433,10.9614250075493,4.164811911049827
moderate,aptos_1d55e689cf84.png,3388,2588,3,1.3091190108191655,3388x2588,89.2277481984785,52.53533622849251,0.24767852808986715,118.15695108120822,17.01049252975825,11.60799707969313
moderate,aptos_1da25637859b.png,3388,2588,3,1.3091190108191655,3388x2588,68.71050224540107,40.020441195074774,0.24397512175894923,90.47414539439593,13.299392240511734,12.249630477499416
moderate,aptos_1db18bdd43aa.png,2588,1958,3,1.3217568947906027,2588x1958,45.23059461204617,20.64731057573991,0.09474308231754006,49.30135603063473,17.20214572145594,12.373789691296494
moderate,aptos_1dbdc32c17db.png,640,480,3,1.3333333333333333,640x480,93.57169270833333,21.993881209927572,0.01078125,94.5824580108461,19.85499444138033,55.57241943688923
moderate,aptos_1dd9adcbfff4.png,3388,2588,3,1.3091190108191655,3388x2588,64.1942798840895,37.352324489026934,0.2490857814378961,85.09384209653403,10.211759336353893,6.043282705906987
moderate,aptos_1dfbede13143.png,2144,1424,3,1.5056179775280898,2144x1424,64.91027776758763,38.35645252374922,0.25447944616803625,86.58914440213064,11.243825960454764,18.501066452576623
moderate,aptos_1e143fa3de57.png,1504,1000,3,1.504,1504x1000,61.587001329787235,38.8432363039756,0.264782579787234,83.5299570343481,15.279998741588495,26.44909927426464
moderate,aptos_1e1fb019710d.png,2416,1736,3,1.391705069124424,2416x1736,85.37926877651296,39.23305231025307,0.16668589968565936,102.0434063333854,13.456880101582238,10.252446725864036
moderate,aptos_1e4650743fa2.png,3216,2136,3,1.5056179775280898,3216x2136,76.4517502026385,44.86938962242893,0.253757692110608,101.852558971827,12.451924552129775,5.297772458636397
moderate,aptos_1e4b3b823b95.png,2588,1958,3,1.3217568947906027,2588x1958,95.75772994870646,40.8062377360444,0.09033383432294569,104.51814372537045,31.317459843971548,16.42480813871494
moderate,aptos_1ee1eb7943db.png,3216,2136,3,1.5056179775280898,3216x2136,84.31527681699183,51.149586490807756,0.2535981434121527,112.43541346689251,19.669195079517717,12.84009477272
moderate,aptos_1f07dae3cadb.png,3216,2136,3,1.5056179775280898,3216x2136,69.74268215919466,41.01185864557752,0.2541204615965118,93.02593795493007,11.024915777153053,17.579213726012835
moderate,aptos_1f0e223b8055.png,3388,2588,3,1.3091190108191655,3388x2588,56.64380169851225,33.468101594458,0.2476989429005728,74.91755600577537,11.860874393682218,6.147666027223763
moderate,aptos_1f4bf8e28b41.png,2416,1736,3,1.391705069124424,2416x1736,90.01737123096407,40.17243351733014,0.1660173535874508,107.53316418277409,9.327641973791764,8.523394335457239
moderate,aptos_1f543a86c4d4.png,3216,2136,3,1.5056179775280898,3216x2136,65.96983656157416,39.311767310242615,0.2539818755007733,87.75487245152331,14.240618005452093,2.8656963885749915
moderate,aptos_1f63d44d9e3c.png,1050,1050,3,1.0,1050x1050,82.58382131519275,44.662063269950586,0.20941859410430838,104.24871732506058,16.771878262414297,42.83345172482987
moderate,aptos_1ffaa51a6245.png,640,480,3,1.3333333333333333,640x480,93.64248697916666,40.26724587912532,0.011520182291666667,94.72113639881314,39.23396000431866,81.11181223796208
moderate,aptos_203275daf46d.png,2416,1736,3,1.391705069124424,2416x1736,56.26363128299814,27.198578834469707,0.16677101771599476,67.12332414515772,13.439286614085008,9.801269426527975
moderate,aptos_20404ec7b518.png,2416,1736,3,1.391705069124424,2416x1736,62.30108774643696,32.72275992505297,0.1667233325449385,74.38995693450101,20.20871110208847,11.504217513855718
moderate,aptos_20688cb25704.png,2416,1736,3,1.391705069124424,2416x1736,67.72131784646137,31.920562854049688,0.16659052934354687,80.8533291412361,13.68820841399042,11.910563600382517
moderate,aptos_207a580de0ea.png,3216,2136,3,1.5056179775280898,3216x2136,58.99542724113515,34.7496899128776,0.2545892086850392,78.62012238241252,10.345131223414732,5.238421649902881
moderate,aptos_20c883d3bd38.png,3388,2588,3,1.3091190108191655,3388x2588,53.40489606466317,33.443062118609184,0.24511401728803725,70.35942216808137,17.569558399936295,13.05530235126156
moderate,aptos_2131aa3a1e6f.png,1844,1226,3,1.504078303425775,1844x1226,62.02017875531241,43.10122265996536,0.28490841952914614,86.30981499271019,22.956239545310893,3.9850292483607017
moderate,aptos_217dad18a5ed.png,3388,2588,3,1.3091190108191655,3388x2588,51.33675279511833,31.222470459188756,0.24630377877005669,67.72583258846123,14.237722005683711,15.096436482940922
moderate,aptos_222d0ac042b4.png,2588,1958,3,1.3217568947906027,2588x1958,82.15952052610224,39.60346738873517,0.08682151297810434,89.25642197601955,33.723595474638806,15.442120305819778
moderate,aptos_2241b7e90782.png,640,480,3,1.3333333333333333,640x480,86.55255859375,20.93996264971135,0.010537109375,87.46450719330971,19.084217396700843,36.67069212721719
moderate,aptos_224bb938e2dd.png,3216,2136,3,1.5056179775280898,3216x2136,97.27067640496021,56.67184682111718,0.253402929174353,129.60473991626657,13.255489192731027,4.870868426039425
moderate,aptos_22ce8ef69357.png,2588,1958,3,1.3217568947906027,2588x1958,74.13948896691416,35.03834080655614,0.09318387055523016,81.08115883113211,28.924113772480762,15.071416082154997
moderate,aptos_23148a40ecb0.png,2416,1736,3,1.391705069124424,2416x1736,64.73278374584186,30.155826422147552,0.16704377689443647,77.31542507438677,11.995391558246727,10.755853114070108
moderate,aptos_23175b7ef453.png,3216,2136,3,1.5056179775280898,3216x2136,84.67567621862597,49.54568066381762,0.25489957166415117,112.95428119276137,12.533518320903985,3.4593108423609693
moderate,aptos_232549883508.png,2416,1736,3,1.391705069124424,2416x1736,81.21212199964904,38.12683168236536,0.16637761505478071,97.01454513109209,15.582740392355063,9.651707509291791
moderate,aptos_234399352d36.png,1844,1226,3,1.504078303425775,1844x1226,64.24391527744848,43.093376894380924,0.2851353359778905,89.44621025835856,19.237866329460303,5.254192858603997
moderate,aptos_236f56771ec6.png,2416,1736,3,1.391705069124424,2416x1736,52.46983459921567,26.72872433393912,0.16690405934324168,62.58273640721308,15.643875843668217,11.07923867784571
moderate,aptos_2376e5415458.png,2588,1958,3,1.3217568947906027,2588x1958,72.80802967416204,31.768351915032728,0.09420334757890982,79.77980181470505,24.456803577784488,15.781063854931526
moderate,aptos_239f2c348ea4.png,2588,1958,3,1.3217568947906027,2588x1958,43.02998458351818,31.464526255723893,0.0853560394245145,46.4232003295087,30.778928405509667,12.929075492756164
moderate,aptos_23d7ca170bdb.png,2144,1424,3,1.5056179775280898,2144x1424,61.23849578913718,36.85476833819275,0.2543975610011739,81.6666098509642,13.459484482492561,21.44182416310509
moderate,aptos_23fca0693e2a.png,2416,1736,3,1.391705069124424,2416x1736,72.59003484832301,34.74856064942875,0.1663447122867519,86.67308394658997,16.001382180948543,10.217075531043461
moderate,aptos_2463bb04ebc3.png,3216,2136,3,1.5056179775280898,3216x2136,102.54964555732573,60.35611334696738,0.25361037159707084,136.60075643168798,17.562505336199848,4.694039557068647
moderate,aptos_246e4506824a.png,3216,2136,3,1.5056179775280898,3216x2136,85.59217896938529,50.68112456924705,0.2494284779287085,113.27272759010062,18.699719740015066,4.345354650055802
moderate,aptos_25002fe43f92.png,2588,1958,3,1.3217568947906027,2588x1958,85.49945513432785,49.15709454910921,0.09328964672338584,93.60817437600893,44.27266253419233,16.266999374547186
moderate,aptos_2532613a584a.png,3388,2588,3,1.3091190108191655,3388x2588,58.05600774804793,34.33673274746054,0.24873348339169613,76.87706743352614,12.043345166227796,13.088242614874641
moderate,aptos_25dc1b41ed9c.png,2588,1958,3,1.3217568947906027,2588x1958,86.5529352491976,31.375742742431267,0.004280777312748554,86.88243091224612,31.03719578305895,15.794392242898668
moderate,aptos_2608e1dac5b1.png,2416,1736,3,1.391705069124424,2416x1736,67.75409854045229,33.69483048534886,0.1664589182714316,80.88520024782481,18.059982795582332,11.619084892636561
moderate,aptos_261c6bd63bff.png,3388,2588,3,1.3091190108191655,3388x2588,56.56995003731691,33.707821867213845,0.24807758631701304,74.85455509843524,12.778088732448417,7.244201052873569
moderate,aptos_26453eb7e989.png,640,480,3,1.3333333333333333,640x480,122.24328776041666,30.222462455049577,0.010400390625,123.51579414812257,27.69988071163754,52.02833697848849
moderate,aptos_26999ebc21de.png,2416,1736,3,1.391705069124424,2416x1736,76.4802509479812,41.55116643500223,0.16624862666707357,91.32076953873431,27.311489011918564,11.867300034614702
moderate,aptos_269f0792f11f.png,2588,1958,3,1.3217568947906027,2588x1958,71.61933485735216,27.512272505124425,0.01034889558629204,72.26444032469082,26.918888256706815,7.3543438436641635
moderate,aptos_26e231747848.png,1504,1000,3,1.504,1504x1000,59.23474335106383,36.62988912361144,0.2646436170212766,80.32941944490658,11.955095185790828,31.829004430737886
moderate,aptos_2700754f71e9.png,819,614,3,1.3338762214983713,819x614,60.11892034856204,36.38597394556669,0.2025967156260316,75.35419602131739,22.683073381548525,20.512635395365216
moderate,aptos_272d9c043c81.png,3388,2588,3,1.3091190108191655,3388x2588,57.14300392420562,33.80939187683477,0.24456019426688247,75.25265976277986,13.112159900336675,12.702097726710296
moderate,aptos_2735be026d44.png,3388,2588,3,1.3091190108191655,3388x2588,60.15733329653345,35.19049738788468,0.24940808453875757,79.7591286703626,10.448410474948663,6.038524229223525
moderate,aptos_2776d70724d3.png,3216,2136,3,1.5056179775280898,3216x2136,68.88760434717797,40.24404247398098,0.2545653346097229,91.80473047379924,10.457672388488602,4.097817451983253
moderate,aptos_27b68863349f.png,2416,1736,3,1.391705069124424,2416x1736,66.51917396885587,31.120687897242853,0.1667843695638905,79.42875844897905,12.769758723306994,11.050129030324308
moderate,aptos_27bab1432f61.png,2416,1736,3,1.391705069124424,2416x1736,64.8924847216712,30.712680599981834,0.16651447149571216,77.45045590618416,13.585765836466228,10.292927382225873
moderate,aptos_27fca9f12b3c.png,2416,1736,3,1.391705069124424,2416x1736,89.0623917546617,43.906925367047016,0.166553334910123,106.44588945829955,22.330401175171204,9.617555146664397
moderate,aptos_282bc792d23a.png,3216,2136,3,1.5056179775280898,3216x2136,68.41099846623624,41.247472721657346,0.2542763709542177,91.19049493075467,15.509550402258437,5.637888648827576
moderate,aptos_28824d12d31d.png,4288,2848,3,1.5056179775280898,4288x2848,75.24024035261718,49.28183336809894,0.2824066279819302,104.24480433475047,20.133608436237292,5.2958009122031715
moderate,aptos_28a4d00927b7.png,2588,1958,3,1.3217568947906027,2588x1958,30.0966648142681,16.421432652548024,0.09762390415100416,32.88726010986276,14.797276798001004,10.445709393555369
moderate,aptos_28f93cad89c5.png,3388,2588,3,1.3091190108191655,3388x2588,71.17723557003626,40.7992472206413,0.24864486714634249,94.24171074940915,8.704430426101679,10.088112138918682
moderate,aptos_290ecdba359f.png,3388,2588,3,1.3091190108191655,3388x2588,66.97222718969944,38.66942821094981,0.24804223105824905,88.604891894376,10.085517957611831,13.146157265404861
moderate,aptos_291e2ff3d834.png,2416,1736,3,1.391705069124424,2416x1736,100.18271145512253,46.535628646577145,0.1658192217017121,119.68117881465149,17.411516744874344,7.889419979517172
moderate,aptos_29580bed2f7d.png,2416,1736,3,1.391705069124424,2416x1736,85.02235313921018,40.62395794775876,0.16626197851496932,101.56204194410732,18.275023679814204,6.622893982214124
moderate,aptos_295fdc964f6e.png,2416,1736,3,1.391705069124424,2416x1736,63.53569807275613,29.48058709417155,0.1664577261421552,75.82325545341092,11.643011109943993,10.16891088511729
moderate,aptos_2967e578939f.png,2588,1958,3,1.3217568947906027,2588x1958,44.09633781592736,15.88719741900396,0.09502153413333797,48.101521849727014,10.487628442221924,12.195289842361698
moderate,aptos_29f44aea93a4.png,3216,2136,3,1.5056179775280898,3216x2136,76.96756386606295,45.50459766235703,0.25333916792442285,102.33136631927589,15.283845334631854,3.167101928082085
moderate,aptos_2a099b247b10.png,1050,1050,3,1.0,1050x1050,82.0446149659864,44.188187168538285,0.20888798185941043,103.36538481382158,17.074897507381277,44.816662722136556
moderate,aptos_2a3378bcfbcc.png,2416,1736,3,1.391705069124424,2416x1736,67.29795387699515,31.540697378388053,0.1662989345225379,80.32107602363264,13.165519191979723,8.528536236603893
moderate,aptos_2a3a1ed1c285.png,3216,2136,3,1.5056179775280898,3216x2136,41.19466746324557,25.987960188305852,0.25455019495220527,54.82085621805293,13.281778564360772,14.749267320060731
moderate,aptos_2a47e5b21791.png,2416,1736,3,1.391705069124424,2416x1736,70.64556804483169,32.62558503946673,0.16658361499374372,84.35629746287722,12.192594388403556,12.475920419005964
moderate,aptos_2a5a8b744f08.png,2416,1736,3,1.391705069124424,2416x1736,59.69776161038545,28.508568394874693,0.16693648525955992,71.28372917689249,13.092644245481651,10.80805740925759
moderate,aptos_2af1bf226f51.png,2588,1958,3,1.3217568947906027,2588x1958,59.47140195259649,23.37783544694328,0.028351170563281777,60.91843128254706,22.10453002572422,6.719316424618615
moderate,aptos_2b074afdf626.png,2416,1736,3,1.391705069124424,2416x1736,70.76080236022523,32.99010943367199,0.16656144138920256,84.49625699596177,13.156884793976177,10.81391147836167
moderate,aptos_2b07790a2422.png,3388,2588,3,1.3091190108191655,3388x2588,42.46397470205781,25.782997797735202,0.24902237007056455,56.15635520632741,11.496285757996036,12.65911440222536
moderate,aptos_2b21d293fdf2.png,3216,2136,3,1.5056179775280898,3216x2136,41.19466746324557,25.987960188305852,0.25455019495220527,54.82085621805293,13.281778564360772,14.749267320060731
moderate,aptos_2b88cb6e31cd.png,3216,2136,3,1.5056179775280898,3216x2136,68.51600451045336,39.71978692715038,0.2539291778467215,91.21328473274653,9.253815202598545,3.5642940458186767
moderate,aptos_2ba0b0d9bda2.png,2416,1736,3,1.391705069124424,2416x1736,67.49109479430524,32.39701919982703,0.16637427709280678,80.55950494984374,15.247061321427909,9.445822492030375
moderate,aptos_2bd4d4fbed5c.png,3216,2136,3,1.5056179775280898,3216x2136,80.27125404112397,47.79061433039504,0.2520699114446494,106.62229454439077,17.279737437673287,4.418108279084526
moderate,aptos_2c1d5be654dd.png,3388,2588,3,1.3091190108191655,3388x2588,52.769699493986415,30.893914800469425,0.24883863677421356,69.8566417730404,9.855193036537996,16.39858868189479
moderate,aptos_2c2aa057afc5.png,1504,1000,3,1.504,1504x1000,59.574761968085106,37.32427194654462,0.2649428191489362,80.82347317023752,13.813607096616494,26.17541766254483
moderate,aptos_2cbfc6182ba2.png,3216,2136,3,1.5056179775280898,3216x2136,72.55942795968659,43.59654825347706,0.25374473605754,96.81694681630522,15.092125255154501,6.602061231882557
moderate,aptos_2cceb07ff706.png,1504,1000,3,1.504,1504x1000,74.17254853723404,45.38565061986519,0.264719414893617,100.63488301433632,12.487191209986571,29.71156049610215
moderate,aptos_2cef97083e6f.png,3216,2136,3,1.5056179775280898,3216x2136,71.73044145494438,41.71170097198025,0.25369538659697766,95.451677285368,10.632369790340046,4.000615337523006
moderate,aptos_2d552318eb07.png,474,358,3,1.324022346368715,474x358,69.44782900784952,30.276127603446117,0.07319732220729322,74.3471968767287,25.70837334374645,121.91967358925086
moderate,aptos_2d870833c0c9.png,3388,2588,3,1.3091190108191655,3388x2588,64.78174024057999,37.745625931887226,0.24464915265990156,85.36523189932093,12.418450912707423,11.162827387062196
moderate,aptos_2e26762daed5.png,3216,2136,3,1.5056179775280898,3216x2136,68.52655248453426,41.676108859519324,0.2559027195483258,91.48837187008705,16.544211330259632,3.784500213065012
moderate,aptos_2e79041ef722.png,2588,1958,3,1.3217568947906027,2588x1958,34.24181852914291,19.939293611313463,0.09771981313929458,37.39356750292205,18.406983243717168,11.206201561978995
moderate,aptos_2f5c9cdfb333.png,2588,1958,3,1.3217568947906027,2588x1958,73.4853235566684,39.04931921336769,0.09480169336593976,80.66497504313902,33.77413664648119,14.550552520596963
moderate,aptos_2f9b66784109.png,3216,2136,3,1.5056179775280898,3216x2136,84.58844165758288,50.98667671727243,0.2545995444127676,112.82851811837898,18.840441556269603,4.83614550428159
moderate,aptos_2fb3a8606a77.png,3388,2588,3,1.3091190108191655,3388x2588,67.63100355103657,39.51720100390071,0.24896922313319672,89.5747805743411,12.040864816090748,12.645297215210343
moderate,aptos_2fdffb6160a6.png,2416,1736,3,1.391705069124424,2416x1736,69.3408154545732,32.07388495680162,0.16643579096346933,82.79563687121276,12.098274149021345,8.903100632864804
moderate,aptos_300305ce82d2.png,3216,2136,3,1.5056179775280898,3216x2136,66.4587901433842,39.252453011598476,0.2545461188905659,88.51838608124547,12.446853828473229,3.663322982023128
moderate,aptos_302bcdb635ff.png,1844,1226,3,1.504078303425775,1844x1226,70.32299145767942,47.10484836600401,0.28482481873224036,97.90550200763471,20.76877969788751,6.347958432762368
moderate,aptos_308f7fce6f0d.png,2588,1958,3,1.3217568947906027,2588x1958,51.67870587594508,23.432204711983122,0.0956599406706209,56.671309480321725,18.614139854904497,12.764533566561543
moderate,aptos_310c27067ac0.png,1050,1050,3,1.0,1050x1050,73.4666149659864,40.17321055675332,0.20956190476190475,92.7124497107147,16.54612350198013,43.16987229189485
moderate,aptos_3128eb593012.png,2588,1958,3,1.3217568947906027,2588x1958,44.14736416050823,21.15585420587992,0.09529446032841132,48.314735043794,17.673843511099964,12.012730635417144
moderate,aptos_31452ad8808c.png,1844,1226,3,1.504078303425775,1844x1226,52.21100841139023,34.99697528593717,0.28529501792330314,72.63294600390527,15.86743950431909,5.225327587100192
moderate,aptos_314862758acf.png,2416,1736,3,1.391705069124424,2416x1736,85.4260529362621,39.05017087769657,0.1658139763328959,102.00008002919922,13.08815169438549,5.315451468512139
moderate,aptos_31b5d6fb0256.png,2416,1736,3,1.391705069124424,2416x1736,49.23781596194342,26.417113490160176,0.1673658902249214,58.74198688854692,17.27301337903825,12.765862470585386
moderate,aptos_3246f07e65b4.png,1844,1226,3,1.504078303425775,1844x1226,85.70111697741983,58.4108362588285,0.2831284745198926,119.04583803048506,28.842045111217974,8.841727196157944
moderate,aptos_32a3eb37ff40.png,2416,1736,3,1.391705069124424,2416x1736,81.20349670590838,37.391986766091094,0.16663153859065524,97.0287140366447,13.218064948941718,11.44685653818215
moderate,aptos_331b87d1b9d1.png,2416,1736,3,1.391705069124424,2416x1736,91.85747116954558,41.02688461179388,0.16609436513870662,109.74347278249584,9.608834869887136,7.527741074919099
moderate,aptos_33e8e26a75d4.png,2416,1736,3,1.391705069124424,2416x1736,80.41522148808252,37.01532992911132,0.16676863345744194,96.10117208279121,12.996477282757954,11.946368011255656
moderate,aptos_3402124408ea.png,2416,1736,3,1.391705069124424,2416x1736,90.52645001068147,41.06068331952876,0.1661821058534501,108.15959749272199,12.285171151019393,9.266950163617928
moderate,aptos_3428230bf1bd.png,2416,1736,3,1.391705069124424,2416x1736,73.27582962660604,32.54074131898402,0.1665674020355846,87.5215666260342,7.2175311658474754,10.643039058260172
moderate,aptos_34723fae6475.png,2416,1736,3,1.391705069124424,2416x1736,64.44735795541246,31.289080772459894,0.16711911946470534,76.97590380760147,15.367116456769365,10.34293958869646
moderate,aptos_349f3c0ac83e.png,2588,1958,3,1.3217568947906027,2588x1958,44.179698514239526,16.067464107345714,0.07041555035971792,46.799506717670596,13.424850476376852,11.678596543478662
moderate,aptos_354b8911d6ed.png,3388,2588,3,1.3091190108191655,3388x2588,69.29523568499788,39.52626843068367,0.24458323220969,91.32727323784351,9.128088117101852,11.532033118357797
moderate,aptos_362c4a96cebb.png,4288,2848,3,1.5056179775280898,4288x2848,58.07309667755849,38.97449474972941,0.280257961203463,80.16276027341699,19.215171992265166,5.529716372210104
moderate,aptos_367c7049929c.png,1050,1050,3,1.0,1050x1050,75.65987755102041,41.0133520892833,0.2089297052154195,95.1744013392115,17.409096694283107,41.5439874521246
moderate,aptos_36a1e3c780a0.png,2416,1736,3,1.391705069124424,2416x1736,63.95919079218421,31.127989958122978,0.16663487655262918,76.34616969169852,15.550907934920497,10.463325572070328
moderate,aptos_36ec36c301c1.png,1504,1000,3,1.504,1504x1000,59.23474335106383,36.62988912361144,0.2646436170212766,80.32941944490658,11.955095185790828,31.829004430737886
moderate,aptos_3748349334f6.png,3216,2136,3,1.5056179775280898,3216x2136,81.93884146100024,47.717187394336975,0.25384838448208397,109.15214776974229,11.57536336173101,3.7680027926899027
moderate,aptos_37de05ef12a5.png,3216,2136,3,1.5056179775280898,3216x2136,70.26919446540705,42.35297536062047,0.25350817890882665,93.5187591179526,16.44554016122538,5.417050107302863
moderate,aptos_38487e1a5b1f.png,1504,1000,3,1.504,1504x1000,71.07498936170212,43.66684179184884,0.2645797872340426,96.4128474457359,12.885413073988897,27.47743048988336
moderate,aptos_388f12e8df0b.png,3216,2136,3,1.5056179775280898,3216x2136,79.73770907284738,46.122434300742775,0.25431349222986194,106.2484217850184,9.430131629540039,3.935625264968208
moderate,aptos_38e111cac46f.png,3388,2588,3,1.3091190108191655,3388x2588,51.07954020828125,29.352912366091946,0.24612244050736393,67.3866718042537,7.894759979940315,6.139288428587876
moderate,aptos_38fe9f854046.png,2144,1424,3,1.5056179775280898,2144x1424,64.91027776758763,38.35645252374922,0.25447944616803625,86.58914440213064,11.243825960454764,18.501066452576623
moderate,aptos_39134907127a.png,3216,2136,3,1.5056179775280898,3216x2136,69.9430699382302,41.368691380253956,0.25572628430879313,93.43658120881821,11.867015807682426,6.341479460985669
moderate,aptos_39923b29988a.png,1844,1226,3,1.504078303425775,1844x1226,71.63762327800052,50.018017622587486,0.2846094029222238,99.71135678578385,26.977951491824864,6.583677699594909
moderate,aptos_39b5b05d6cd9.png,2588,1958,3,1.3217568947906027,2588x1958,56.223028458525484,25.738620792926856,0.0717914299201311,59.81534448173334,23.107293706031268,5.774843782311092
moderate,aptos_3a122851e526.png,640,480,3,1.3333333333333333,640x480,95.89536783854167,21.583265499845712,0.010598958333333333,96.91379333035033,19.311889094427652,46.174897367594
moderate,aptos_3a1d3ce00f0c.png,3216,2136,3,1.5056179775280898,3216x2136,35.83208402044087,23.122819700329003,0.2548784634878044,47.65645069277838,12.99329870181536,15.392103866282062
moderate,aptos_3a61e690f4bb.png,640,480,3,1.3333333333333333,640x480,92.367763671875,28.465099482586112,0.010924479166666667,93.37844420162979,26.938547779949424,39.9676407263438
moderate,aptos_3aa2b1ce6700.png,2416,1736,3,1.391705069124424,2416x1736,79.52034750091555,42.745081601051226,0.16666348765526293,95.01652084596985,27.416772005841015,9.83249771967488
moderate,aptos_3b58b02c89ed.png,3216,2136,3,1.5056179775280898,3216x2136,84.10813616840889,49.508050039798874,0.2540521875640524,112.1262697601731,13.986311932538804,5.312926088084644
moderate,aptos_3b9c1f42c2f2.png,3216,2136,3,1.5056179775280898,3216x2136,82.41032868196471,48.87812780993444,0.2537421157322004,109.78606062119343,15.736172387363279,4.495457224621678
moderate,aptos_3c1efa38d0da.png,2588,1958,3,1.3217568947906027,2588x1958,47.07973924595801,22.198170887122686,0.09522144319740833,51.426564979667546,18.60372374805957,12.557342127572939
moderate,aptos_3c311c9109b0.png,2416,1736,3,1.391705069124424,2416x1736,65.90818673322245,31.22958641957777,0.16671498764000367,78.70871092641255,13.693292612771232,10.673039225112527
moderate,aptos_3c53198519f7.png,2144,1424,3,1.5056179775280898,2144x1424,63.837234888583765,37.52369835922578,0.25453545562217006,85.16690605440817,10.060801093874307,18.829018524019336
moderate,aptos_3cd801ffdbf0.png,1504,1000,3,1.504,1504x1000,54.02556781914894,33.88058096460848,0.2650119680851064,73.28542583737251,12.721340543219327,28.80885306108532
moderate,aptos_3cdda8b3df19.png,2416,1736,3,1.391705069124424,2416x1736,64.45579727698599,30.191584810865542,0.16702589495529038,76.97608253855577,12.479126966251862,10.428708522633212
moderate,aptos_3d3e288d490e.png,2896,1944,3,1.4897119341563787,2896x1944,42.591003732976375,40.34086241460648,0.4529951557988314,76.46586910192136,21.01349574918619,7.576000954885996
moderate,aptos_3d663a6a50a3.png,1844,1226,3,1.504078303425775,1844x1226,62.054249397543465,42.53727052195789,0.2849247858227203,86.35801700109242,21.382433332769434,4.416217843561492
moderate,aptos_3dbfbc11e105.png,3216,2136,3,1.5056179775280898,3216x2136,64.50048068412619,39.569079540863,0.2542722948925783,86.02810538381833,16.6370076004133,18.415154724063964
moderate,aptos_3ddb86eb530e.png,2588,1958,3,1.3217568947906027,2588x1958,57.85537950752511,26.090570176130644,0.0948766839329158,63.310233106255595,20.937719403379912,4.482287815313046
moderate,aptos_3dfc50108072.png,2416,1736,3,1.391705069124424,2416x1736,113.18526285019989,52.74464840628314,0.16505149044770653,135.11239174156128,20.46439771518371,8.152106865310657
moderate,aptos_3e1f8fecb06f.png,1504,1000,3,1.504,1504x1000,49.23538763297872,33.06345545580797,0.26238630319148937,66.55063184453172,18.41778857565274,7.543695516529947
moderate,aptos_3e6bfc4d5c65.png,2588,1958,3,1.3217568947906027,2588x1958,64.80973748565312,32.1238433517638,0.09359414789402806,70.84935948656161,27.361122573529677,14.08499154408285
moderate,aptos_3e86335bc2fd.png,1504,1000,3,1.504,1504x1000,51.13997207446808,33.51693077401119,0.26543550531914895,69.38446575578054,16.584633709090177,26.99501775426831
moderate,aptos_3f3de2a6b0f5.png,2588,1958,3,1.3217568947906027,2588x1958,67.23346813216654,33.88399942021654,0.0950963273567167,73.67487158215754,28.8515386699392,4.9353812153922485
moderate,aptos_3f47f83217b5.png,2416,1736,3,1.391705069124424,2416x1736,73.27821650784325,34.44703543615687,0.1669851241340373,87.55899360326016,14.251038643379092,8.96259050193397
moderate,aptos_3f5b4c2948e8.png,1050,1050,3,1.0,1050x1050,76.6397179138322,41.27957431129576,0.20822312925170067,96.56956883338259,15.62355386033705,51.46140076561843
moderate,aptos_3f8d5c940ba4.png,3388,2588,3,1.3091190108191655,3388x2588,76.21191588550553,45.08810201788328,0.2455616604836782,100.59899616388391,16.50740344366414,12.033734617598533
moderate,aptos_3fc219927a97.png,2416,1736,3,1.391705069124424,2416x1736,59.8909432985168,29.18467387304323,0.16708049447614978,71.50143999661076,14.6874418742953,13.415559332572359
moderate,aptos_3fd7df6099e3.png,2144,1424,3,1.5056179775280898,2144x1424,44.77293341491279,28.75838240509055,0.25475523541002854,59.64435360312648,15.53953729022639,24.115593030636596
moderate,aptos_3ffa14d60b24.png,3216,2136,3,1.5056179775280898,3216x2136,83.23025905118602,48.5955443231172,0.2537691924273762,110.87487173584803,12.364211931675355,4.60746783281838
moderate,aptos_40140a925c43.png,2416,1736,3,1.391705069124424,2416x1736,98.7596188142796,44.948976589810584,0.16629559656056397,118.03642688555476,13.739945955212361,7.540040522053351
moderate,aptos_40527a5e95dd.png,2416,1736,3,1.391705069124424,2416x1736,67.34310100482192,32.03575597493121,0.1664908673360393,80.38908527857332,14.455346609186277,9.357176474537622
moderate,aptos_417f408ee8e0.png,2588,1958,3,1.3217568947906027,2588x1958,27.708588630167046,13.637774619617325,0.09662534554863889,30.121209374018335,12.063301272624575,10.66177399255747
moderate,aptos_4189d4e631ec.png,2416,1736,3,1.391705069124424,2416x1736,59.76085862872707,29.61594913878967,0.16715440649128696,71.35642914419022,15.770050971901972,10.748208228502344
moderate,aptos_419406328dcd.png,3216,2136,3,1.5056179775280898,3216x2136,64.24397223270353,37.46377638425811,0.2537364383606313,85.43939067936053,10.488926803169724,3.565079852874461
moderate,aptos_423abbaa5fad.png,3216,2136,3,1.5056179775280898,3216x2136,50.56802451925765,31.75966918586272,0.25447537010639687,67.35158707114556,15.679919142770178,5.3478701701881475
moderate,aptos_4242c0d87f57.png,2588,1958,3,1.3217568947906027,2588x1958,58.27504053437489,30.242266651138895,0.09545292723704756,63.7784539059236,26.33830764472571,14.120734812815844
moderate,aptos_4246ed634f25.png,2416,1736,3,1.391705069124424,2416x1736,105.71103644672993,48.058092743291816,0.16559653195287943,126.26746274968676,14.699565622064895,6.035622717735032
moderate,aptos_4289af3afbd2.png,3216,2136,3,1.5056179775280898,3216x2136,86.6144705137701,51.35190335536121,0.2540236551325768,115.43376014169095,16.28515215991401,4.156626722936755
moderate,aptos_42a67337fa8e.png,2588,1958,3,1.3217568947906027,2588x1958,34.57441886257465,16.8654139552544,0.0952313103772736,37.60879225813994,14.751064832404241,12.645887041513346
moderate,aptos_42a850acd2ac.png,2416,1736,3,1.391705069124424,2416x1736,80.6150788617359,39.65272404467809,0.16675170522171698,96.34049656774799,20.098983916300934,9.962503480366664
moderate,aptos_42b08dca9b2f.png,2416,1736,3,1.391705069124424,2416x1736,58.23069465849788,30.255391947155406,0.16690954313791315,69.49934375615318,18.382862541845228,9.599590475357601
moderate,aptos_42b93b574f23.png,1050,1050,3,1.0,1050x1050,82.00315646258504,43.918841178301896,0.21049251700680272,103.64860092459836,14.723443502129514,40.02835543620692
moderate,aptos_435d900fa7b2.png,2416,1736,3,1.391705069124424,2416x1736,88.09714780686362,43.125426299563664,0.166507557145909,105.29048284605531,21.352257349465585,12.514108132825703
moderate,aptos_436e1793d240.png,2588,1958,3,1.3217568947906027,2588x1958,48.317829165173436,21.547696897799554,0.09479557571442329,52.691494733096924,17.635484440826747,12.54965303039372
moderate,aptos_437900a99871.png,2588,1958,3,1.3217568947906027,2588x1958,46.70743791965116,19.37753305293748,0.09511586437284994,50.99559245880825,14.884129130482922,12.734154295699785
moderate,aptos_437cbec4a3f8.png,2416,1736,3,1.391705069124424,2416x1736,88.88952180356762,41.42445090789123,0.16619164288766136,106.19403117805726,16.003935960143856,6.404393839522085
moderate,aptos_4384fa687afa.png,2416,1736,3,1.391705069124424,2416x1736,61.752566892757955,29.915926407560722,0.16691311952574236,73.72598424836289,14.673297557499954,10.163083267312285
moderate,aptos_43ddd0ab0cc4.png,3388,2588,3,1.3091190108191655,3388x2588,63.1168746772407,36.38023806997424,0.24442025587171012,83.13842619929987,10.555359880196706,13.867395194966663
moderate,aptos_43fb6eda9b97.png,2144,1424,3,1.5056179775280898,2144x1424,61.691693175624685,37.46017210569692,0.25454266151685395,82.29954748029701,14.622754945013432,23.93521310127524
moderate,aptos_441117562359.png,3216,2136,3,1.5056179775280898,3216x2136,92.04918627252316,53.72956400973531,0.2533216990888255,122.58441761252308,13.61267051515656,4.713918841876352
moderate,aptos_441affbe99aa.png,640,480,3,1.3333333333333333,640x480,85.01241536458333,28.935707661814188,0.010725911458333333,85.92594396275152,27.72234038010134,74.18980654643376
moderate,aptos_4478b870e549.png,2416,1736,3,1.391705069124424,2416x1736,82.50908450193792,37.285571661577855,0.16614205030976287,98.54033242912413,10.96688856676523,9.23777399658054
moderate,aptos_44855f666225.png,2588,1958,3,1.3217568947906027,2588x1958,92.52814711728367,37.90520865061608,0.00039705531777844787,92.56093982340998,37.87700103469853,9.056993619821933
moderate,aptos_4489d421e5aa.png,3216,2136,3,1.5056179775280898,3216x2136,68.08163215989342,40.40615770898145,0.2540811567164179,90.67370648343471,13.40742201663131,4.649872555359746
moderate,aptos_44c869174e3a.png,3216,2136,3,1.5056179775280898,3216x2136,85.0676795097546,48.93439736090662,0.253525356597164,113.2441708602982,8.720216320700674,3.765599804438005
moderate,aptos_44e0d56e9d42.png,3216,2136,3,1.5056179775280898,3216x2136,75.32763936637039,43.86745813889401,0.2542174136340768,100.36148505746857,10.72057818810252,3.4516056184665884
moderate,aptos_44e951e45dca.png,2416,1736,3,1.391705069124424,2416x1736,96.73576168477432,44.48029641339626,0.1663690317239906,115.61793018237356,15.173191304886183,6.260026035275599
moderate,aptos_44f4ae58990e.png,2416,1736,3,1.391705069124424,2416x1736,88.83578490745262,40.28558832667407,0.16621477019562364,106.13378478153822,12.090976809937697,8.692119500850515
moderate,aptos_453a1e2754b2.png,640,480,3,1.3333333333333333,640x480,95.925888671875,19.044275929057665,0.010602213541666667,96.94268333207214,16.40229379569287,27.57356125936509
moderate,aptos_453d553b0a94.png,3216,2136,3,1.5056179775280898,3216x2136,59.92870356783498,36.10725206587976,0.25401506628840814,79.80348977870996,13.871298027915149,5.309956971617249
moderate,aptos_45ae04cfde5d.png,3216,2136,3,1.5056179775280898,3216x2136,89.17358694588853,52.450046108357576,0.253376871494587,118.7635698945277,15.12442192496257,5.073606679809535
moderate,aptos_45c39ab9e797.png,2588,1958,3,1.3217568947906027,2588x1958,44.490163803079504,18.845169363482167,0.09584366755971223,48.654653851736335,14.550290972534624,12.52433660875382
moderate,aptos_460893cd86e3.png,1050,1050,3,1.0,1050x1050,75.55025396825397,41.149078306977074,0.2094204081632653,95.33209654732485,16.51376424906783,41.65974683996896
moderate,aptos_465c618f7b23.png,2416,1736,3,1.391705069124424,2416x1736,71.66012728125858,33.30923281579942,0.1667693487350078,85.60691913162614,12.850824940414686,10.131978954159852
moderate,aptos_467b7d9d811c.png,2416,1736,3,1.391705069124424,2416x1736,60.53346545304727,28.152573803486234,0.16715059167760246,72.29962380303894,11.104541064602527,10.659674269230027
moderate,aptos_46923eea9a4e.png,2416,1736,3,1.391705069124424,2416x1736,60.49131438451796,27.952421213981566,0.16694745284890286,72.21026774994283,10.73516353958296,11.135451392078062
moderate,aptos_46c1548d730e.png,2588,1958,3,1.3217568947906027,2588x1958,68.13788653690405,34.239777779938294,0.09374728652553706,74.48977518249193,29.378679104034784,14.185784393410495
moderate,aptos_46f56c38051f.png,3388,2588,3,1.3091190108191655,3388x2588,77.86347703687348,45.80871754809162,0.24645067416776,102.90722071234401,15.48024624795822,11.545881648174472
moderate,aptos_475c7ded0f7a.png,3388,2588,3,1.3091190108191655,3388x2588,74.69158877865145,43.297232774638886,0.2476682636599034,98.80346887230345,12.006301924947104,12.345784117520546
moderate,aptos_47b756014447.png,2416,1736,3,1.391705069124424,2416x1736,90.99226570368053,41.74343770236277,0.16603428182317576,108.6977842351719,14.187827215126447,6.068779401353819
moderate,aptos_47e51065b819.png,3216,2136,3,1.5056179775280898,3216x2136,74.94879942515885,43.98844176848353,0.2562689828013491,100.15187626933658,11.085866309058957,3.687728391292702
moderate,aptos_4818672273af.png,3388,2588,3,1.3091190108191655,3388x2588,57.47413238194993,32.90953322024396,0.24514401223337573,75.74879046989085,8.50106283505533,14.447119591212175
moderate,aptos_48543037d0b3.png,2416,1736,3,1.391705069124424,2416x1736,77.72723796044801,37.58531182696662,0.16631896229438153,92.83404702561485,17.95140310187153,11.037821490519741
moderate,aptos_48afe8c47454.png,3216,2136,3,1.5056179775280898,3216x2136,75.89266011934708,44.161788099771535,0.2546320073322526,101.2210656080128,9.84225814940715,5.056054559214178
moderate,aptos_48c49f662f7d.png,1504,1000,3,1.504,1504x1000,44.67034042553191,29.777413127128508,0.28608311170212763,62.33517519751223,12.288922666603211,29.235481278560368
moderate,aptos_48c72dec46e5.png,2416,1736,3,1.391705069124424,2416x1736,94.75036479155858,42.70331955567758,0.16610938596758934,113.20412416468524,11.689623078955208,10.709610895764758
moderate,aptos_48fda42bd5d4.png,3216,2136,3,1.5056179775280898,3216x2136,71.7022426782287,42.52874588651022,0.2540168131719679,95.4902774723243,14.023865599440347,4.845167009722621
moderate,aptos_49419f8d5cb4.png,3216,2136,3,1.5056179775280898,3216x2136,64.73663415716362,38.18512041469047,0.25403559217023497,86.22927496580027,11.664777388837264,5.511234059713501
moderate,aptos_49a4765f8822.png,3216,2136,3,1.5056179775280898,3216x2136,68.08996523119421,40.760336263804625,0.25452835890770864,90.73588755937648,14.614436374619869,5.0740966782597425
moderate,aptos_49d69c4c6290.png,2416,1736,3,1.391705069124424,2416x1736,68.33627105777154,32.049497387607,0.1667083117160558,81.60418481178104,13.29079426887231,9.328865547038975
moderate,aptos_4a0890b08532.png,3216,2136,3,1.5056179775280898,3216x2136,98.99933924129353,58.310998075830554,0.25353452773585256,131.91471077384398,16.777863339797225,4.330517755874346
moderate,aptos_4a0bba3b7d83.png,2416,1736,3,1.391705069124424,2416x1736,84.82700296792504,39.06128158234516,0.16623265213476973,101.32561159427584,13.872011109082893,6.649118916079989
moderate,aptos_4a44cc840ebe.png,3216,2136,3,1.5056179775280898,3216x2136,58.66408098785101,35.336394747509836,0.2542581742504705,78.20155243802145,13.15009973173055,14.219807150317868
moderate,aptos_4a558a1cd243.png,2588,1958,3,1.3217568947906027,2588x1958,57.40469922467648,23.253391741208578,0.0951288890502721,62.89953147664351,16.734849347353887,14.230173673808649
moderate,aptos_4ad6109706e8.png,3216,2136,3,1.5056179775280898,3216x2136,79.84185171986509,46.50590554852681,0.2533775993627369,106.23278642497412,12.151954760338228,3.827750580595248
moderate,aptos_4b1001050f1d.png,2588,1958,3,1.3217568947906027,2588x1958,77.78539653433069,44.58524693015473,0.08306922181893962,84.1404975112814,41.00721520684594,14.48058375803477
moderate,aptos_4b422b48d0d4.png,2588,1958,3,1.3217568947906027,2588x1958,44.53102359755799,20.781823991845748,0.0950375189647197,48.5916096054709,17.425680494205267,12.641348524856589
moderate,aptos_4b5ffea77373.png,3216,2136,3,1.5056179775280898,3216x2136,68.81397699004975,42.35167726254915,0.2538230546704679,91.62310599188024,18.809319539215284,5.0845554200204015
moderate,aptos_4c52922f3bfd.png,2416,1736,3,1.391705069124424,2416x1736,56.962418124561296,28.444686249853955,0.16727648052919095,68.00467990937382,15.577310669987888,12.24966118281795
moderate,aptos_4c78d9d18da9.png,2416,1736,3,1.391705069124424,2416x1736,63.3223891891995,32.997714797630806,0.16675337420270395,75.59544269272227,20.084617098286554,8.482906057834862
moderate,aptos_4ce74e5eb51d.png,3216,2136,3,1.5056179775280898,3216x2136,84.79003056463935,49.728478575954746,0.25398478697337284,113.11440917337134,12.487466445699361,3.2240972042123865
moderate,aptos_4d009cebabc9.png,3216,2136,3,1.5056179775280898,3216x2136,70.40126221071608,41.19414360532755,0.2550052581195148,93.94143033256091,10.224778088561678,5.031768368287965
moderate,aptos_4d1cf360b2d7.png,3388,2588,3,1.3091190108191655,3388x2588,87.47044414416551,50.48783130061036,0.24767100084122706,115.82603760250277,11.896809112208857,11.038610216159915
moderate,aptos_4d21ce39c905.png,3216,2136,3,1.5056179775280898,3216x2136,97.6443743944137,56.74324802799808,0.25301453872957314,129.93672003560874,13.729363847575478,4.118047203132207
moderate,aptos_4da6e2089d57.png,3216,2136,3,1.5056179775280898,3216x2136,90.05474660289377,52.244732097854644,0.25467218565412636,120.15898789379635,10.165335480693233,4.671179850377879
moderate,aptos_4dbce359d0e1.png,3388,2588,3,1.3091190108191655,3388x2588,77.37106952166845,45.66003242311011,0.24851724606712663,102.42696349385024,15.745477803195435,9.893321307679319
moderate,aptos_4e43d05cc2ef.png,2416,1736,3,1.391705069124424,2416x1736,66.55811868648335,31.31271465482883,0.16689046906949065,79.49034573786105,13.218535131480895,10.959845509477711
moderate,aptos_4e7694eebb91.png,2416,1736,3,1.391705069124424,2416x1736,62.42809529213843,28.992288154631556,0.1664627330851161,74.51375342462619,11.440647797831945,10.823510981356716
moderate,aptos_4ed31cc07366.png,3216,2136,3,1.5056179775280898,3216x2136,105.52074351440363,61.59959584940298,0.25362565682821847,140.5674219826078,15.516149048435567,4.502373385415505
moderate,aptos_4ee1ad981a6d.png,2588,1958,3,1.3217568947906027,2588x1958,74.48160441923358,39.87397758278069,0.0893532339879352,81.05298813052008,35.53085913410108,14.824038581237703
moderate,aptos_4ef0b485a7da.png,1050,1050,3,1.0,1050x1050,69.66724081632653,37.92850408192464,0.21005260770975057,87.96734361598178,15.043904086815447,38.69930081885143
moderate,aptos_4f20f9a9a65b.png,2588,1958,3,1.3217568947906027,2588x1958,46.54117633360856,23.54438340815398,0.09590721219804456,50.85557961222034,20.468731575376726,12.733788616283634
moderate,aptos_4f46d7ee61ed.png,3216,2136,3,1.5056179775280898,3216x2136,83.84711653576686,48.984680626664336,0.25323988670877823,111.61591207881202,12.959630734281628,4.962103683845682
moderate,aptos_4f60129e9a5b.png,3216,2136,3,1.5056179775280898,3216x2136,72.76059877927777,42.78653128770634,0.2538266940112173,96.88198261911195,12.685047874371323,4.73948870500504
moderate,aptos_50d8a8fb7737.png,2588,1958,3,1.3217568947906027,2588x1958,46.163170987965195,31.037537276676456,0.0953228778064233,50.415623498944434,29.580892534731976,12.461991820474193
moderate,aptos_51030843fde2.png,3216,2136,3,1.5056179775280898,3216x2136,66.78883336710642,39.406521522670694,0.25418102022658245,88.96309691135284,12.142341278213328,4.800130890351839
moderate,aptos_510aa0a898fa.png,2588,1958,3,1.3217568947906027,2588x1958,52.23897737337251,22.11350737078118,0.09561534101762989,57.244383773036176,16.69020677504509,13.145003141387567
moderate,aptos_51405d042000.png,3216,2136,3,1.5056179775280898,3216x2136,85.39993195888535,49.958651563406505,0.2530638881901355,113.62403924392684,13.90336179046257,4.50482444384593
moderate,aptos_5152bf091152.png,3216,2136,3,1.5056179775280898,3216x2136,74.48686896742878,43.454720881823626,0.2537344003298116,99.16392623331205,11.406933415885065,3.78442072709067
moderate,aptos_5173d54fc214.png,3216,2136,3,1.5056179775280898,3216x2136,85.15687101710549,50.71996512249272,0.2538469287457842,113.47118213924364,17.00871181826369,4.040904997893914
moderate,aptos_5188a8afa879.png,3216,2136,3,1.5056179775280898,3216x2136,86.53884952577934,49.8360337554107,0.2531302697654052,115.10987736352334,10.00987291805517,3.913684732798044
moderate,aptos_51cfeccaf40d.png,3216,2136,3,1.5056179775280898,3216x2136,73.11231354929473,43.06259085458485,0.2543206253377308,97.6022922673022,11.328974159750008,4.322160247835369
moderate,aptos_51d0034d177d.png,2588,1958,3,1.3217568947906027,2588x1958,30.565112730556525,14.379679231129773,0.09670309892597721,33.31708219728747,12.26697600322477,10.80754776059129
moderate,aptos_51d574513bcb.png,1844,1226,3,1.504078303425775,1844x1226,61.25018356788738,41.15968341632666,0.28500794428736737,85.24693983100865,18.678709902248684,5.3154651666260335
moderate,aptos_51d780864365.png,2416,1736,3,1.391705069124424,2416x1736,101.79905492759484,45.9616669630765,0.16594821008941923,121.63652348663297,12.702031733314092,9.560903495010045
moderate,aptos_521d3e264d71.png,1504,1000,3,1.504,1504x1000,47.34464694148936,31.290759626982442,0.2860751329787234,66.06455827884326,12.091616019388786,27.335024486528397
moderate,aptos_52230bbef30e.png,2416,1736,3,1.391705069124424,2416x1736,76.69138133449812,34.49311108106792,0.16648895992919704,91.60868556580124,9.527766744932238,9.334631161886579
moderate,aptos_523d0c2cb4d6.png,3216,2136,3,1.5056179775280898,3216x2136,69.89446101072353,40.92861945091505,0.2542788457059273,93.16468503831716,10.797714198581774,4.934392582844747
moderate,aptos_523ff163211b.png,4288,2848,3,1.5056179775280898,4288x2848,59.31618352234614,38.68654581866777,0.28268479189376156,82.16324323225967,15.483013091698767,6.5511614419364435
moderate,aptos_524f240e0c90.png,3216,2136,3,1.5056179775280898,3216x2136,77.43813353643766,46.13508677525207,0.25386585331768124,103.20509548771665,15.398103391643929,5.200219762394313
moderate,aptos_525acfea47e8.png,2416,1736,3,1.391705069124424,2416x1736,70.13645636234627,32.39244131769055,0.16658981406598103,83.7529181348769,12.082500389388999,9.371222618855017
moderate,aptos_5265dc9acdf8.png,3216,2136,3,1.5056179775280898,3216x2136,79.40226783335197,46.097108838633,0.25358416834367487,105.70754343663889,10.855358194736706,4.105717022987171
moderate,aptos_527bea76116c.png,2416,1736,3,1.391705069124424,2416x1736,74.5857274468215,34.607971201775605,0.16656668675801875,89.08500797867927,13.224630903611157,9.579161672817126
moderate,aptos_52886bed8a07.png,3216,2136,3,1.5056179775280898,3216x2136,79.83087430357575,46.200985580239234,0.2535914470251738,106.32046251473224,9.614679494998496,4.500682444005806
moderate,aptos_52dbec057cc8.png,3216,2136,3,1.5056179775280898,3216x2136,84.90918971388376,50.16592825418331,0.254487307144055,113.17467757112728,15.360011920687592,3.7289756390174116
moderate,aptos_530d78467615.png,3216,2136,3,1.5056179775280898,3216x2136,47.62641191863715,29.755425867607865,0.2542916561853653,63.418268749300886,14.367967767115422,15.416910930645821
moderate,aptos_5327f88a1919.png,2588,1958,3,1.3217568947906027,2588x1958,43.153918336061935,19.428594352727472,0.09577459730065534,47.257838469571595,15.540727060429704,12.216671626509843
moderate,aptos_541db13517e2.png,1844,1226,3,1.504078303425775,1844x1226,38.64272027261822,30.187070137548563,0.28551131839783717,53.66591282232881,22.01869608132299,4.377988826449387
moderate,aptos_547b37da9223.png,3388,2588,3,1.3091190108191655,3388x2588,68.88466396081087,39.6952531293199,0.2446205263052249,90.78729045867937,11.166865748028542,10.583118498463591
moderate,aptos_5486da4273d7.png,3388,2588,3,1.3091190108191655,3388x2588,68.01652596034006,39.64254179067277,0.24470937064902218,89.65278610167736,12.942953604510818,15.109744316666712
moderate,aptos_54bbe3da103e.png,2588,1958,3,1.3217568947906027,2588x1958,63.24737513281224,22.133869298452186,0.09200553193571967,68.91074755427199,13.812077664655732,14.15008454000795
moderate,aptos_54cab3596214.png,1050,1050,3,1.0,1050x1050,86.06585759637188,46.81363865275574,0.2086267573696145,108.48960846497778,18.937049653733226,44.645014505910595
moderate,aptos_54dc6e8107cd.png,2416,1736,3,1.391705069124424,2416x1736,106.02346658795435,52.45281667221363,0.16435051843317972,126.35117997546836,27.8904901239413,9.064875659011797
moderate,aptos_55034b1dbff2.png,3216,2136,3,1.5056179775280898,3216x2136,72.96593780861609,43.5567853834564,0.25407518819758884,97.20810091572311,15.17099498641806,5.446251301713999
moderate,aptos_55092c0071eb.png,2416,1736,3,1.391705069124424,2416x1736,66.59587914288767,31.493947737932828,0.16688784638508256,79.52922756129482,13.7185374481754,10.31412653838309
moderate,aptos_55fd453001cc.png,2416,1736,3,1.391705069124424,2416x1736,52.30764874912259,26.215679071519236,0.16666587191381574,62.37410983791826,14.718809593510956,11.941926604873187
moderate,aptos_56e56aa08362.png,3216,2136,3,1.5056179775280898,3216x2136,83.73555298181378,48.94477675094041,0.25361983388301934,111.5534985604133,12.577936285436735,4.938776665423912
moderate,aptos_5723d0ec895e.png,2588,1958,3,1.3217568947906027,2588x1958,54.64217007702715,25.8913743503021,0.09565027083435294,59.93764455447381,21.16592134450619,13.136223325062808
moderate,aptos_57469423a012.png,2416,1736,3,1.391705069124424,2416x1736,59.86884408284249,30.785245595095756,0.16706523522141178,71.47474162545889,18.20729228556032,9.82360158408218
moderate,aptos_57760be09c03.png,3216,2136,3,1.5056179775280898,3216x2136,58.35222573345818,35.50537998514848,0.25478908127899824,77.80104486422898,14.383269885524642,6.116106897488442
moderate,aptos_57a5f1015504.png,3216,2136,3,1.5056179775280898,3216x2136,61.777666850671736,36.57424555855202,0.25384081465332514,82.22802209593792,12.0405743124401,5.143837663104866
moderate,aptos_57ce57a8cfb0.png,2416,1736,3,1.391705069124424,2416x1736,55.35879395619068,26.062480862842886,0.1668530362102115,66.05513419462477,11.380704177442245,9.568103001704998
moderate,aptos_57f933d3d7c7.png,2588,1958,3,1.3217568947906027,2588x1958,50.46260437502861,24.53544936140687,0.09531301062655803,55.294727641414525,20.50204411535796,12.6328672995554
moderate,aptos_582f739b8f62.png,2416,1736,3,1.391705069124424,2416x1736,53.77789201025422,24.567925810993188,0.16665204321420943,64.14504744781999,8.904497422034453,11.730167491605386
moderate,aptos_58529a8638d0.png,3216,2136,3,1.5056179775280898,3216x2136,55.52275199377644,32.54601349506941,0.254636083393892,73.96285212350726,9.248323929639632,5.017834949484881
moderate,aptos_5905a9b06a73.png,2588,1958,3,1.3217568947906027,2588x1958,60.688791712516164,34.79680298161984,0.09477939353944424,66.44710845453744,31.42689095590298,13.909989019269144
moderate,aptos_594f69b503ad.png,4288,2848,3,1.5056179775280898,4288x2848,53.75952602900176,35.098844213318564,0.2807604085873302,74.22472711664977,14.862690368157295,4.654189114075329
moderate,aptos_599b89048034.png,3388,2588,3,1.3091190108191655,3388x2588,66.9413125514362,38.89778420733519,0.24832393263614283,88.65117670014159,10.709810850618863,12.48363689757305
moderate,aptos_59ee65760535.png,2588,1958,3,1.3217568947906027,2588x1958,51.88783443819435,34.96948783544198,0.08110387693337523,55.89484971627846,33.65522313852589,13.416369131595916
moderate,aptos_59f3f70abddd.png,3216,2136,3,1.5056179775280898,3216x2136,71.00927638842305,41.05398974497633,0.25383309925093633,94.54558995930508,8.726830612985356,4.728528759829831
moderate,aptos_5a03fe3ed15c.png,2416,1736,3,1.391705069124424,2416x1736,82.00377237388226,37.6856583705051,0.16673453856013673,97.9960170101137,13.054989281620886,12.472947479016693
moderate,aptos_5a11d21c2828.png,3388,2588,3,1.3091190108191655,3388x2588,67.00820264813169,39.17361472367227,0.24486231065548195,88.33527710266908,13.20725127082746,13.24215352603988
moderate,aptos_5a2c27b95c7c.png,2416,1736,3,1.391705069124424,2416x1736,56.533520529419846,27.308451055644205,0.16726646664326913,67.48873213345469,13.340385439983564,12.735847989611004
moderate,aptos_5a36cea278ae.png,3216,2136,3,1.5056179775280898,3216x2136,69.35497736621201,40.94988749477972,0.2543941400208694,92.41130767865576,12.614921882196798,4.018015740878885
moderate,aptos_5a5d3798c357.png,3216,2136,3,1.5056179775280898,3216x2136,79.79388084157863,46.783671917570416,0.2550615951143161,106.45201125132932,12.315122151389083,3.9940691585837547
moderate,aptos_5b301a6d1ac7.png,2588,1958,3,1.3217568947906027,2588x1958,28.646575575493397,13.004914717959695,0.09754023046574668,31.27309088618988,10.79756113340782,10.300647641788267
moderate,aptos_5b644a403e1f.png,2416,1736,3,1.391705069124424,2416x1736,65.4883838923307,31.516603128372925,0.16731224440748313,78.24552755252132,14.836488267243604,12.27849546526166
moderate,aptos_5c6194562ed2.png,3216,2136,3,1.5056179775280898,3216x2136,68.68617105833194,40.42169990593082,0.2562331716883746,91.74933365484398,10.986845419175545,3.9466091172913216
moderate,aptos_5c8482926a08.png,3216,2136,3,1.5056179775280898,3216x2136,65.94897382236756,38.64139485832584,0.2541607854920156,87.90187549405186,10.276007420437658,6.392795356928717
moderate,aptos_5cc6dea19614.png,2588,1958,3,1.3217568947906027,2588x1958,56.23295839365469,23.92734933827874,0.09450627000077359,61.6171980632951,18.03957652544597,13.295979281617088
moderate,aptos_5cde55f745af.png,2416,1736,3,1.391705069124424,2416x1736,76.41198843348491,35.2904375238012,0.16666730246894743,91.29298163394698,12.875378354318125,6.854634606239564
moderate,aptos_5cf9127f251a.png,3216,2136,3,1.5056179775280898,3216x2136,51.934968765721955,33.74175178872835,0.2544775537108465,69.20459537997772,18.841337922366858,6.569053722135832
moderate,aptos_5d024177e214.png,3216,2136,3,1.5056179775280898,3216x2136,85.6470292207036,49.82547429166721,0.2536524423761343,114.0483379761269,12.081760499380733,3.640623073738494
moderate,aptos_5dc23e440de3.png,3216,2136,3,1.5056179775280898,3216x2136,69.3162333813144,42.00115184249115,0.2537694835746362,92.41726402995783,16.1526034820118,17.313566757103267
moderate,aptos_5e18af29d812.png,2416,1736,3,1.391705069124424,2416x1736,56.80930032502213,27.741896870343123,0.1663766613513596,67.75940227030202,14.228876418654563,10.000697392540543
moderate,aptos_5e52c9fe676f.png,2588,1958,3,1.3217568947906027,2588x1958,52.170196617372866,24.878338406577,0.041149494879328334,53.984845600352514,23.779500010042486,6.07052152143744
moderate,aptos_5e7630f8438e.png,3216,2136,3,1.5056179775280898,3216x2136,69.34275034588295,42.12218231186705,0.25520105465183446,92.57756654022123,16.327734984986567,6.120750988044594
moderate,aptos_5e7cc6ab4ac4.png,2416,1736,3,1.391705069124424,2416x1736,68.57607334551531,31.247357327368498,0.16613823549607837,81.83918512319138,10.585727874197627,9.657457863778395
moderate,aptos_5eb311bcb5f9.png,1504,1000,3,1.504,1504x1000,49.14885172872341,31.963966550751127,0.26489228723404257,66.64180962046017,15.310827245110756,28.087486378197152
moderate,aptos_5ed6dc419e4d.png,2416,1736,3,1.391705069124424,2416x1736,54.424222779396956,25.662125940188833,0.167106959746086,64.946372198208,11.316561720243655,10.633315575625392
moderate,aptos_5f70ad48a525.png,3388,2588,3,1.3091190108191655,3388x2588,60.010308567012586,35.31441032838797,0.24571403024402885,79.16079273772817,12.67325413389621,14.238725089433784
moderate,aptos_60e269e3e188.png,2416,1736,3,1.391705069124424,2416x1736,73.12978473006379,33.74211237127368,0.16649253631702626,87.33649725090443,12.395188329458737,9.46617547615938
moderate,aptos_60eeae3ba23d.png,3216,2136,3,1.5056179775280898,3216x2136,88.10392297641009,51.39071251193786,0.2528584837982373,117.14254336571068,14.127647504549538,3.699635002121559
moderate,aptos_61ac9b0dc6b9.png,4288,2848,3,1.5056179775280898,4288x2848,53.9936783013479,35.5872079463224,0.28163330446608253,74.64821520474236,15.748503460186168,5.191357609963708
moderate,aptos_61c2fbd16e38.png,2588,1958,3,1.3217568947906027,2588x1958,46.36299460225793,21.653356846657893,0.0951146803112661,50.60627536213868,18.131252865649767,12.648319303224428
moderate,aptos_624fb7317106.png,2416,1736,3,1.391705069124424,2416x1736,84.18780637722404,40.72737295302312,0.16636283265175328,100.58564858179264,19.32341917129365,10.347813724743723
moderate,aptos_62ab144d5cee.png,2144,1424,3,1.5056179775280898,2144x1424,53.8030694491028,33.35776468027077,0.2544588111059869,71.72645604761313,15.162125870537308,27.875837193939166
moderate,aptos_62cc7ddb53b6.png,3216,2136,3,1.5056179775280898,3216x2136,91.69530798721748,55.12327511921502,0.25207733569977825,121.8354561772227,21.412158321141682,5.901398320228378
moderate,aptos_62e6f814c8f5.png,2416,1736,3,1.391705069124424,2416x1736,91.44119512390515,42.58192680172003,0.1662915433210242,109.25454540254867,16.32840197383963,8.985132000466914
moderate,aptos_62ecdc90dd42.png,1050,1050,3,1.0,1050x1050,72.62643083900227,38.98181625984631,0.20935600907029478,91.50939387508102,14.775674486830871,44.74542969408834
moderate,aptos_6363b360aefb.png,3216,2136,3,1.5056179775280898,3216x2136,70.63783100531984,41.87941566253495,0.2543548351407755,94.14536274747336,13.393142203949843,5.1872082606464875
moderate,aptos_63c3c571b8ee.png,640,480,3,1.3333333333333333,640x480,107.67542643229167,19.074472341276007,0.010559895833333333,108.81244982826462,15.661147584665962,47.75980401271183
moderate,aptos_63d217b059b6.png,2416,1736,3,1.391705069124424,2416x1736,76.71846984962005,36.95971346254347,0.16672690893276773,91.65722021898232,17.34267589756823,9.723202364230287
moderate,aptos_64a13949e879.png,3216,2136,3,1.5056179775280898,3216x2136,81.00778571445208,47.6100487782204,0.25392451949056216,107.94607881682856,13.421121799980329,5.497925862779989
moderate,aptos_650fbed3fdca.png,3216,2136,3,1.5056179775280898,3216x2136,80.77168741382042,47.00955354290034,0.2538699293793206,107.52866481134917,11.891154798887703,4.041492992423177
moderate,aptos_6531070bf03c.png,3216,2136,3,1.5056179775280898,3216x2136,80.28401182290793,46.89488435384266,0.25343874028732744,106.83967896482535,12.761431670703237,3.6656732680756106
moderate,aptos_653534ded339.png,1050,1050,3,1.0,1050x1050,80.56451065759637,42.32215286295766,0.20793106575963718,101.32133417920976,13.73915620268388,44.97450644447446
moderate,aptos_657859f893d9.png,3216,2136,3,1.5056179775280898,3216x2136,71.20529040774592,43.23883389081731,0.2535485028043304,94.80953792532104,17.519331160802384,5.8415978306654655
moderate,aptos_65e530ee2e79.png,1467,1110,3,1.3216216216216217,1467x1110,73.91991930580888,37.36860881575696,0.09065015936181581,80.58650434439659,32.32940783791406,77.96179676568059
moderate,aptos_663a923d5398.png,2588,1958,3,1.3217568947906027,2588x1958,48.328818243389385,23.858416449236174,0.09427419393034245,52.70829843550227,20.613535218564678,12.951181927042766
moderate,aptos_6666c4f18396.png,3216,2136,3,1.5056179775280898,3216x2136,46.85881133890473,29.50040072995809,0.2546047850634468,62.41965979220373,14.707834208475672,17.509870877537374
moderate,aptos_668e853258cd.png,2588,1958,3,1.3217568947906027,2588x1958,40.05001515598827,22.29865974846578,0.09597233558515535,43.835592055242294,20.015189061435454,11.659706029041297
moderate,aptos_66bae1ba227f.png,4288,2848,3,1.5056179775280898,4288x2848,40.99039290468305,26.847070105094073,0.2827472702760775,56.675869660545175,11.601766733150713,5.186643399183832
moderate,aptos_66d2ca47aa44.png,2588,1958,3,1.3217568947906027,2588x1958,48.737864947514495,26.985349677966266,0.09585827098591282,53.42628702313469,24.000115461945885,12.262876076940936
moderate,aptos_6733544ae7a6.png,2588,1958,3,1.3217568947906027,2588x1958,81.8575986362768,36.705184223581426,0.00557673271625306,82.26086431059854,36.409679281897304,7.839913880696764
moderate,aptos_674057ab250c.png,2588,1958,3,1.3217568947906027,2588x1958,53.680409740564215,25.817832797489928,0.09428919204373766,58.66581000332933,21.73185055553364,13.448677441927128
moderate,aptos_67844c46bc61.png,3216,2136,3,1.5056179775280898,3216x2136,74.00642241740735,43.5810022780979,0.2547720491642909,98.68433897849509,12.570072136701715,4.570662293821118
moderate,aptos_67c03349bb31.png,1050,1050,3,1.0,1050x1050,70.3386566893424,38.23794249024294,0.209297052154195,88.59405104674505,16.01279107113574,39.218659692021326
moderate,aptos_6810410187a0.png,3216,2136,3,1.5056179775280898,3216x2136,79.41364397581381,46.52016665750596,0.2537429891739803,105.75515925654271,12.851995545123476,4.529101180395578
moderate,aptos_681c3c115684.png,2588,1958,3,1.3217568947906027,2588x1958,44.12018580294374,15.86115015942764,0.09539115869109097,48.168539732735766,10.305140289243976,12.017319663398519
moderate,aptos_686ed1dbae20.png,2144,1424,3,1.5056179775280898,2144x1424,63.983461816619155,37.42964374195361,0.254303556829616,85.32620034761555,9.34599211067363,18.853823135199814
moderate,aptos_6889bc64ab09.png,2588,1958,3,1.3217568947906027,2588x1958,41.39876372130032,18.164170981445054,0.09579946259391582,45.23535010571037,14.530077834340572,11.912458577404113
moderate,aptos_69591ebb198d.png,3216,2136,3,1.5056179775280898,3216x2136,69.68766449820187,40.58799264382606,0.25445528094545994,92.86721239998148,9.892974309914951,4.419812059790454
moderate,aptos_6987804eb464.png,1844,1226,3,1.504078303425775,1844x1226,98.95946290247812,64.6164768636823,0.28402419734388323,137.77636197840405,22.944627972145835,6.707513049381816
moderate,aptos_698d6e422a80.png,640,480,3,1.3333333333333333,640x480,92.84620768229166,22.365281080120717,0.010569661458333334,93.82597309452449,20.3644228300818,55.042633431487616
moderate,aptos_69df7ade0575.png,2416,1736,3,1.391705069124424,2416x1736,82.29269777901547,37.92142708251515,0.16630489516891994,98.2990361670438,13.574538481779438,11.53795787282126
moderate,aptos_6a91eb157f47.png,3388,2588,3,1.3091190108191655,3388x2588,64.71388437507413,37.53924709873445,0.2477584765943625,85.56459602393173,10.880327156370345,12.82090495237583
moderate,aptos_6b7cf869622a.png,2588,1958,3,1.3217568947906027,2588x1958,45.00646971249406,23.39417336966921,0.09493312420174514,49.11093706425447,20.667152846075222,12.267660867859899
moderate,aptos_6b869f37cdf3.png,2416,1736,3,1.391705069124424,2416x1736,50.5389564004944,25.22917086827644,0.16731725135044404,60.29953373278914,13.962641493654685,10.814944579348202
moderate,aptos_6ba5ed791444.png,3388,2588,3,1.3091190108191655,3388x2588,61.07738182675832,35.820059355521266,0.24873302719480883,80.8983456898414,11.323324063500827,12.540289824160887
moderate,aptos_6c2555a9cae4.png,2416,1736,3,1.391705069124424,2416x1736,69.00266989272744,35.13091125589991,0.16619331186864833,82.34442308726122,20.224407773715512,12.482164788654007
moderate,aptos_6c315ad3d07f.png,640,480,3,1.3333333333333333,640x480,103.29912760416667,29.978334981271757,0.010403645833333334,104.37302140761305,28.236111878483065,62.27297065471013
moderate,aptos_6cb98da77e3e.png,1504,1000,3,1.504,1504x1000,44.67034042553191,29.777413127128508,0.28608311170212763,62.33517519751223,12.288922666603211,29.235481278560368
moderate,aptos_6cbc3dad809c.png,3216,2136,3,1.5056179775280898,3216x2136,69.74261985368103,41.63351102085313,0.25392350047515233,92.8864441140431,14.616056290202955,5.061702689364765
moderate,aptos_6d3d1fe6c32a.png,2416,1736,3,1.391705069124424,2416x1736,64.83438797036652,31.65249695744769,0.16699299218726157,77.43123432570701,15.888468652892753,10.146408495436692
moderate,aptos_6d454444f17c.png,2416,1736,3,1.391705069124424,2416x1736,90.09624965666677,41.3815266636226,0.16673811494796595,107.69945408196696,14.020483929429531,9.596058672939295
moderate,aptos_6dcde47060f9.png,3216,2136,3,1.5056179775280898,3216x2136,76.84315780647326,45.01022025781031,0.2536843230010994,102.3367533217613,12.344491623271216,4.418147585993942
moderate,aptos_6dfd80748e72.png,2416,1736,3,1.391705069124424,2416x1736,49.77172345652638,23.166944339408303,0.16718754768517105,59.37316151735976,9.642819903889146,11.217015209924035
moderate,aptos_6e092b306fe1.png,2588,1958,3,1.3217568947906027,2588x1958,70.27117595470885,31.294993395889293,0.09522657413093827,77.08054660198283,24.40151800656479,14.710770833289946
moderate,aptos_6e68e742f5bc.png,3216,2136,3,1.5056179775280898,3216x2136,75.60063461368253,43.97561707464673,0.25377006586915607,100.70541386549786,10.378112007503685,4.945417455429738
moderate,aptos_6f0463c1ff18.png,3216,2136,3,1.5056179775280898,3216x2136,94.1791484408482,56.604964695086295,0.2537183872305141,125.45565259186161,20.919953362061076,4.593894967703849
moderate,aptos_6f4e0538d1e4.png,2416,1736,3,1.391705069124424,2416x1736,75.87303441724906,37.17042726228753,0.16680654316843166,90.65613124399066,18.65602812581125,10.586644909370506
moderate,aptos_709784f7fcc2.png,1844,1226,3,1.504078303425775,1844x1226,71.19583774191152,46.73328810109714,0.2846231152222454,99.10075039387021,17.804450222466418,7.2041814044179135
moderate,aptos_70ed3ec68b94.png,2416,1736,3,1.391705069124424,2416x1736,76.13747658658102,34.16298025627242,0.16647274697103792,90.93077552374741,9.249815132431195,11.37422201594256
moderate,aptos_70f5caf5f305.png,1050,1050,3,1.0,1050x1050,69.52301950113379,38.069993216196565,0.20949115646258504,87.72954760331186,15.832578046316312,46.170516948739696
moderate,aptos_7102f29e052e.png,3388,2588,3,1.3091190108191655,3388x2588,68.97660747816185,40.83871039651541,0.24841003979861645,91.30220503671521,14.572454544694203,10.990567662339979
moderate,aptos_711d1480d2e3.png,2416,1736,3,1.391705069124424,2416x1736,57.11680268066958,28.50307414912485,0.16726026757103182,68.18798467756783,15.579851760887223,11.733247007192203
moderate,aptos_71e4130bf5c8.png,3216,2136,3,1.5056179775280898,3216x2136,70.0237264636555,43.863755893523724,0.25441786852255577,93.32986181888613,21.103967275550605,5.192411339942028
moderate,aptos_7247a2c97f71.png,3216,2136,3,1.5056179775280898,3216x2136,66.10907409930684,38.361540261134756,0.25367355055248103,87.91759201700398,9.830860181302947,3.328272317705721
moderate,aptos_731b19a460ad.png,2416,1736,3,1.391705069124424,2416x1736,82.34709463789788,42.43352130681487,0.16628844378490554,98.43502835360893,24.559712235119086,10.02428700983047
moderate,aptos_7350c50667c5.png,2416,1736,3,1.391705069124424,2416x1736,84.43552750289926,38.781885842711375,0.16603666608172857,100.8379567778388,13.529723523144295,8.0737913712533
moderate,aptos_7356dd08b0ae.png,640,480,3,1.3333333333333333,640x480,74.28805989583333,17.533064838819417,0.010706380208333333,75.0805268647729,15.876353390420956,48.54848556136025
moderate,aptos_73e83a07a16d.png,2588,1958,3,1.3217568947906027,2588x1958,57.11229561123627,27.419361881149605,0.09498502556783647,62.6152020525139,22.623288575751605,13.294347043835884
moderate,aptos_74418f620068.png,3216,2136,3,1.5056179775280898,3216x2136,54.830141922643335,32.02839435262979,0.2546017280172173,73.01313231861208,8.797865014461708,5.2965454180784795
moderate,aptos_7455e2b5fc57.png,3388,2588,3,1.3091190108191655,3388x2588,61.947936302141024,36.58745903719872,0.24859582598096017,81.99341480962052,12.844454012967068,13.581208169763167
moderate,aptos_7550966ef777.png,2144,1424,3,1.5056179775280898,2144x1424,62.77358391067835,37.647169005369975,0.2544971333640785,83.74491028803257,13.147878990849721,25.83043480080211
moderate,aptos_757572337fd0.png,3216,2136,3,1.5056179775280898,3216x2136,67.23503139149757,38.961522489708415,0.25371765936236423,89.41757563746295,9.716189006819265,3.0631954045664833
moderate,aptos_75a7bc945b7d.png,2416,1736,3,1.391705069124424,2416x1736,55.53244761307108,27.679939224034957,0.16718921666615802,66.30933607790539,15.007978983599068,9.965092308374237
moderate,aptos_760b6f4c6d82.png,2416,1736,3,1.391705069124424,2416x1736,85.84957092883083,39.508271884467106,0.16634709654530472,102.5718448259639,13.830375742890725,7.249388672204859
moderate,aptos_7663aba8d762.png,2416,1736,3,1.391705069124424,2416x1736,91.27822294534135,42.62078236712153,0.1657352958006531,108.99349909818457,16.845246400665694,9.101154791732837
moderate,aptos_76c0c7e1b6cb.png,2416,1736,3,1.391705069124424,2416x1736,93.03942514572589,41.773233993458696,0.166051448484756,111.15523824472292,10.770615575776429,7.016970421552079
moderate,aptos_76cfe8967f7d.png,2896,1944,3,1.4897119341563787,2896x1944,35.470383265977766,33.985001085990525,0.4533615970943319,63.48519891937489,19.52880778657378,6.2738911552797525
moderate,aptos_76e6a9238570.png,3216,2136,3,1.5056179775280898,3216x2136,85.03590253321408,49.47148409267401,0.25321906967969143,113.17727336435527,12.231089788384791,3.618729848654734
moderate,aptos_76fe19ff64fb.png,3216,2136,3,1.5056179775280898,3216x2136,97.65476733257869,56.9338714401891,0.25345213306128533,130.05948051583385,14.092715469613205,3.3756604534831594
moderate,aptos_7743f4e04a6d.png,3216,2136,3,1.5056179775280898,3216x2136,75.09366964335625,44.05575406920952,0.25395072274395813,100.04454824715364,12.244129095605889,5.047058562726845
moderate,aptos_77543f66a84a.png,640,480,3,1.3333333333333333,640x480,92.447314453125,24.040885129855358,0.010576171875,93.42425588334962,22.22340456923027,28.102404750304746
moderate,aptos_77baa08a1345.png,2588,1958,3,1.3217568947906027,2588x1958,25.33268617789657,9.611584024991107,0.0972592131831838,27.606504109117093,7.006707595826439,9.97403096360252
moderate,aptos_77e7c7a160c8.png,1050,1050,3,1.0,1050x1050,69.6898022675737,37.654002296322005,0.20975056689342403,87.93218593974176,14.391506435890038,45.37111352167133
moderate,aptos_77f69c7ff324.png,2588,1958,3,1.3217568947906027,2588x1958,62.86597567463882,30.1545921143438,0.09322866755181848,68.56760385350148,25.572426040862887,13.780711991958588
moderate,aptos_7877be80901c.png,3216,2136,3,1.5056179775280898,3216x2136,54.249380875351704,34.08891424384899,0.25435541743529544,72.29677029772674,16.665874379925512,16.090298592783473
moderate,aptos_78a577c3e0bf.png,2588,1958,3,1.3217568947906027,2588x1958,69.44696311884978,33.96789034396254,0.09577420261346073,76.28142332136692,28.074807669842283,13.121013856668059
moderate,aptos_78d53c82a23e.png,640,480,3,1.3333333333333333,640x480,100.565,32.419364916891624,0.01072265625,101.64580495284726,30.877868146901303,103.48863007795548
moderate,aptos_79059d0592c4.png,3216,2136,3,1.5056179775280898,3216x2136,80.87378766280955,47.42220882040309,0.2535454457581009,107.62637954769772,13.769027137161592,5.183614776074321
moderate,aptos_79540be95177.png,3216,2136,3,1.5056179775280898,3216x2136,71.38398247526413,42.3164095499195,0.2540721311513593,95.10941345523149,13.596477797496057,5.643854530670074
moderate,aptos_799cb4c816ae.png,2416,1736,3,1.391705069124424,2416x1736,107.35982848597675,48.26988697913615,0.1655600527970214,128.21894011865862,12.810352094339548,9.474378991655522
moderate,aptos_79be2ff796bf.png,3216,2136,3,1.5056179775280898,3216x2136,78.00162620302048,45.81013271433856,0.2535144385749157,103.83879509895883,13.33249561985816,4.925734007084814
moderate,aptos_7a0cff4c24b2.png,3216,2136,3,1.5056179775280898,3216x2136,66.26618764207986,42.344590417684955,0.2532117909981926,88.24245526629888,22.214122137193428,20.29841165546289
moderate,aptos_7b8c78b41c0d.png,2588,1958,3,1.3217568947906027,2588x1958,66.91633065630165,40.663516270167065,0.06689375652220589,71.1997594078082,38.69940556267862,14.825672585749054
moderate,aptos_7bc2e0fa3f72.png,2588,1958,3,1.3217568947906027,2588x1958,42.868273346142246,17.31241023726422,0.095791174162829,46.81029991699952,13.005765383719503,12.093932591854916
moderate,aptos_7bda86d95c5b.png,3216,2136,3,1.5056179775280898,3216x2136,85.33445352241601,50.084584095616414,0.25560181885516237,113.96497169970534,12.75078098684371,4.928672109049174
moderate,aptos_7c2f820a6425.png,2416,1736,3,1.391705069124424,2416x1736,74.42870685445723,35.66094781356485,0.16692194128238777,88.94287645718067,16.26088902771234,11.192368889576855
moderate,aptos_7c52fe73e748.png,1504,1000,3,1.504,1504x1000,73.99886170212766,45.37182617447093,0.2646343085106383,100.39533630502989,12.892244190094285,32.40366463985002
moderate,aptos_7d1b40fdbd86.png,1050,1050,3,1.0,1050x1050,69.21367074829932,38.70518987805289,0.21002539682539684,87.19519098177042,18.878552867012456,44.02030091446342
moderate,aptos_7d1da90d3ca9.png,2588,1958,3,1.3217568947906027,2588x1958,93.46389776496535,42.95615446086387,0.08199369921362523,101.17522206913986,35.842115844142505,16.13610294474066
moderate,aptos_7d261f986bef.png,2144,1424,3,1.5056179775280898,2144x1424,61.65645667816116,36.576819693406286,0.25461078997568337,82.2493871156977,11.362872203155217,19.99029136506255
moderate,aptos_7d37a2939f12.png,3216,2136,3,1.5056179775280898,3216x2136,81.56482874135875,47.42906041017538,0.2541974700467699,108.68601272096062,11.059292704701218,4.135761057062622
moderate,aptos_7d8f67cadc29.png,3216,2136,3,1.5056179775280898,3216x2136,90.59544666065739,52.50235474004459,0.2532981161607692,120.58727650302883,11.832589227271672,3.7582576499459144
moderate,aptos_7dee6bf8b9c1.png,2416,1736,3,1.391705069124424,2416x1736,83.3021389660329,37.84789502129495,0.16629559656056397,99.5056274439093,11.802349549750792,9.134673650930168
moderate,aptos_7e6e90a93aa5.png,3216,2136,3,1.5056179775280898,3216x2136,57.08850061490301,34.63900783395351,0.2544893451748747,76.03324186376103,14.10261038567325,5.245692175854579
moderate,aptos_7e9458de5707.png,2416,1736,3,1.391705069124424,2416x1736,56.59529213843196,27.32997644666491,0.16689285332804346,67.53333840841303,13.402419432280162,10.77023615177329
moderate,aptos_7ec1ffe8220b.png,3216,2136,3,1.5056179775280898,3216x2136,65.61092608702741,38.73311198236803,0.25405524461028195,87.40393682885538,11.898244354712519,6.177449299441343
moderate,aptos_7f6ce40f306b.png,1504,1000,3,1.504,1504x1000,53.02007380319149,34.00957166340963,0.26503324468085104,71.9291860791214,14.980965070680242,28.744444356587675
moderate,aptos_7f84284598f5.png,2588,1958,3,1.3217568947906027,2588x1958,43.06911880558182,23.16855041631664,0.09629578174113888,47.19127586833398,20.431156817280428,11.77758528005088
moderate,aptos_8000a6b97a84.png,4288,2848,3,1.5056179775280898,4288x2848,51.25776787258406,35.137582134724546,0.2817074924272598,70.85854101522933,18.838988738414198,5.017697513573183
moderate,aptos_803120c5d287.png,3388,2588,3,1.3091190108191655,3388x2588,72.84454520819914,42.69961300224149,0.24612597603324032,96.22040775325428,14.077480777735449,15.797446411926506
moderate,aptos_807135cbc438.png,2588,1958,3,1.3217568947906027,2588x1958,33.39133945782609,14.983100682408189,0.0969408979607302,36.51766481100069,12.152466301091536,10.917997222686129
moderate,aptos_80b5a9519aec.png,2588,1958,3,1.3217568947906027,2588x1958,33.70295368108959,15.047446003016308,0.09656199825390385,36.73699141217935,12.456843507225834,11.330186228053766
moderate,aptos_80feb1f7ca5e.png,3216,2136,3,1.5056179775280898,3216x2136,62.339336353112714,36.17656949692795,0.2540994989937951,83.11728652028906,7.440991898926267,21.406239804203487
moderate,aptos_812d5adafaf2.png,2416,1736,3,1.391705069124424,2416x1736,76.96145154614399,36.43039415783086,0.16631991599780266,91.90243239077036,15.801653306542455,10.205006875150513
moderate,aptos_81b0a2651c45.png,2144,1424,3,1.5056179775280898,2144x1424,43.20443057710045,27.713322338248872,0.2551155301442227,57.56492730987163,14.918044671803447,19.503477826697107
moderate,aptos_81bc03e2ff2b.png,3216,2136,3,1.5056179775280898,3216x2136,52.16610853736933,32.60329321399104,0.2540507318277526,69.43077151855331,15.859916954047646,5.7429919384134465
moderate,aptos_82910bba4753.png,2588,1958,3,1.3217568947906027,2588x1958,119.24279991885231,43.46173082358502,0.00018846313542664897,119.26340072505862,43.439915214946275,11.152993776806584
moderate,aptos_82deb07a6618.png,3216,2136,3,1.5056179775280898,3216x2136,72.28201644516183,41.94203479562737,0.2535533067341197,96.20195673511878,9.990858450225783,4.61594225362781
moderate,aptos_82f2784ead76.png,3216,2136,3,1.5056179775280898,3216x2136,83.92734798619263,49.94168270474707,0.2547946130769374,111.98910295880367,16.004247275698088,5.121269077654394
moderate,aptos_83b61051737f.png,3216,2136,3,1.5056179775280898,3216x2136,91.88535436115303,54.03781035502299,0.25367820890864035,122.39330240414765,15.603913307163932,3.6121343194930122
moderate,aptos_83d6e40c869f.png,1844,1226,3,1.504078303425775,1844x1226,71.99351010109946,46.757105200335694,0.28482349173546406,100.24549442706133,15.952030394509332,4.942046046770463
moderate,aptos_840527bc6628.png,3216,2136,3,1.5056179775280898,3216x2136,82.21152867451134,48.16912055248374,0.2539876984459724,109.66954647927396,11.900876225758255,3.3381356531054034
moderate,aptos_8421107255ae.png,3216,2136,3,1.5056179775280898,3216x2136,92.83523030330556,53.66082734179021,0.2539565456891572,123.73203387492285,10.019762625721704,4.724062953914893
moderate,aptos_842d697884f6.png,1050,1050,3,1.0,1050x1050,76.72766802721088,41.187610926102515,0.20904126984126983,96.5690490715937,16.1542348117012,42.52328630071543
moderate,aptos_8446826853d0.png,3216,2136,3,1.5056179775280898,3216x2136,60.218932840479255,35.49969002911696,0.25410910685337357,80.27180796302747,10.339827279491773,20.748610047453063
moderate,aptos_84e8c62165b5.png,3216,2136,3,1.5056179775280898,3216x2136,83.20114883797305,48.49160862040446,0.2539695017422252,110.89155110362155,11.516205090031695,4.011277564304739
moderate,aptos_8543a801dce0.png,3388,2588,3,1.3091190108191655,3388x2588,55.11525289730643,32.67873471326086,0.24987762518498785,73.08760120787309,11.439175857085743,6.085161580253123
moderate,aptos_855f0a5442b6.png,3388,2588,3,1.3091190108191655,3388x2588,64.32300507382178,37.93241217219446,0.24799284774520128,85.1398648741899,12.877390258497845,6.527737340638449
moderate,aptos_857002ed4e49.png,3216,2136,3,1.5056179775280898,3216x2136,82.21152867451134,48.16912055248374,0.2539876984459724,109.66954647927396,11.900876225758255,3.3381356531054034
moderate,aptos_85cc6d636898.png,2416,1736,3,1.391705069124424,2416x1736,73.01560568750573,34.24458098892648,0.16658862193670462,87.20114267764544,14.11006971274173,9.423726370310217
moderate,aptos_85fce24084da.png,3216,2136,3,1.5056179775280898,3216x2136,85.52064132171539,49.45077040816164,0.2534640700989435,113.80775650730583,10.88179836918269,3.4288357236054745
moderate,aptos_86722fcd802c.png,2416,1736,3,1.391705069124424,2416x1736,75.46609775078585,37.605868710249126,0.16634447386089662,90.11950156985647,20.136977815399987,12.174027985127335
moderate,aptos_869bbd3170cc.png,3216,2136,3,1.5056179775280898,3216x2136,62.787139763495254,37.0507597578871,0.25471411085955986,83.71181364191177,11.078795067319941,5.518090129946178
moderate,aptos_86b3a7929bec.png,1504,1000,3,1.504,1504x1000,69.10077260638298,44.29024965568217,0.2644820478723404,93.69246415040783,19.498141396390302,33.921119210926896
moderate,aptos_86baef833ae0.png,3216,2136,3,1.5056179775280898,3216x2136,66.26618764207986,42.344590417684955,0.2532117909981926,88.24245526629888,22.214122137193428,20.29841165546289
moderate,aptos_86e7f98f73f1.png,3216,2136,3,1.5056179775280898,3216x2136,93.8457137882684,55.4284689389106,0.2509532161290924,124.4954431886291,18.90975188718576,4.396626408144782
moderate,aptos_86fbac86ed3e.png,2416,1736,3,1.391705069124424,2416x1736,71.96005866229743,37.89290982208525,0.16691574221015046,85.9801891873792,23.36406156114574,9.874749887976083
moderate,aptos_873fe0404d6e.png,4288,2848,3,1.5056179775280898,4288x2848,48.432464717319306,32.24042180633715,0.2805177828379172,66.82664043545093,15.440633922635655,4.94876207639946
moderate,aptos_876e1dd12d38.png,3216,2136,3,1.5056179775280898,3216x2136,82.67166042446941,48.63443906301643,0.25328792600667077,110.07257801329813,14.251072876814385,5.556769638603892
moderate,aptos_878a3a097436.png,3216,2136,3,1.5056179775280898,3216x2136,62.339336353112714,36.17656949692795,0.2540994989937951,83.11728652028906,7.440991898926267,21.406239804203487
moderate,aptos_879744b9dc65.png,3216,2136,3,1.5056179775280898,3216x2136,70.15813692539177,41.32143345473394,0.25390355688784544,93.46479358825196,12.203017246484734,5.284184031235452
moderate,aptos_87b1938994b5.png,3216,2136,3,1.5056179775280898,3216x2136,89.40343693517431,52.32151668389284,0.2533266485922448,119.04338802693609,14.074135318518854,4.324791649807282
moderate,aptos_882a71de424e.png,2416,1736,3,1.391705069124424,2416x1736,85.36737537957396,38.60927850702649,0.1665113719595935,102.01133417891995,11.168708489146761,7.18921260904602
moderate,aptos_8860c7b11530.png,3216,2136,3,1.5056179775280898,3216x2136,78.29984805024503,45.45231420409767,0.25370965281271546,104.24809301539885,10.683215101327649,4.332981621888032
moderate,aptos_8871e6a26596.png,3216,2136,3,1.5056179775280898,3216x2136,44.992851024605436,28.475852594632745,0.2543570187452252,59.954930026774164,14.396496859773636,5.441055489696959
moderate,aptos_891392c9683c.png,2588,1958,3,1.3217568947906027,2588x1958,38.092232279729025,15.258262964144611,0.09583458975423617,41.54406428557554,11.53494703990167,11.705699519902344
moderate,aptos_89b044cbaf85.png,2416,1736,3,1.391705069124424,2416x1736,90.56723418378246,42.17434809785142,0.1661847285378582,108.21156318483985,16.117194632406086,13.075191880922555
moderate,aptos_89b725411cee.png,2416,1736,3,1.391705069124424,2416x1736,67.37203994300668,33.239658932801724,0.16675361262855923,80.45280563995122,17.31538841830904,9.875813747423553
moderate,aptos_89d2a7403a06.png,2588,1958,3,1.3217568947906027,2588x1958,41.56235761659455,18.0289207676679,0.09612211937551013,45.49931662730906,14.080453807792328,11.826623387663211
moderate,aptos_89ee1fa16f90.png,2416,1736,3,1.391705069124424,2416x1736,129.61818841174048,57.850532791937184,0.16542176580095827,154.8317022667331,12.917904895785139,9.078222963475179
moderate,aptos_89fc080f7e83.png,3216,2136,3,1.5056179775280898,3216x2136,69.0187120343973,41.69855697051652,0.254506814010472,92.02077377143424,15.914310239038661,5.630987275649633
moderate,aptos_8a67f1efa315.png,2416,1736,3,1.391705069124424,2416x1736,82.93389142468033,39.94246132420898,0.16651447149571216,99.09370456135031,18.595702204659144,8.863375785685859
moderate,aptos_8a759f94613a.png,1504,1000,3,1.504,1504x1000,74.17254853723404,45.38565061986519,0.264719414893617,100.63488301433632,12.487191209986571,29.71156049610215
moderate,aptos_8aab201c0691.png,1844,1226,3,1.504078303425775,1844x1226,79.3745001645476,51.822600930288274,0.2844930695381697,110.50812881975398,18.60509135680561,5.674559751491268
moderate,aptos_8ab8d9b3ce3f.png,3216,2136,3,1.5056179775280898,3216x2136,93.93317704548419,55.628080574769385,0.25306665408910506,125.03625555109896,17.884582437683946,5.345004984643471
moderate,aptos_8acffaf1f4b9.png,1504,1000,3,1.504,1504x1000,63.26363430851064,40.135947331886555,0.2650398936170213,85.82739058061482,16.45048625355568,31.767005744919576
moderate,aptos_8b26d3cd61e8.png,2144,1424,3,1.5056179775280898,2144x1424,66.69568818914557,41.87081138692562,0.25461701324836494,89.00995255956859,19.90638523348093,20.81524868691252
moderate,aptos_8bdb891661a8.png,2588,1958,3,1.3217568947906027,2588x1958,68.46657315211402,40.28298305498151,0.09253618886887387,74.74273828150909,36.90991354153115,14.523745544935842
moderate,aptos_8c87bd748996.png,3216,2136,3,1.5056179775280898,3216x2136,66.69515891982037,40.09638545857359,0.25403559217023497,88.85367727557467,14.907229252074066,5.593714472200483
moderate,aptos_8cb6b0efaaac.png,2416,1736,3,1.391705069124424,2416x1736,80.6150788617359,39.65272404467809,0.16675170522171698,96.34049656774799,20.098983916300934,9.962503480366664
moderate,aptos_8cb6b5b2f19c.png,3216,2136,3,1.5056179775280898,3216x2136,59.044016661775395,34.87524427861223,0.2545484480686455,78.72737842835485,10.458868740491766,7.292547385394638
moderate,aptos_8d3d67661620.png,2416,1736,3,1.391705069124424,2416x1736,85.2810468611713,39.65699354899707,0.16620666371654408,101.87408108945874,15.151340840707988,9.975098565022938
moderate,aptos_8d62ba9cb22a.png,2588,1958,3,1.3217568947906027,2588x1958,52.35125581571581,27.97532570598151,0.09434839512292928,57.180154893694166,24.838342188169985,3.9342956331479204
moderate,aptos_8d7bb0649a02.png,2144,1424,3,1.5056179775280898,2144x1424,62.77358391067835,37.647169005369975,0.2544971333640785,83.74491028803257,13.147878990849721,25.83043480080211
moderate,aptos_8dba09a4e5ed.png,3388,2588,3,1.3091190108191655,3388x2588,61.32510300925715,36.792857422243145,0.24857849049924363,81.20095492619645,14.563640534051267,13.789899773249964
moderate,aptos_8dfa629ca74e.png,1050,1050,3,1.0,1050x1050,65.23765532879818,35.652435456197104,0.21055056689342402,82.3380076013824,14.857989475091726,34.250120864832226
moderate,aptos_8dfff47b06b7.png,3216,2136,3,1.5056179775280898,3216x2136,100.43879647874859,58.284428832786375,0.25251565789964037,133.57314366363627,14.01435358908459,4.13207603770802
moderate,aptos_8e20b8fac7c3.png,3216,2136,3,1.5056179775280898,3216x2136,81.2582068589636,47.68690587552254,0.2531422068030633,108.03588283827901,14.557892907071295,3.6532899032416437
moderate,aptos_8e3b79e1f1f7.png,2588,1958,3,1.3217568947906027,2588x1958,67.2747103785366,39.64358160330712,0.07583105335697246,72.20756067900265,37.14240262172841,14.08050908263181
moderate,aptos_8e63fc4ab532.png,3216,2136,3,1.5056179775280898,3216x2136,86.18641634989845,50.905632500345156,0.2537475019565096,114.80658542661173,15.62750414977394,5.091602926927869
moderate,aptos_8eb3337a54e9.png,3216,2136,3,1.5056179775280898,3216x2136,93.66771989187956,54.02315585195671,0.2531295418972553,124.71090826023178,10.012787330262164,4.394410339714245
moderate,aptos_8f1e7433a95d.png,3388,2588,3,1.3091190108191655,3388x2588,67.17835633173908,38.67142635934551,0.24494773352262464,88.5711073352439,10.5870347986267,13.012980510005507
moderate,aptos_8ff2733f6aef.png,3388,2588,3,1.3091190108191655,3388x2588,57.41847282617621,32.95227427723489,0.244857862735831,75.64481864678505,9.003651982806526,12.336241395194794
moderate,aptos_9033f1493da1.png,3216,2136,3,1.5056179775280898,3216x2136,91.6830314718542,52.85540423184844,0.2533200977788958,122.00175679561727,10.603606759203704,3.163428810810579
moderate,aptos_9041eb43456e.png,3216,2136,3,1.5056179775280898,3216x2136,98.45605161225707,56.7655552335737,0.25245437140141985,130.85724041960034,12.309642328249216,3.2911728689297974
moderate,aptos_907aaff827e5.png,3216,2136,3,1.5056179775280898,3216x2136,67.49882987916224,39.925988364994375,0.2532107719827827,89.79842400822147,13.05572034592352,5.871263848850042
moderate,aptos_913b1890ed1e.png,3216,2136,3,1.5056179775280898,3216x2136,90.58047805215496,54.34633099700144,0.2598968232340172,121.66700071812869,16.496574645680532,3.9098986349794993
moderate,aptos_917f76f360b6.png,2588,1958,3,1.3217568947906027,2588x1958,59.0029587725544,30.856948250116087,0.09390417468539483,64.40013150492555,27.211672094869108,13.242125194862007
moderate,aptos_91a88d3b0358.png,2416,1736,3,1.391705069124424,2416x1736,70.60833546327098,32.27121556490946,0.16619164288766136,84.2883099585118,11.085133039739056,11.817202473113632
moderate,aptos_91cbe1c775ef.png,2144,1424,3,1.5056179775280898,2144x1424,61.65645667816116,36.576819693406286,0.25461078997568337,82.2493871156977,11.362872203155217,19.99029136506255
moderate,aptos_91e2c2890c9f.png,2588,1958,3,1.3217568947906027,2588x1958,60.084464441051885,32.64667570415771,0.0910113148924951,65.45727837864477,29.243157476674806,13.814949127639073
moderate,aptos_91e8af9ceee9.png,3216,2136,3,1.5056179775280898,3216x2136,86.62022722296756,50.32807788372944,0.25395217848025786,115.41267420153787,11.42063733956398,4.4447863653078405
moderate,aptos_921433215353.png,3216,2136,3,1.5056179775280898,3216x2136,91.32498614139043,52.602124659955905,0.2543214987795107,121.76427363555683,8.19817238926781,3.8335138169970757
moderate,aptos_929cd3867815.png,2588,1958,3,1.3217568947906027,2588x1958,78.70515524626113,46.34600632659958,0.0727578215161356,84.30505161304878,43.42031662845385,14.709450034867986
moderate,aptos_92b0d27fc0ec.png,3216,2136,3,1.5056179775280898,3216x2136,54.150288177557904,33.46649151318291,0.253854789721803,72.11344280576999,15.158149009419239,17.663296025927966
moderate,aptos_92d8a7c8e718.png,2588,1958,3,1.3217568947906027,2588x1958,85.30012053746924,35.27902916872342,0.0008856780647065974,85.36692682491325,35.223202213634295,8.147377381002475
moderate,aptos_92f313287a29.png,2416,1736,3,1.391705069124424,2416x1736,60.730093586916716,27.997764087143434,0.16652877704702904,72.4651601599096,10.652558301130433,10.440516802292237
moderate,aptos_932181b93b2f.png,2416,1736,3,1.391705069124424,2416x1736,63.61061171491134,31.206743677701432,0.1670702421643727,75.97224093976907,15.952924914610488,10.990305366211937
moderate,aptos_94a67ec0714f.png,2416,1736,3,1.391705069124424,2416x1736,71.39361414494766,35.72921469592677,0.16686281167027803,85.28518649100656,19.382911439791215,9.33249581011443
moderate,aptos_94dcb491143f.png,3388,2588,3,1.3091190108191655,3388x2588,43.477998194372724,25.913450777016454,0.249155921709315,57.54079777213033,10.025603439946163,5.593032230681187
moderate,aptos_9568eb7e9c08.png,2588,1958,3,1.3217568947906027,2588x1958,46.76645786398448,19.37623773433394,0.09496805401846821,51.065790070456806,14.83586379212048,12.4864217683691
moderate,aptos_959dc602febc.png,3216,2136,3,1.5056179775280898,3216x2136,76.62713061564835,44.29630211374603,0.2535128372649859,101.96249050049913,9.810121049642936,3.9558306288010106
moderate,aptos_962cf85e4f6d.png,2416,1736,3,1.391705069124424,2416x1736,96.64760062524796,43.85721808214385,0.16649515900143436,115.53251411810407,12.866765534217302,9.919424695188612
moderate,aptos_96c3e3db68bc.png,3388,2588,3,1.3091190108191655,3388x2588,66.30094966506024,39.541555401454715,0.2484369554149658,87.8106923519681,14.760373373285196,14.169101690333516
moderate,aptos_96d48b073f18.png,1844,1226,3,1.504078303425775,1844x1226,88.13861985257951,57.47079803546002,0.28447493391556056,122.74777620688184,20.133492525218195,6.594738687340013
moderate,aptos_975252e325e3.png,3388,2588,3,1.3091190108191655,3388x2588,58.658017705913586,34.72437005519539,0.24455745708555882,77.25659463733137,13.473503527113674,13.130035495367904
moderate,aptos_9785805af1b8.png,640,480,3,1.3333333333333333,640x480,77.84612630208333,25.933580551648465,0.0106640625,78.67333609718219,24.811584346064823,67.17241249932184
moderate,aptos_97a5ad7548b7.png,3388,2588,3,1.3091190108191655,3388x2588,43.79756399986132,25.931639707629618,0.24895576532502203,57.94917576577036,9.530093608720678,5.265042179412225
moderate,aptos_97bf61736b86.png,3216,2136,3,1.5056179775280898,3216x2136,84.70223321594275,49.02564890492734,0.25265060465462946,112.54121722910641,12.172820180606246,3.3790730030824054
moderate,aptos_98104c8c67eb.png,2416,1736,3,1.391705069124424,2416x1736,55.53244761307108,27.679939224034957,0.16718921666615802,66.30933607790539,15.007978983599068,9.965092308374237
moderate,aptos_9837048b85dc.png,1504,1000,3,1.504,1504x1000,68.19136103723405,43.08254998257764,0.2653683510638298,92.79929332075888,15.63913214914121,117.92955091748959
moderate,aptos_98e8adcf085c.png,3216,2136,3,1.5056179775280898,3216x2136,35.94511160839063,21.310000358070237,0.25446314192147873,47.78033000134925,7.647802244869724,13.220877099486211
moderate,aptos_98f48850ebce.png,3388,2588,3,1.3091190108191655,3388x2588,65.30258969287,38.20994031404365,0.2447294433120624,86.04864321738556,13.197618184377767,14.622170433512133
moderate,aptos_98f7136d2e7a.png,1504,1000,3,1.504,1504x1000,58.90596609042553,37.2509044234259,0.2651914893617021,79.94548351719945,14.797850462310727,28.68179151561084
moderate,aptos_9904939ab83d.png,3388,2588,3,1.3091190108191655,3388x2588,43.67778437489165,26.312644198392057,0.24897846112016409,57.79148952971611,11.033156519085136,5.547296325655603
moderate,aptos_999115d9386b.png,3216,2136,3,1.5056179775280898,3216x2136,70.56974199694412,41.64690092369219,0.25383833990161553,94.0019681348664,12.69610496887722,6.12311700251508
moderate,aptos_99e8bf998285.png,3216,2136,3,1.5056179775280898,3216x2136,61.246650933068736,35.22139715623033,0.25388011953341905,81.46325773435638,7.253357684881968,3.123604676392995
moderate,aptos_9a28d4e8aef0.png,3216,2136,3,1.5056179775280898,3216x2136,99.02240552853709,58.29037970188973,0.2551883897460264,132.1571599981315,16.100593622468086,4.701965905945539
moderate,aptos_9a3c03a5ad0f.png,3216,2136,3,1.5056179775280898,3216x2136,59.166679477146104,36.43204504247776,0.25414302550915835,78.86960034913143,15.870412112993627,19.58935832075822
moderate,aptos_9a4f370d341b.png,2416,1736,3,1.391705069124424,2416x1736,94.75616163937804,42.56564958008573,0.16627199240089113,113.2266845534863,11.012117971579215,8.279163049886588
moderate,aptos_9a78c6a7b1c2.png,2416,1736,3,1.391705069124424,2416x1736,65.5281459337901,31.31071984730736,0.1667614806817835,78.24166656890094,14.396352503715027,12.108174759787723
moderate,aptos_9a7bd084395e.png,2588,1958,3,1.3217568947906027,2588x1958,68.60950240996002,36.53379941149696,0.09466217144264484,75.14277440469158,31.988569510651637,14.054859331527236
moderate,aptos_9a9b21215c55.png,2588,1958,3,1.3217568947906027,2588x1958,38.68292508205547,20.077484735800226,0.09516401621059245,42.27765933803976,17.595892719005228,11.487276073995185
moderate,aptos_9ad92f1c1542.png,2416,1736,3,1.391705069124424,2416x1736,75.45804277169103,37.207278719913056,0.1665888603625599,90.1290174462798,19.209616464477836,13.152036536681024
moderate,aptos_9b0eb9f41da4.png,2588,1958,3,1.3217568947906027,2588x1958,46.49247686738352,25.11301169774415,0.09599443806805355,50.85745571093358,22.33903748941356,12.599137134217067
moderate,aptos_9b32e8ef0ca0.png,2416,1736,3,1.391705069124424,2416x1736,64.92634214682455,33.505909751723145,0.16645486503189183,77.49262207043121,19.952251692518416,8.593676564123479
moderate,aptos_9b418ce42c13.png,1504,1000,3,1.504,1504x1000,62.67988630319149,39.16233854864613,0.2644554521276596,84.96445588239283,14.387895234536188,27.845370326498156
moderate,aptos_9b7b6e4db1d5.png,1504,1000,3,1.504,1504x1000,64.47483178191489,41.61039493077229,0.265094414893617,87.49507734565701,18.886535047869508,29.17252119091598
moderate,aptos_9b95d6203406.png,640,480,3,1.3333333333333333,640x480,78.05831380208333,30.6354678839615,0.010826822916666666,78.90319013801773,29.712811192946273,45.3280724404229
moderate,aptos_9c088d2d1559.png,2588,1958,3,1.3217568947906027,2588x1958,42.15117032646946,17.688848176050747,0.054699895644705746,44.02143828039489,16.341508619262445,4.525006787708099
moderate,aptos_9c5dd3612f0c.png,1504,1000,3,1.504,1504x1000,69.07000398936171,43.51382622622067,0.26521476063829785,93.9759880628024,15.424553926862298,130.1351436446073
moderate,aptos_9cedf5c7016b.png,2588,1958,3,1.3217568947906027,2588x1958,51.527781636941455,23.650992619202324,0.09478393244218228,56.23344121055024,19.60108139300875,12.74118524336992
moderate,aptos_9d74428188bb.png,3388,2588,3,1.3091190108191655,3388x2588,67.4675912028817,39.66696306558803,0.2446846219678874,88.92495855928551,14.188762674680362,12.33977806220054
moderate,aptos_9d98a0b585f2.png,1050,1050,3,1.0,1050x1050,72.79407346938775,39.86728138306191,0.20948843537414966,91.6723623383463,17.57584762780705,42.253201905267055
moderate,aptos_9d9bfefa809c.png,3216,2136,3,1.5056179775280898,3216x2136,103.95350552946876,61.298738600760664,0.2529146752194086,138.34362676612088,18.788656381436986,3.846691593081718
moderate,aptos_9da74370835a.png,2416,1736,3,1.391705069124424,2416x1736,70.41201823671682,32.98778185852945,0.16683443899349956,84.11867499341096,13.413555604781918,11.068489473988018
moderate,aptos_9dab2e6ba44b.png,2588,1958,3,1.3217568947906027,2588x1958,53.69037697363331,27.118588667732684,0.09563172053620624,58.876573005180994,23.06135482297186,13.065124175195189
moderate,aptos_9df31421cdd2.png,2588,1958,3,1.3217568947906027,2588x1958,59.15342379300709,34.87630730910813,0.09353237934807147,64.58129594824862,32.04293315576367,15.312127118025074
moderate,aptos_9e5ec293267c.png,3388,2588,3,1.3091190108191655,3388x2588,56.22991410725006,32.904220989939745,0.24868341578331743,74.46161925371892,10.212754530304021,6.6666878415010355
moderate,aptos_9eaac43744f5.png,3216,2136,3,1.5056179775280898,3216x2136,88.06937296779212,51.0052580388272,0.25296751844709037,117.16890132933929,11.610560848368152,3.5075018403832656
moderate,aptos_9f1efb799b7b.png,1504,1000,3,1.504,1504x1000,61.60253856382979,39.52885872388856,0.2648158244680851,83.5667028724348,17.417793432191772,25.5099377065255
moderate,aptos_9f4132bd6ed6.png,1504,1000,3,1.504,1504x1000,64.47483178191489,41.61039493077229,0.265094414893617,87.49507734565701,18.886535047869508,29.17252119091598
moderate,aptos_9f436886e056.png,1050,1050,3,1.0,1050x1050,62.03549931972789,33.63632029814884,0.21062857142857142,78.29306018049321,13.340706639607484,34.84934151650062
moderate,aptos_9f5a8665cf2e.png,2416,1736,3,1.391705069124424,2416x1736,51.354195675145725,24.058445724945106,0.16759334849085972,61.29665536224744,10.268619326435545,10.93043209372633
moderate,aptos_9faad91b6578.png,2416,1736,3,1.391705069124424,2416x1736,44.732599204229864,21.67753782461637,0.16769968642231514,53.36048698097349,10.983407668688104,12.42977166308174
moderate,aptos_a015ce4f51ad.png,3216,2136,3,1.5056179775280898,3216x2136,69.48809644427675,40.270374732932915,0.25377224947360577,92.43846348475329,9.870580165610777,3.2960296521607684
moderate,aptos_a01c590c444f.png,2416,1736,3,1.391705069124424,2416x1736,95.4511358130894,43.55999953961152,0.16626793916135135,114.07307184043555,13.790135870860555,6.699077955570459
moderate,aptos_a0267206d51e.png,2416,1736,3,1.391705069124424,2416x1736,87.3533347193823,39.50533277465808,0.1667843695638905,104.42016904110365,11.250389382763831,9.576527543917287
moderate,aptos_a04fb36db784.png,2416,1736,3,1.391705069124424,2416x1736,63.41843689916684,31.091978684409774,0.16707048059022797,75.7347876155769,15.89342156480372,12.620335435484675
moderate,aptos_a06e41bd2634.png,2416,1736,3,1.391705069124424,2416x1736,78.86776949751274,36.71967080121037,0.16646177938169499,94.20418672050334,14.302763734400381,10.009424973578117
moderate,aptos_a0a0cd8af5a6.png,1844,1226,3,1.504078303425775,1844x1226,68.76011879275141,52.42189402399604,0.28543966057191794,95.80630330597646,35.81911436393748,5.342204563963573
moderate,aptos_a0d04a19cf40.png,3216,2136,3,1.5056179775280898,3216x2136,84.26429314685933,48.92497251058414,0.2542082424953882,112.27150445704613,11.11737187420094,3.9996981849795143
moderate,aptos_a125377fb985.png,3216,2136,3,1.5056179775280898,3216x2136,98.62477785464066,57.748357330301715,0.2530585019658263,131.28173821901368,15.81249288420094,3.481297707587628
moderate,aptos_a150ff5dfe07.png,3388,2588,3,1.3091190108191655,3388x2588,64.236219660626,39.50706096748236,0.24494476824285732,84.67533045044033,19.011638836606583,12.430227194399404
moderate,aptos_a15470303941.png,2416,1736,3,1.391705069124424,2416x1736,61.209880558183535,30.231073758827506,0.16742215872676777,73.12417374909006,15.804006513838797,10.547527333057962
moderate,aptos_a15590a7d774.png,3388,2588,3,1.3091190108191655,3388x2588,73.96031440633274,43.61745689884555,0.2453430281254505,97.59106043109648,15.644079006376968,12.153153162279477
moderate,aptos_a15652b22ab8.png,2416,1736,3,1.391705069124424,2416x1736,64.92634214682455,33.505909751723145,0.16645486503189183,77.49262207043121,19.952251692518416,8.593676564123479
moderate,aptos_a19507501b40.png,3216,2136,3,1.5056179775280898,3216x2136,35.83208402044087,23.122819700329003,0.2548784634878044,47.65645069277838,12.99329870181536,15.392103866282062
moderate,aptos_a1b12fdce6c3.png,3216,2136,3,1.5056179775280898,3216x2136,38.0916157450109,25.308939821698083,0.2548350825460711,50.680919501338,15.410852319543945,13.259063968568313
moderate,aptos_a21b37719f9b.png,2416,1736,3,1.391705069124424,2416x1736,69.17672935041352,31.9148774389207,0.16670211264381848,82.61823154119115,11.766358543893377,9.216239134882207
moderate,aptos_a2ad3da4c7d6.png,2416,1736,3,1.391705069124424,2416x1736,71.5390779976806,33.32899400393425,0.16651757103183082,85.42684734587954,13.207296505154021,8.955006407065515
moderate,aptos_a2d349f567a6.png,1050,1050,3,1.0,1050x1050,77.7830149659864,41.632463997919906,0.20884897959183674,97.87833106332631,16.022272587702556,43.48092687673471
moderate,aptos_a3475dc3ac80.png,2416,1736,3,1.391705069124424,2416x1736,68.22960242965483,31.990430746275372,0.16650159649952695,81.45688488514489,13.302578826656104,9.67682757842576
moderate,aptos_a3706ce27869.png,1050,1050,3,1.0,1050x1050,76.75077823129251,43.10841500293833,0.2095092970521542,96.8194846680956,20.688832093792538,47.33496769605257
moderate,aptos_a3802934bad7.png,640,480,3,1.3333333333333333,640x480,90.04697916666667,17.12691271981223,0.010651041666666666,91.00732739333,14.48718307541098,42.66781365685993
moderate,aptos_a386ec9aabde.png,2416,1736,3,1.391705069124424,2416x1736,64.48066676267281,30.744399484327907,0.1668427838984344,76.98801885755756,14.029695464709675,9.629232297172395
moderate,aptos_a3957df90a78.png,3216,2136,3,1.5056179775280898,3216x2136,92.28742421436823,54.24763814516957,0.25360134603201223,122.91619027818383,15.597111019053296,3.4382913077365336
moderate,aptos_a3b2e93d058b.png,2144,1424,3,1.5056179775280898,2144x1424,44.77293341491279,28.75838240509055,0.25475523541002854,59.64435360312648,15.53953729022639,24.115593030636596
moderate,aptos_a4359815f152.png,2588,1958,3,1.3217568947906027,2588x1958,50.04917368288936,23.918790570038613,0.09560705258654306,54.851053736618,19.78154151009049,12.77430838956657
moderate,aptos_a45d77edf8d9.png,3388,2588,3,1.3091190108191655,3388x2588,68.03607513745212,42.09630246745496,0.24583971248647377,89.79786531320727,20.5717684725513,11.62058161233582
moderate,aptos_a476fd984005.png,3388,2588,3,1.3091190108191655,3388x2588,48.12794007488928,28.39027933796147,0.24928297254242174,63.735117233165134,9.8185197136308,5.977530592108408
moderate,aptos_a47878630dc2.png,2588,1958,3,1.3217568947906027,2588x1958,46.948874588933286,27.777790355771817,0.09530748500583347,51.420401618374854,25.35761482848162,12.23616483228815
moderate,aptos_a49b0b4484ea.png,2588,1958,3,1.3217568947906027,2588x1958,51.8642051078838,23.678109756013885,0.09440996632528856,56.662927063130596,19.367667714060836,13.176093834357287
moderate,aptos_a4d41c495666.png,2588,1958,3,1.3217568947906027,2588x1958,50.61309505014896,23.833636402536538,0.09653358077589187,55.49517172807553,19.537342411467638,12.745084960320495
moderate,aptos_a505981d1cab.png,2144,1424,3,1.5056179775280898,2144x1424,52.472374237485326,31.296417804625538,0.25496584405919837,69.9818062797878,10.585716693379288,19.936962504296122
moderate,aptos_a56230242a95.png,1504,1000,3,1.504,1504x1000,85.42174002659574,52.06970220142082,0.2639554521276596,115.79471568033199,13.721998687120609,28.63894650712284
moderate,aptos_a56729de89e9.png,1050,1050,3,1.0,1050x1050,88.02378231292516,44.716458230378294,0.2063673469387755,110.27817664403757,10.891588870955454,51.82123594531578
moderate,aptos_a62ea0043aa7.png,2416,1736,3,1.391705069124424,2416x1736,75.43199736968596,34.93795461886363,0.16663606868190559,90.11603579117524,13.065674232351707,10.878342728608057
moderate,aptos_a64273801bde.png,2588,1958,3,1.3217568947906027,2588x1958,87.02901602114261,30.974336602475628,0.09121714426448463,94.98430124651499,19.020013426415183,16.270245874322157
moderate,aptos_a664d2055886.png,2416,1736,3,1.391705069124424,2416x1736,88.23646599475082,40.596314797886784,0.1660414345988342,105.38369200481793,14.328566449523832,10.291139186902834
moderate,aptos_a66c3165876f.png,2416,1736,3,1.391705069124424,2416x1736,58.0068916993469,27.640516901152143,0.1657786893063143,69.14765048497073,12.925221197767003,8.67549787783759
moderate,aptos_a688f20f8895.png,3216,2136,3,1.5056179775280898,3216x2136,75.54646593809976,44.081918708838835,0.2562097343339482,100.9422011498471,9.754122530437714,3.580086737278352
moderate,aptos_a6c9e96a10d7.png,640,480,3,1.3333333333333333,640x480,83.71468424479167,24.244699361579464,0.010791015625,84.6170163055103,22.775978075947425,27.150319232675763
moderate,aptos_a721efb1e049.png,3216,2136,3,1.5056179775280898,3216x2136,76.24535110612668,45.00548822795798,0.25377617996161517,101.56392511098123,13.715485487480105,5.219566809988074
moderate,aptos_a790a3b36390.png,2416,1736,3,1.391705069124424,2416x1736,54.45639524903104,26.420682838561834,0.16723070276497695,64.99377573343419,13.198309210237758,11.70891374092966
moderate,aptos_a7b0d0c51731.png,1504,1000,3,1.504,1504x1000,66.54558710106383,40.401451749474965,0.2644714095744681,90.25118894267493,9.702102938716923,31.85663980952169
moderate,aptos_a7b7dc8788b9.png,3216,2136,3,1.5056179775280898,3216x2136,80.98107571925019,47.61289036555991,0.25343655668287773,107.79034654889172,14.154011296390582,4.414102526244176
moderate,aptos_a804cef3e51f.png,3216,2136,3,1.5056179775280898,3216x2136,68.6305383487525,40.506232490924724,0.2546857240017143,91.51185700189302,12.06354742667757,4.840790464470952
moderate,aptos_a8652b2de23f.png,2416,1736,3,1.391705069124424,2416x1736,80.8493551534318,42.05523428772617,0.16242928289132358,96.0754588989954,26.15486706195007,8.18239959384097
moderate,aptos_a86c6283fd78.png,2416,1736,3,1.391705069124424,2416x1736,84.73510100672934,41.3850214874706,0.16455961790826137,100.9690914684542,21.174735510093157,7.235818420100078
moderate,aptos_a879c3569552.png,3216,2136,3,1.5056179775280898,3216x2136,77.19345046769895,46.05031637850683,0.25410546751262414,102.88068905486716,15.688553638171074,6.171111172215132
moderate,aptos_a87f53bc984a.png,3216,2136,3,1.5056179775280898,3216x2136,99.85873272914453,58.73891183268705,0.2532822486351016,133.0014325024832,16.837365114755627,4.055631799325085
moderate,aptos_a88f68b0b114.png,3388,2588,3,1.3091190108191655,3388x2588,71.02357671133139,40.84469811497569,0.24819038099739238,94.05947959450695,8.985815070418344,13.21302717811356
moderate,aptos_a8e08e7fe016.png,2416,1736,3,1.391705069124424,2416x1736,63.36542815561388,33.2518653314381,0.16684683713797419,75.65198771402514,20.549236991191645,12.226201046066354
moderate,aptos_a8eb35b3bcd2.png,2416,1736,3,1.391705069124424,2416x1736,89.52772988067262,41.37619881060654,0.16611582346568193,106.95187103086614,15.010733699262923,11.107794710423988
moderate,aptos_a93f1ea3ff4a.png,3216,2136,3,1.5056179775280898,3216x2136,100.6523719184974,58.36923995807065,0.2533535797137906,134.04754615670322,12.681631165735906,4.661868676138473
moderate,aptos_a9a28c37c8c4.png,3216,2136,3,1.5056179775280898,3216x2136,73.51044461680362,44.412840421477114,0.25399162893398175,97.95447304108096,17.069389081014595,5.706255409520306
moderate,aptos_a9c7b83caf81.png,2588,1958,3,1.3217568947906027,2588x1958,54.02462098188702,26.19187700657397,0.019802640615206823,54.92511291619539,25.669215887320696,17.765321884622445
moderate,aptos_a9d0c900b6a9.png,2588,1958,3,1.3217568947906027,2588x1958,57.40185037250578,27.539520353441556,0.0954436520879742,62.92491287533854,22.775604299233372,13.509089832454668
moderate,aptos_aa0afc41ed19.png,2416,1736,3,1.391705069124424,2416x1736,67.17178845141453,30.628707546878374,0.16658480712302012,80.19549905735677,10.361935715282183,9.817279243235719
moderate,aptos_aa31bc6b8f4d.png,3216,2136,3,1.5056179775280898,3216x2136,86.3515061630052,50.29895003494714,0.2530197793802523,114.79650781636111,13.739085103185932,3.041177536584194
moderate,aptos_aa5ce75edcf5.png,2416,1736,3,1.391705069124424,2416x1736,50.49043793107395,24.73265415091766,0.1669469759971923,60.21419811440908,12.956372854958284,13.059992952130296
moderate,aptos_aa841de1ee82.png,2588,1958,3,1.3217568947906027,2588x1958,76.8263423706176,34.954666210139784,0.09382819740043226,84.1462857655567,27.877603537229703,15.7135824098959
moderate,aptos_aa9b8f05f4bf.png,2416,1736,3,1.391705069124424,2416x1736,76.01650336085086,34.88199566553136,0.16652830019531847,90.79388808107727,12.185468702715111,8.84559040915185
moderate,aptos_aa9cfe639ef1.png,3388,2588,3,1.3091190108191655,3388x2588,64.42734984735652,37.91209428769595,0.24868889014596476,85.3443528178075,12.393834191268466,7.074104052122184
moderate,aptos_aad0c0ee9268.png,1050,1050,3,1.0,1050x1050,87.65529523809523,48.208873473407,0.20903673469387754,110.45699207717104,21.22454726198613,44.52314625444254
moderate,aptos_ab50123abadb.png,1504,1000,3,1.504,1504x1000,57.91193218085106,36.48174258353856,0.2649847074468085,78.56257151980664,14.182942801061795,26.490412694868642
moderate,aptos_abf09c44d5f4.png,3216,2136,3,1.5056179775280898,3216x2136,68.64563084041403,41.172960383709025,0.2545365110309874,91.47390413619252,15.048794353380972,4.952181098358614
moderate,aptos_abf0f56c6f12.png,3216,2136,3,1.5056179775280898,3216x2136,81.54551738032683,47.703054291447394,0.25579776096111206,108.8922388675728,11.573875635530264,3.493936842418607
moderate,aptos_ac2c814949f9.png,3216,2136,3,1.5056179775280898,3216x2136,80.56200475851081,46.77790640946637,0.2538847778895783,107.26065869504225,11.170391872745498,4.48619786686077
moderate,aptos_ac5b5dddf91b.png,2416,1736,3,1.391705069124424,2416x1736,65.40929302919095,33.65992311615789,0.16697892506179998,78.11574867402229,19.827461740607617,10.133951935707113
moderate,aptos_ac720570dd0f.png,2588,1958,3,1.3217568947906027,2588x1958,43.19093841616765,26.593057286736098,0.11411334311105077,47.879757597196914,24.601875632687094,11.88805033157476
moderate,aptos_aca88f566228.png,3216,2136,3,1.5056179775280898,3216x2136,57.24006867581568,34.378993896474284,0.25434115121955764,76.30312613049325,12.493644413932289,14.45355356230946
moderate,aptos_acc9f29538c4.png,3216,2136,3,1.5056179775280898,3216x2136,79.30666817480947,46.29249532042645,0.2535467559207707,105.60314220811487,11.972015915496977,4.283685005082619
moderate,aptos_ad570b850a4f.png,2588,1958,3,1.3217568947906027,2588x1958,56.754054424206636,25.604491656017963,0.09551272234703108,62.25764359921384,20.18874584178877,13.053485837830927
moderate,aptos_add1d681d712.png,640,480,3,1.3333333333333333,640x480,90.87920572916667,22.840402283069952,0.010706380208333333,91.85322018617292,20.94507450601959,51.132799724059645
moderate,aptos_ae1344610ebe.png,1844,1226,3,1.504078303425775,1844x1226,61.79377010400116,42.04327850108197,0.2851406439649956,86.02093169169997,20.35044532517294,6.208970563922834
moderate,aptos_ae8424cdb029.png,2588,1958,3,1.3217568947906027,2588x1958,75.53964238182671,28.631633468167202,0.028997865531651543,77.50328359919786,26.669737291127188,14.451803562367562
moderate,aptos_aed4e743c230.png,2416,1736,3,1.391705069124424,2416x1736,55.674476464506974,27.925369993922182,0.16729173978392894,66.46137651126334,15.52090613779894,10.966816361332986
moderate,aptos_aef9016557ca.png,640,480,3,1.3333333333333333,640x480,95.06485677083333,16.37975676315465,0.010556640625,96.06980592649619,13.246654025527478,29.056210198974604
moderate,aptos_af828dab3ffc.png,3216,2136,3,1.5056179775280898,3216x2136,75.86112668748952,43.95228595094749,0.253983767957963,101.0848045511649,9.180014394334384,4.043981702443736
moderate,aptos_af831c158744.png,3216,2136,3,1.5056179775280898,3216x2136,72.87127942916504,44.033185339201566,0.2550227269551121,97.2302179430737,16.606653923152876,5.429398951060766
moderate,aptos_af8aa32beee4.png,2416,1736,3,1.391705069124424,2416x1736,93.70039883877071,43.07355562082599,0.16658552240058597,111.9923647262885,14.749023200045578,9.833305277805897
moderate,aptos_b033ab4fb723.png,1844,1226,3,1.504078303425775,1844x1226,67.13265500207011,45.64545492148867,0.2849676920518201,93.46460481099656,21.922747078882953,5.731168133990463
moderate,aptos_b06dabab4f09.png,1504,1000,3,1.504,1504x1000,39.124630984042554,28.22971574000407,0.2865159574468085,54.58494147687032,16.80592838336138,29.701245291898474
moderate,aptos_b0cc9f8d06e4.png,3388,2588,3,1.3091190108191655,3388x2588,46.11005909574478,27.10811562245768,0.24836305151922689,60.98378444239333,9.318562429114387,5.851947800809674
moderate,aptos_b0d35981708b.png,3216,2136,3,1.5056179775280898,3216x2136,84.96156943512773,49.44402285406289,0.2539329627611009,113.20665793173288,11.613782587681088,3.773158114496386
moderate,aptos_b0d6417bad3e.png,2416,1736,3,1.391705069124424,2416x1736,63.94745117992187,31.734726232606075,0.16659696684163947,76.32451317273738,16.99474239138708,9.9938970133573
moderate,aptos_b0eeae01b8ab.png,640,480,3,1.3333333333333333,640x480,84.90184244791666,19.996260079782473,0.010703125,85.81187646423965,18.07707021104929,27.693266666666666
moderate,aptos_b13d72ceea26.png,1504,1000,3,1.504,1504x1000,75.48414760638298,49.242097527566635,0.28506382978723405,105.28028651568358,16.639509220926975,27.67392996768856
moderate,aptos_b187b3c93afb.png,1504,1000,3,1.504,1504x1000,60.486766622340426,37.76942937909436,0.2646908244680851,82.03034166587545,13.650448286180886,29.301101291944445
moderate,aptos_b1f4122fd36a.png,2416,1736,3,1.391705069124424,2416x1736,72.8908233703116,33.104921284068745,0.16668184644611958,87.06072731319972,10.511010343595224,8.37732059854652
moderate,aptos_b2748ac28fc1.png,4288,2848,3,1.5056179775280898,4288x2848,69.3687963797585,45.60396882051433,0.2789413296054838,95.6254186762483,20.31082345086795,5.454998696267746
moderate,aptos_b2aaa81cc8f0.png,1504,1000,3,1.504,1504x1000,56.5366522606383,36.90452634645879,0.26142952127659574,76.31986748408819,18.62107341282134,11.132170707954323
moderate,aptos_b376def52ccc.png,1504,1000,3,1.504,1504x1000,71.07498936170212,43.66684179184884,0.2645797872340426,96.4128474457359,12.885413073988897,27.47743048988336
moderate,aptos_b3c0c3330278.png,3216,2136,3,1.5056179775280898,3216x2136,61.0452311825703,38.041809574521025,0.2563803466282818,81.54074103946144,17.534956275599182,4.1561406666509795
moderate,aptos_b3d12069e1c5.png,2588,1958,3,1.3217568947906027,2588x1958,49.647073868076596,25.100055144158045,0.0945510669973619,54.207411209443386,21.8109111640473,13.579725826418567
moderate,aptos_b402b18d99a5.png,2416,1736,3,1.391705069124424,2416x1736,90.22847467535935,40.28797028374641,0.16605717070528275,107.78916591831839,9.444804148380387,7.179993385000923
moderate,aptos_b402daa0864c.png,3216,2136,3,1.5056179775280898,3216x2136,58.20869304577301,33.98393994194801,0.2539304880093912,77.40987666028232,9.791361344518391,3.675733865571523
moderate,aptos_b468ebf5cb11.png,3216,2136,3,1.5056179775280898,3216x2136,81.44655919256712,47.88203648573985,0.2539564001155272,108.52790089239615,13.603239765007814,3.86112070547574
moderate,aptos_b498b84d383f.png,3388,2588,3,1.3091190108191655,3388x2588,65.66050089962026,39.050840774555255,0.24559211162590394,86.63516392212141,15.161914553375059,12.791282165995073
moderate,aptos_b574d229ec4c.png,3216,2136,3,1.5056179775280898,3216x2136,97.3004073441314,58.333054224469834,0.25611918753610224,130.06869984463788,19.534852327260836,4.096654009665345
moderate,aptos_b5c80d0ed0ff.png,1050,1050,3,1.0,1050x1050,76.76375238095238,41.44327379223376,0.20957006802721087,96.74100951403926,16.373300263281163,48.949211373860905
moderate,aptos_b60dbf9f0744.png,2416,1736,3,1.391705069124424,2416x1736,63.71545328569903,29.447184625277952,0.16673048532059695,76.06032111555221,11.249976663819284,13.095604466464682
moderate,aptos_b6304c545f95.png,2588,1958,3,1.3217568947906027,2588x1958,27.137762013094143,12.094214412197129,0.09685682958827811,29.494223206768666,10.222769961181346,10.426412151312197
moderate,aptos_b65ff67743b2.png,3216,2136,3,1.5056179775280898,3216x2136,77.8537491614959,45.119816227417495,0.2536279860062981,103.72557074063167,9.396270826166218,4.011905152568501
moderate,aptos_b665041e1633.png,2588,1958,3,1.3217568947906027,2588x1958,32.57503003569551,15.10525300369894,0.09645286724459397,35.5857905169936,12.588087672064505,10.832574481218597
moderate,aptos_b746a6681ba9.png,3216,2136,3,1.5056179775280898,3216x2136,68.31183763998361,40.728759292699,0.2540443265880336,90.99745621310436,14.06344071361693,4.128406855158684
moderate,aptos_b762c29cf2f3.png,2416,1736,3,1.391705069124424,2416x1736,77.56619655446028,36.01886630123415,0.16683706167790766,92.6982825821192,13.586950176134902,11.171697836655218
moderate,aptos_b82d5f1f1145.png,1844,1226,3,1.504078303425775,1844x1226,55.67754730301175,36.824392393106244,0.2849402674517769,77.44358260437087,15.285069120540127,6.968350652142883
moderate,aptos_b83a6eca125f.png,3216,2136,3,1.5056179775280898,3216x2136,67.48261355907728,39.89046344042579,0.25380019961056144,89.83579653007153,12.787017867835154,4.579505763669432
moderate,aptos_b89938407ee6.png,2588,1958,3,1.3217568947906027,2588x1958,76.44332804978743,40.37578334424078,0.09456626245435443,83.87008675471458,34.88692317240585,15.425375306495564
moderate,aptos_b8ac328009e0.png,1504,1000,3,1.504,1504x1000,80.21505385638298,48.685424591589225,0.2642553191489362,108.77695470647774,11.585954164480073,31.525143862677822
moderate,aptos_b8f1b30877db.png,2416,1736,3,1.391705069124424,2416x1736,54.97337331575976,25.396134518862397,0.16724000137333292,65.61334561785554,9.874235453362688,9.916855656291268
moderate,aptos_b8fb9f55cd6d.png,3216,2136,3,1.5056179775280898,3216x2136,78.13166945585742,45.744749756311556,0.2539984708945907,104.06641090512073,12.518386699051385,5.0413643061902444
moderate,aptos_b9127e38d9b9.png,1504,1000,3,1.504,1504x1000,63.63902260638298,40.80134902536169,0.2651735372340426,86.37959280804286,17.750888274304906,28.582983809740963
moderate,aptos_b91ef82e723a.png,3216,2136,3,1.5056179775280898,3216x2136,81.65875765134999,48.262864773733014,0.2542380850895336,108.83706261996335,14.757325900485707,3.98311183560807
moderate,aptos_b927a9238434.png,3216,2136,3,1.5056179775280898,3216x2136,78.49502720479997,45.48503302050991,0.25357368704231653,104.50100604916682,10.214539854256302,4.927634899415397
moderate,aptos_b95d4dd8e5e2.png,3216,2136,3,1.5056179775280898,3216x2136,88.61980112895262,52.48313653039213,0.2554661442320234,118.31006711724332,15.769047915084258,5.536040663423148
moderate,aptos_b98f77098b9d.png,2588,1958,3,1.3217568947906027,2588x1958,58.44399507114631,21.711589384562462,0.050282359219024554,61.018008905128056,19.093840076141664,5.883146935665253
moderate,aptos_b99794a0beed.png,3216,2136,3,1.5056179775280898,3216x2136,102.3928054018298,59.683498258262524,0.25225289749753105,136.07212050253128,16.32803509530643,2.992567729776486
moderate,aptos_b99c825b93c5.png,3216,2136,3,1.5056179775280898,3216x2136,61.13752690200682,37.97171672146975,0.25485124121899866,81.49642126419816,17.56004029832632,4.99606949856322
moderate,aptos_b9b6ee2b9453.png,1467,1110,3,1.3216216216216217,1467x1110,76.71978604371242,30.534963068948528,0.09340444739217746,83.99660428660553,21.47811605258155,85.7427210678576
moderate,aptos_ba25f947f4ec.png,3216,2136,3,1.5056179775280898,3216x2136,98.2638957308495,56.90892228053225,0.25040382124955746,130.2953526508091,14.916895887523767,4.688037296043366
moderate,aptos_ba2624883599.png,3216,2136,3,1.5056179775280898,3216x2136,98.68897509759256,58.0351554064236,0.2532113542773026,131.56871928345808,15.50402002838618,10.299784276068992
moderate,aptos_bb733062f494.png,3216,2136,3,1.5056179775280898,3216x2136,92.73650139401308,53.935210067482224,0.25333844005627293,123.44242253853942,13.191788898175,3.6191522979966826
moderate,aptos_bc23f74e14dd.png,2588,1958,3,1.3217568947906027,2588x1958,32.65097278552856,16.318101782509398,0.09737781668516433,35.71511792772015,14.089413311977594,10.605174270043719
moderate,aptos_bca2bdc15fc5.png,2588,1958,3,1.3217568947906027,2588x1958,55.25872199497011,25.391236680684305,0.09422170053345921,60.33118983741095,20.942253726777608,13.315383091059886
moderate,aptos_bcc762618e7d.png,1844,1226,3,1.504078303425775,1844x1226,90.01465446773274,58.9705820634289,0.28461692257062277,125.3945271681533,21.516811405435536,6.506365986681598
moderate,aptos_bcdc8db5423b.png,3216,2136,3,1.5056179775280898,3216x2136,62.56084264422271,37.1359992134757,0.25401361055210836,83.40363015739607,11.758509372428481,18.753059355714278
moderate,aptos_bda7ff3b1562.png,3388,2588,3,1.3091190108191655,3388x2588,57.417938961768876,33.46047169908448,0.2448956130282532,75.64816283796193,11.201120934399981,13.248660603328362
moderate,aptos_bda8c973b09d.png,3216,2136,3,1.5056179775280898,3216x2136,79.9663500731362,46.42242074468292,0.25410110030372485,106.53190309649366,10.565976536191005,3.2935395724344416
moderate,aptos_bdb98063fe84.png,2588,1958,3,1.3217568947906027,2588x1958,61.0689007409068,28.096745768346327,0.09317854227810292,66.5999941242269,23.282374440688145,13.596382216678977
moderate,aptos_be161517d3ac.png,1504,1000,3,1.504,1504x1000,62.67988630319149,39.16233854864613,0.2644554521276596,84.96445588239283,14.387895234536188,27.845370326498156
moderate,aptos_be21d8b60e2a.png,1050,1050,3,1.0,1050x1050,67.5472589569161,37.00018107042252,0.21015056689342404,85.32250585375209,15.14497745078867,45.96272107632108
moderate,aptos_be68322c7223.png,3216,2136,3,1.5056179775280898,3216x2136,85.38237621583096,52.393921487201894,0.2534302970167887,113.70265954667164,22.628211364910705,4.33190743773314
moderate,aptos_be7bc89f5fec.png,640,480,3,1.3333333333333333,640x480,81.11702799479167,17.950446087350954,0.010641276041666667,81.97850827983983,15.997608202744582,22.83142572529051
moderate,aptos_bf1b7e21e774.png,1844,1226,3,1.504078303425775,1844x1226,69.55175110494598,45.575232520313165,0.2848265880612754,96.82647338238424,17.100159889373163,6.271006339677474
moderate,aptos_bf7047dc683c.png,2416,1736,3,1.391705069124424,2416x1736,61.326045926541944,29.698343304769143,0.16646177938169499,73.17356148702262,14.657759781446899,10.83142791336861
moderate,aptos_bf9cba745efc.png,1050,1050,3,1.0,1050x1050,77.22935238095238,41.25676254856593,0.2092816326530612,97.47581291790122,13.9097278314307,50.403333689566836
moderate,aptos_bfaa0080ab61.png,2416,1736,3,1.391705069124424,2416x1736,70.41468741416669,32.04117219641057,0.1663840525528733,84.0624285679964,10.584221154408308,11.6436243970682
moderate,aptos_bfd5c0e55420.png,3216,2136,3,1.5056179775280898,3216x2136,85.98207449992546,49.805987964252445,0.2534147206383811,114.47970245146068,10.846696115219148,5.1698146904397015
moderate,aptos_bfda2fd0533a.png,2416,1736,3,1.391705069124424,2416x1736,63.14723964850307,29.797444574379533,0.16677149456770532,75.38892731207508,12.92107625654,11.533337894178668
moderate,aptos_bfe467b7e997.png,3216,2136,3,1.5056179775280898,3216x2136,73.96073005757728,42.694640732722185,0.25331456598095664,98.3350305882151,9.779434821634435,3.2332187073642045
moderate,aptos_c0202976c670.png,3388,2588,3,1.3091190108191655,3388x2588,63.48992945371335,36.81378674350424,0.24814555965321738,83.99641433851994,10.379940087191756,12.369317490534208
moderate,aptos_c05b7b4c22fe.png,3216,2136,3,1.5056179775280898,3216x2136,57.24006867581568,34.378993896474284,0.25434115121955764,76.30312613049325,12.493644413932289,14.45355356230946
moderate,aptos_c1c8550508e0.png,3216,2136,3,1.5056179775280898,3216x2136,47.62641191863715,29.755425867607865,0.2542916561853653,63.418268749300886,14.367967767115422,15.416910930645821
moderate,aptos_c252da9b41d8.png,3216,2136,3,1.5056179775280898,3216x2136,80.38065859257085,48.22483541478419,0.25375958456779774,107.08210399660099,17.510225387057822,5.937715012228395
moderate,aptos_c261b1aaa828.png,2416,1736,3,1.391705069124424,2416x1736,79.89956787697989,36.494048375950946,0.16656954786828213,95.45314047501483,12.06640457929105,13.903506907341965
moderate,aptos_c280730cc211.png,2416,1736,3,1.391705069124424,2416x1736,59.39296586504715,27.526796311839156,0.16648371456038086,70.86261704378312,10.900491080091198,12.471733184273761
moderate,aptos_c2d2b4f536da.png,3216,2136,3,1.5056179775280898,3216x2136,84.31527681699183,51.149586490807756,0.2535981434121527,112.43541346689251,19.669195079517717,12.84009477272
moderate,aptos_c3acf47700ea.png,3388,2588,3,1.3091190108191655,3388x2588,59.91609318916295,37.16553696068091,0.24507387196195682,78.97221322916121,18.648542340883182,12.634691216576146
moderate,aptos_c3e02d4a1798.png,3216,2136,3,1.5056179775280898,3216x2136,77.82968744177055,46.599076224315155,0.25428612438742615,103.6772774470097,16.862846546612097,4.35956758476509
moderate,aptos_c406325360b1.png,1050,1050,3,1.0,1050x1050,74.83533786848072,40.40511134048346,0.2072562358276644,93.95326086956521,17.186077353862746,41.15176691231245
moderate,aptos_c48ae5da188e.png,3388,2588,3,1.3091190108191655,3388x2588,70.17411495522883,42.228303666583024,0.24905430385267396,93.02919081465282,16.64693063930155,5.914404689871177
moderate,aptos_c4e8b1ec8893.png,1050,1050,3,1.0,1050x1050,80.2963029478458,44.25942600739578,0.2103356009070295,101.41070290200493,18.990203984749755,33.04811579738978
moderate,aptos_c52bb7343387.png,3216,2136,3,1.5056179775280898,3216x2136,78.99525328064732,46.91081861137558,0.25305166000521734,105.06144216731445,16.15030189893859,4.362087473213734
moderate,aptos_c5431b81cbc9.png,2588,1958,3,1.3217568947906027,2588x1958,76.88162206175117,36.814826398456255,0.09427458861753706,84.21799569721539,30.420126465025394,15.09306921365041
moderate,aptos_c561bcd519e9.png,2416,1736,3,1.391705069124424,2416x1736,55.89024733344523,31.1397002469666,0.16756879062776575,66.74341281614086,21.49104231556856,11.594565413205032
moderate,aptos_c568e5245ea5.png,2416,1736,3,1.391705069124424,2416x1736,65.00446619312113,30.829013411947777,0.1670573671681875,77.6418665707936,13.601711707634227,10.792229509996968
moderate,aptos_c5ad60521f8c.png,1504,1000,3,1.504,1504x1000,50.99131382978723,32.724450897127845,0.2646216755319149,69.10425502866613,14.705498209075921,8.347580357510731
moderate,aptos_c613db1cab27.png,3216,2136,3,1.5056179775280898,3216x2136,68.66107081633034,39.83058429468118,0.25368519644287923,91.32361002177417,10.049067583620536,3.288926239361908
moderate,aptos_c68dfa021d62.png,3216,2136,3,1.5056179775280898,3216x2136,84.79003056463935,49.728478575954746,0.25398478697337284,113.11440917337134,12.487466445699361,3.2240972042123865
moderate,aptos_c6a2975228af.png,2588,1958,3,1.3217568947906027,2588x1958,52.47508635755818,18.817258797875212,0.09348738500788585,57.23592691966497,12.167727101374814,13.09686353925653
moderate,aptos_c6c2bad91f23.png,3216,2136,3,1.5056179775280898,3216x2136,99.09330963976932,57.8424987813291,0.253286324696741,131.9652477835373,14.634642302989862,4.153184794906206
moderate,aptos_c6e1e9fbf39b.png,2416,1736,3,1.391705069124424,2416x1736,73.80465650463881,34.772510611057776,0.1666422677541429,88.15885077143288,14.642977073458276,9.752110066312289
moderate,aptos_c70d09370109.png,1050,1050,3,1.0,1050x1050,79.74125170068027,43.04606565752527,0.20934603174603175,100.58402126429398,16.36872530140083,40.521676892879796
moderate,aptos_c73c5f6ef664.png,3216,2136,3,1.5056179775280898,3216x2136,62.6549228052155,36.49093782906441,0.2538517326755734,83.35961111079678,9.782244656685886,3.510151575483856
moderate,aptos_c7c0470bcf87.png,2588,1958,3,1.3217568947906027,2588x1958,49.236594449435046,35.082364484532945,0.0997666609305461,54.105855727487395,33.60509219857975,12.512774833817385
moderate,aptos_c7e827fc7f41.png,2416,1736,3,1.391705069124424,2416x1736,90.73711189039277,43.6660940475779,0.1664412747581408,108.43085250616974,20.15985614636701,9.296267009612247
moderate,aptos_c80f79579fed.png,3216,2136,3,1.5056179775280898,3216x2136,80.67775777596101,47.544198224939954,0.25361270077515047,107.44122744998991,14.282165545981611,4.339729106866255
moderate,aptos_c87493ed320c.png,3216,2136,3,1.5056179775280898,3216x2136,57.596429282659734,34.286985960885,0.2545222448152496,76.73669582326932,11.722315357311272,4.635537633409386
moderate,aptos_c8823cdaf7fa.png,3216,2136,3,1.5056179775280898,3216x2136,62.76458516756107,37.170285013336766,0.253977508291874,83.51744752726448,12.491877922340345,3.9705146408568335
moderate,aptos_c8905b8d5cf1.png,2588,1958,3,1.3217568947906027,2588x1958,42.63081867596655,18.597739295532836,0.09579926525031851,46.563710807401364,14.864424322836399,12.564340523053506
moderate,aptos_c8a3eb9a5b52.png,3216,2136,3,1.5056179775280898,3216x2136,73.17696541869306,43.59253354436259,0.2534642156725735,97.4150488423405,15.07837817729927,5.2256278887308305
moderate,aptos_c9d42d7534e0.png,2416,1736,3,1.391705069124424,2416x1736,70.5119499038667,33.123831692961105,0.166727147358623,84.22273586058286,13.753333001561732,11.639092874275185
moderate,aptos_c9f0dc2c8b43.png,1504,1000,3,1.504,1504x1000,69.07000398936171,43.51382622622067,0.26521476063829785,93.9759880628024,15.424553926862298,130.1351436446073
moderate,aptos_ca0f1a17c8e5.png,1504,1000,3,1.504,1504x1000,54.79648936170213,34.73285113234734,0.26498337765957447,74.32949482796832,14.184179268115274,29.68310772719158
moderate,aptos_ca360bec5851.png,3216,2136,3,1.5056179775280898,3216x2136,80.96632416103006,48.526565758314135,0.25367850005590026,107.81139834238485,17.72534111594905,3.8990200758392954
moderate,aptos_ca7570c5925c.png,2416,1736,3,1.391705069124424,2416x1736,63.6600605220191,29.645497435321563,0.1665697862941374,75.99289726117728,11.887074661958952,7.065331067001162
moderate,aptos_ca7f5caddf96.png,2588,1958,3,1.3217568947906027,2588x1958,47.1629730523371,24.918751115412437,0.0957294056168724,51.54359442837021,22.04819823856777,12.157540380320363
moderate,aptos_ca891d37a43c.png,1504,1000,3,1.504,1504x1000,59.7694647606383,38.311799997675955,0.26486369680851063,81.07144969678332,16.826804286303013,26.494625348317594
moderate,aptos_ca9c912ebad7.png,3216,2136,3,1.5056179775280898,3216x2136,68.24661162818865,39.25798548150324,0.25364327123744573,90.76806108049436,8.061989139694997,3.0359143220374385
moderate,aptos_cac40227d3b2.png,1504,1000,3,1.504,1504x1000,76.37746808510639,46.76825518849982,0.26458909574468087,103.62192579412653,12.985829573816101,28.783126983672965
moderate,aptos_cac80797770f.png,2588,1958,3,1.3217568947906027,2588x1958,58.53649060723414,28.438347830632086,0.10675657114710307,64.81740286182908,23.14627550723605,21.156381183743143
moderate,aptos_caec68f11c86.png,1050,1050,3,1.0,1050x1050,74.69150022675737,40.341023090517695,0.20981950113378683,94.20804339890768,15.613219521824421,39.065318020947245
moderate,aptos_cb602182cde3.png,640,480,3,1.3333333333333333,640x480,81.96675130208334,18.73893826460036,0.010677083333333334,82.8410700184259,16.83216816830845,38.6871760977745
moderate,aptos_cb75210abebe.png,3216,2136,3,1.5056179775280898,3216x2136,98.579876105195,57.203220072144134,0.2526641430022174,131.09864989030396,13.883819479551377,3.3821565274811163
moderate,aptos_cbc2e57447c2.png,3216,2136,3,1.5056179775280898,3216x2136,67.3487172634021,39.4437837967286,0.2536854875901392,89.59485674549882,11.559312657526213,3.756270873902082
moderate,aptos_cbf0394039f8.png,2416,1736,3,1.391705069124424,2416x1736,68.1195505386517,31.897952775859295,0.16683443899349956,81.35748758815068,13.067545740193491,11.052737650162465
moderate,aptos_cc1eebed9276.png,2416,1736,3,1.391705069124424,2416x1736,82.50418389690847,38.00584499507013,0.16623718222602007,98.54269923373181,13.600986635497561,8.7856053237677
moderate,aptos_cc839823755b.png,3388,2588,3,1.3091190108191655,3388x2588,56.93581560704295,33.55639288436761,0.24855511040877065,75.38938060887476,11.327731237584338,6.074225970347548
moderate,aptos_cca626a0e19a.png,1844,1226,3,1.504078303425775,1844x1226,64.44938303496548,43.81821826242929,0.2847580265611675,89.68541520947396,21.16284722683217,4.93437955206794
moderate,aptos_ccd34029493d.png,3216,2136,3,1.5056179775280898,3216x2136,62.10907584619039,36.239505441921494,0.25408683408798705,82.72310936194246,9.383238083364208,4.8333755478791405
moderate,aptos_cd29c88c9e36.png,3216,2136,3,1.5056179775280898,3216x2136,107.04047500093166,61.54214999020768,0.2527104354165502,142.4206449003811,10.69680364356488,3.1209227271020827
moderate,aptos_cd3fd04d72f5.png,1504,1000,3,1.504,1504x1000,48.502494015957446,31.02030879294517,0.26511436170212765,65.7815208619086,13.527385019366427,27.246240773540066
moderate,aptos_cd4e7f9fa1a9.png,1504,1000,3,1.504,1504x1000,61.60253856382979,39.52885872388856,0.2648158244680851,83.5667028724348,17.417793432191772,25.5099377065255
moderate,aptos_cd9e2190c73f.png,2416,1736,3,1.391705069124424,2416x1736,77.94466135898922,36.70971927427169,0.16633112201300088,93.0906292309514,15.40259894331201,11.003881333581239
moderate,aptos_ce887b196c23.png,1504,1000,3,1.504,1504x1000,60.67853789893617,37.80717041590049,0.264373670212766,82.2585716325826,13.465340364993454,30.266022959759788
moderate,aptos_ceaa5803d780.png,3216,2136,3,1.5056179775280898,3216x2136,67.88276649873293,40.07998085167513,0.25388841723032773,90.42339162756831,12.313637862378092,5.289327151607952
moderate,aptos_ceb601fe8dba.png,3216,2136,3,1.5056179775280898,3216x2136,48.31601385628039,31.785134490529657,0.251943262386569,64.06933683202486,19.108930753074624,6.482839489208505
moderate,aptos_cf0824f53dd9.png,2416,1736,3,1.391705069124424,2416x1736,83.86392416531876,39.17418027798721,0.16646821687978758,100.21019491249804,15.359905461435565,7.7383922207204225
moderate,aptos_d10d315f123f.png,2416,1736,3,1.391705069124424,2416x1736,73.17344765694143,36.02326251653945,0.166675408948027,87.41398124808661,18.45172558712179,11.236064007738067
moderate,aptos_d141728fa392.png,3388,2588,3,1.3091190108191655,3388x2588,65.60745694869975,38.517988262585725,0.24783181024399234,86.82920990508283,12.454991504310614,6.046136673545756
moderate,aptos_d144144a2f3f.png,1504,1000,3,1.504,1504x1000,39.124630984042554,28.22971574000407,0.2865159574468085,54.58494147687032,16.80592838336138,29.701245291898474
moderate,aptos_d15ca3469b87.png,2588,1958,3,1.3217568947906027,2588x1958,53.25827461703501,21.971396721838936,0.09488911657954605,58.169771667634734,16.704101508410698,12.659645049910733
moderate,aptos_d18aea8238a0.png,2588,1958,3,1.3217568947906027,2588x1958,82.46495256649295,31.100009524130513,0.08233234082660129,89.173053875604,22.523380869140382,15.472161920075433
moderate,aptos_d18b1d8ac4de.png,2416,1736,3,1.391705069124424,2416x1736,81.66705665189062,38.516031591319866,0.16642887661366618,97.56962184623974,16.127378846291002,12.01177081859092
moderate,aptos_d18e5b68f6d2.png,2588,1958,3,1.3217568947906027,2588x1958,76.8417432622949,29.75651253758946,0.09367545345611789,84.1068814285173,20.332174454132925,14.836696395833211
moderate,aptos_d1f1ea894da1.png,1844,1226,3,1.504078303425775,1844x1226,85.96077043663502,57.254767858530144,0.2843838134702558,119.6892061873194,24.0919410837699,5.783447363188374
moderate,aptos_d1fb4efb117c.png,2416,1736,3,1.391705069124424,2416x1736,78.72224389248329,35.823939499244126,0.16642673078096865,93.99772149559816,11.723155623523509,9.613721741767113
moderate,aptos_d25b8a8ad3c4.png,2588,1958,3,1.3217568947906027,2588x1958,33.10292475051823,11.622922561822643,0.09563152319260892,36.06596926272882,7.579403744735865,11.037656315853459
moderate,aptos_d264396d8d1a.png,2416,1736,3,1.391705069124424,2416x1736,67.00142411763359,35.84716722376338,0.16714081621753593,80.0824984154739,22.782225386435147,10.051489493861004
moderate,aptos_d28bd830c171.png,3216,2136,3,1.5056179775280898,3216x2136,68.13618369412302,39.839053362493225,0.2539152027782436,90.85284412884963,9.73452693092785,17.614877532488897
moderate,aptos_d29096bd94aa.png,2416,1736,3,1.391705069124424,2416x1736,72.92664113284707,36.188986710550765,0.1664868140964995,87.08863494704227,19.14411774535545,10.85287788042486
moderate,aptos_d2c6b99ef62c.png,3388,2588,3,1.3091190108191655,3388x2588,60.80390547874214,36.299259793620735,0.2486513679519862,80.53104350029061,13.72891976205304,5.720267251914448
moderate,aptos_d364423ec6f9.png,3216,2136,3,1.5056179775280898,3216x2136,84.84716617637469,50.132822562791155,0.25416806417351445,113.10004411133232,15.134927270987257,3.8963304362016586
moderate,aptos_d3be5346684b.png,2588,1958,3,1.3217568947906027,2588x1958,53.88418516039298,22.093215402887843,0.09421222804078855,58.885958785176676,16.530307104300284,13.429163864164474
moderate,aptos_d3d578fe433f.png,3216,2136,3,1.5056179775280898,3216x2136,78.87789080114409,46.69851375757804,0.25382261794957794,104.96219204400975,15.545185488849606,3.6884564099599992
moderate,aptos_d41b33fcb94f.png,640,480,3,1.3333333333333333,640x480,103.16824869791667,22.10044776320115,0.010709635416666667,104.27638445592446,19.46892381402034,36.83547694497637
moderate,aptos_d473f6fafba0.png,2588,1958,3,1.3217568947906027,2588x1958,56.38499525585992,22.670478767267397,0.08575842301942019,60.877942211304756,18.07288512918935,16.462730245170256
moderate,aptos_d4be0403e6ab.png,1050,1050,3,1.0,1050x1050,59.58276734693877,34.25149771983032,0.21068027210884355,75.30307908874141,17.68941578561519,43.1548198766884
moderate,aptos_d5a39339ff3d.png,3216,2136,3,1.5056179775280898,3216x2136,68.2854937624611,40.248462260839744,0.25405553575754186,90.95144153017472,12.216416973110535,5.782867171921831
moderate,aptos_d6228d951958.png,3388,2588,3,1.3091190108191655,3388x2588,58.48289934563118,34.24704584276367,0.2487256139953906,77.44559804787468,10.73681532455516,13.429636073483143
moderate,aptos_d6283ded6aea.png,3216,2136,3,1.5056179775280898,3216x2136,72.14586128347028,41.662805914430294,0.25368257611753964,96.00299996001354,9.048158835338366,4.255291891097505
moderate,aptos_d67374d3fa2a.png,1050,1050,3,1.0,1050x1050,70.75558548752835,38.59870982716396,0.20987392290249432,89.25750475827503,15.934520143320961,46.323464659906925
moderate,aptos_d81338217fc5.png,2588,1958,3,1.3217568947906027,2588x1958,38.74304186210261,16.167594040344625,0.09569546251813588,42.26751652959834,12.614661322596012,11.679163514870966
moderate,aptos_d81b6ed83bc2.png,1504,1000,3,1.504,1504x1000,48.502494015957446,31.02030879294517,0.26511436170212765,65.7815208619086,13.527385019366427,27.246240773540066
moderate,aptos_d83c3efade75.png,3216,2136,3,1.5056179775280898,3216x2136,80.33711257034118,46.916986791378854,0.2540533521530922,107.06303984162955,11.796447875329157,4.07228020019046
moderate,aptos_d83d0695e215.png,3216,2136,3,1.5056179775280898,3216x2136,82.7481464109695,48.98906400289639,0.26029860645275493,111.17301797753207,11.84118938412557,3.4709184417829815
moderate,aptos_d8404680bba6.png,2588,1958,3,1.3217568947906027,2588x1958,61.12483048184991,41.456508174468276,0.09489464220027059,66.86984317261914,39.380727783084744,13.50354684582191
moderate,aptos_d85a842d20bd.png,3388,2588,3,1.3091190108191655,3388x2588,54.439189753270476,34.074754909921616,0.24486071396637646,71.70173307738662,17.900129363295672,12.934232601416628
moderate,aptos_d88806d9ece9.png,2144,1424,3,1.5056179775280898,2144x1424,68.256700499434,40.08095297620831,0.2541401140365588,91.04226727069603,10.525229662994178,23.10424601156744
moderate,aptos_d8cdb7d7283a.png,2416,1736,3,1.391705069124424,2416x1736,74.47709895817438,34.166039445444156,0.1662519646290475,88.91866277596696,12.064503212385024,8.994365279940718
moderate,aptos_d91273efb92a.png,3216,2136,3,1.5056179775280898,3216x2136,84.0970944085751,49.539063116113134,0.2550511138129577,112.174750563477,14.250650884026983,3.5676656655550714
moderate,aptos_d9311f7497cb.png,3388,2588,3,1.3091190108191655,3388x2588,56.72074443576657,33.32371139673908,0.24518438565789977,74.75334888005014,12.031789823743454,13.121397182959747
moderate,aptos_d94e10f42861.png,3216,2136,3,1.5056179775280898,3216x2136,75.23902171026889,44.16046927958091,0.2534988621965081,100.13358607659092,12.936815902065037,5.366877271730469
moderate,aptos_d952dbfb0fe4.png,2416,1736,3,1.391705069124424,2416x1736,66.23326727347636,34.12544640607886,0.16675242049928282,79.08731690944255,20.1664764330511,11.279941269324215
moderate,aptos_d95959798b57.png,2416,1736,3,1.391705069124424,2416x1736,79.135318355739,40.72771035203505,0.16659577471236306,94.54939658595589,23.750591805327204,9.991924992081895
moderate,aptos_d968a983d4d2.png,2588,1958,3,1.3217568947906027,2588x1958,67.70485232383926,37.37817875633996,0.0943823382216658,74.23857168383802,33.019651752918975,14.274570263914192
moderate,aptos_d990a3f0cbdb.png,2416,1736,3,1.391705069124424,2416x1736,58.895657931379134,31.786942790141623,0.16702970976897488,70.3034522318372,20.828551232351483,12.472131112500943
moderate,aptos_d994203deb64.png,2144,1424,3,1.5056179775280898,2144x1424,52.472374237485326,31.296417804625538,0.25496584405919837,69.9818062797878,10.585716693379288,19.936962504296122
moderate,aptos_d9a475dfe59a.png,2416,1736,3,1.391705069124424,2416x1736,101.94149816316721,46.256823050290144,0.16589337214270455,121.80347988646206,13.680677685306676,9.375245099683662
moderate,aptos_d9bbdc33db83.png,640,480,3,1.3333333333333333,640x480,108.00930013020833,33.39858212344554,0.010758463541666667,109.17550140673588,31.641160314871776,109.36156664971243
moderate,aptos_da0a1043abf7.png,1504,1000,3,1.504,1504x1000,75.48414760638298,49.242097527566635,0.28506382978723405,105.28028651568358,16.639509220926975,27.67392996768856
moderate,aptos_da44f80b422b.png,3216,2136,3,1.5056179775280898,3216x2136,73.45242566428159,44.29636909072275,0.2537106718281253,97.79753038207821,17.11567879343935,4.4803904920941005
moderate,aptos_da8900ac7f29.png,3216,2136,3,1.5056179775280898,3216x2136,78.83034397884174,46.524581741150314,0.253822181228688,105.00475050021694,14.195061968560072,3.934347729891503
moderate,aptos_daeaa5d8cf70.png,640,480,3,1.3333333333333333,640x480,104.2727734375,34.010119065043874,0.010589192708333334,105.37755595547908,32.46203634697252,31.683636609861594
moderate,aptos_db49cdf1ea64.png,2416,1736,3,1.391705069124424,2416x1736,59.65911564035463,28.697954911629214,0.16675623531296732,71.19854348110363,13.777191394882744,11.389758558600075
moderate,aptos_dbee04ae6426.png,2588,1958,3,1.3217568947906027,2588x1958,53.2648816806728,26.76601813118068,0.09599009650891283,58.42829531272614,22.685624225509994,14.620792042159202
moderate,aptos_dc3c0d8ee20b.png,1504,1000,3,1.504,1504x1000,59.7694647606383,38.311799997675955,0.26486369680851063,81.07144969678332,16.826804286303013,26.494625348317594
moderate,aptos_dc6fa1b38b83.png,2588,1958,3,1.3217568947906027,2588x1958,74.57738612090374,30.097394193960838,0.09216202540838284,81.41435900468035,22.14618330311498,15.872706275237517
moderate,aptos_dd110d2b8c21.png,3216,2136,3,1.5056179775280898,3216x2136,94.04527237990757,54.655268668422906,0.2507437356755548,124.62739310457918,16.0101918217277,2.920452159125235
moderate,aptos_dde43aa22ae6.png,2416,1736,3,1.391705069124424,2416x1736,81.52731525811029,36.828468763472245,0.16605121005890072,97.35374105705189,10.85900844684064,8.344857957292838
moderate,aptos_de50dfa745f8.png,2588,1958,3,1.3217568947906027,2588x1958,41.684882335853544,23.151294359305776,0.09477860416505503,45.44936660568315,21.03430805898764,12.135404349116548
moderate,aptos_de778495a1cd.png,3216,2136,3,1.5056179775280898,3216x2136,99.69721194472395,57.747057127547066,0.2528950227793616,132.67346129152625,12.774011285011035,4.248002567095941
moderate,aptos_dee687c6e88a.png,3216,2136,3,1.5056179775280898,3216x2136,78.96631149612425,47.76209447974958,0.25465500796578905,105.30995760787727,18.307951025855356,5.0829728672902394
moderate,aptos_df3adfd6ba36.png,2588,1958,3,1.3217568947906027,2588x1958,39.99852150176899,21.861877429774292,0.09610830532369875,43.64279017897105,19.76036996504149,11.874427700622634
moderate,aptos_df5ce3ea7820.png,3216,2136,3,1.5056179775280898,3216x2136,75.5586262857063,44.34172193103934,0.2560065135464997,100.91921590695415,11.413011952385393,3.735392547497565
moderate,aptos_df8365d6ac33.png,3216,2136,3,1.5056179775280898,3216x2136,74.48188525420649,43.8005620242985,0.25382087106601825,99.17074223753045,13.014718743532974,4.483512325580632
moderate,aptos_df841a0440d8.png,2416,1736,3,1.391705069124424,2416x1736,60.59484652050844,28.40652737166976,0.16648872150334176,72.29688237025562,12.064240749569896,11.137667327093268
moderate,aptos_e03e70bc8bba.png,2416,1736,3,1.391705069124424,2416x1736,65.11525267418439,30.843483955736097,0.16709718428601947,77.7721696793986,13.542900402071254,15.845967595125295
moderate,aptos_e06d3d4733f0.png,3216,2136,3,1.5056179775280898,3216x2136,94.13730621238378,55.44650580124084,0.25325691882348556,125.39081096813648,16.11832475510908,5.43621879831019
moderate,aptos_e0863b353093.png,3216,2136,3,1.5056179775280898,3216x2136,79.34910696400954,45.978778544515556,0.25337585247917715,105.60076855555309,10.551403602787445,3.7195455537311983
moderate,aptos_e10190a9d52f.png,3388,2588,3,1.3091190108191655,3388x2588,59.72123153999296,36.10684145997996,0.2477908665733592,79.00003456913964,15.266640230424706,6.783704509141077
moderate,aptos_e12b67835e03.png,1050,1050,3,1.0,1050x1050,79.8147537414966,44.12718259146961,0.21004353741496598,100.70147670241019,19.685225462718297,40.81260408174043
moderate,aptos_e12d41e7b221.png,2416,1736,3,1.391705069124424,2416x1736,71.98483945356608,34.75067289643495,0.16713461714529862,86.02360053177846,16.452220692525515,8.726047023238976
moderate,aptos_e1418d28d668.png,2588,1958,3,1.3217568947906027,2588x1958,29.250100053203834,10.913919051006037,0.09632913280908349,31.816299005825286,7.957945910339722,10.716375216479337
moderate,aptos_e150935f66a6.png,1050,1050,3,1.0,1050x1050,73.57963628117913,40.275967581656985,0.20970068027210884,92.77445096722732,17.17868024937936,41.458232801899634
moderate,aptos_e16fc934069f.png,3216,2136,3,1.5056179775280898,3216x2136,75.61094472045205,45.59712130128057,0.25401637645107794,100.78253027354003,17.102051112300277,5.58308046818203
moderate,aptos_e17507a4a1f5.png,2416,1736,3,1.391705069124424,2416x1736,85.34047617458113,38.97824778785925,0.1666689714499344,101.99011855615387,12.643573598333315,11.245853297022654
moderate,aptos_e1e490773462.png,3388,2588,3,1.3091190108191655,3388x2588,60.17102958163096,34.800546865371054,0.24628267966402012,79.45080380383318,9.86901149923167,6.032579868281831
moderate,aptos_e2161692a0b4.png,2588,1958,3,1.3217568947906027,2588x1958,41.62038926419255,20.753197871344426,0.0939722582264652,45.27524406909167,18.2510462502182,11.994050464701735
moderate,aptos_e229aca862c7.png,3216,2136,3,1.5056179775280898,3216x2136,76.7327423917398,45.36893506723241,0.2533359653045633,102.14924638085783,14.368807906614027,5.433784520521652
moderate,aptos_e265c870f9b3.png,3388,2588,3,1.3091190108191655,3388x2588,71.4899019678509,40.875189015270706,0.24554546549417983,94.34975206971374,9.280413944316692,17.023284282532718
moderate,aptos_e2856afe62c5.png,2416,1736,3,1.391705069124424,2416x1736,90.25556271362957,40.59198522953751,0.1662595942564165,107.83421441101058,10.845145867797607,6.403720776560505
moderate,aptos_e2a47a74e6e1.png,2416,1736,3,1.391705069124424,2416x1736,58.512425563447984,28.961642688125,0.16684945982238228,69.85709796873837,15.339734820289118,12.952008444146283
moderate,aptos_e31c42a8652b.png,640,480,3,1.3333333333333333,640x480,84.86290364583333,27.13059274440186,0.010856119791666667,85.78574695999869,25.80080324800167,50.8244971838633
moderate,aptos_e34fa07bd64d.png,1844,1226,3,1.504078303425775,1844x1226,70.53382160916937,48.78891801302499,0.284984500677653,98.2245161825141,25.266929941209817,5.294540582106549
moderate,aptos_e387311a840e.png,2416,1736,3,1.391705069124424,2416x1736,58.29518837549974,26.75485237519306,0.16665180478835415,69.55616960244724,9.898853612540956,11.17583119152587
moderate,aptos_e3a7671f787b.png,3388,2588,3,1.3091190108191655,3388x2588,88.05729068774419,50.89087227200602,0.2470618639474899,116.42215084513933,13.52379492733807,11.89189432353051
moderate,aptos_e3e490babc0c.png,2416,1736,3,1.391705069124424,2416x1736,92.68688557657094,42.36408453959935,0.16630632572405163,110.76845490751455,13.665933574185626,7.550750832748703
moderate,aptos_e4151feb8443.png,3216,2136,3,1.5056179775280898,3216x2136,56.75456810050869,33.739423862880564,0.2541546713995565,75.63585519407467,11.107421362596101,16.652262126871832
moderate,aptos_e499434242cc.png,3216,2136,3,1.5056179775280898,3216x2136,69.04959387868709,40.58473357697433,0.2537068869137459,91.848697998349,12.57190340378102,3.55727754508108
moderate,aptos_e4e343eaae2a.png,2144,1424,3,1.5056179775280898,2144x1424,61.691693175624685,37.46017210569692,0.25454266151685395,82.29954748029701,14.622754945013432,23.93521310127524
moderate,aptos_e540d2e35d15.png,2416,1736,3,1.391705069124424,2416x1736,60.67477020516068,30.492961460362746,0.1666763626514481,72.42703340041761,16.943363063529258,9.300391781342658
moderate,aptos_e599151ca14b.png,2416,1736,3,1.391705069124424,2416x1736,75.6584866729484,38.27950946711942,0.16632849932859278,90.34883521398858,21.450981214005054,9.959290213258909
moderate,aptos_e5d56f4f359b.png,3216,2136,3,1.5056179775280898,3216x2136,83.9521435425867,49.606059465797415,0.2531400231986137,111.71718609357208,15.784947629243542,4.977554724065386
moderate,aptos_e65a2ff90494.png,2416,1736,3,1.391705069124424,2416x1736,47.3100735400708,21.04464948776094,0.167288401821955,56.418279939035756,5.98904956607004,11.202007259539279
moderate,aptos_e65f94ad9be3.png,2588,1958,3,1.3217568947906027,2588x1958,55.48457365099864,21.78940744934348,0.09427656205351011,60.620619203168225,15.629604952405522,13.276583761223415
moderate,aptos_e663c6627a95.png,2416,1736,3,1.391705069124424,2416x1736,76.97953590884121,37.92235957207448,0.1658926568651387,91.8862006069644,19.611000776214592,8.063917202715324
moderate,aptos_e6a58edc5b42.png,3216,2136,3,1.5056179775280898,3216x2136,93.80071290318072,54.5777656865971,0.25320451231669366,124.86855097417768,13.279659837876263,3.8835771959983876
moderate,aptos_e6a6acf7fca1.png,3216,2136,3,1.5056179775280898,3216x2136,83.75881244526431,48.561428744672945,0.2538951136173067,111.60161474262357,10.35185409285271,3.5495094210343257
moderate,aptos_e6f0ce5bf282.png,3216,2136,3,1.5056179775280898,3216x2136,86.87870353872026,50.78125813657558,0.2533595482326197,115.60470380510334,14.016659278948477,4.016378340773415
moderate,aptos_e724866f5084.png,3216,2136,3,1.5056179775280898,3216x2136,68.7219671772225,40.9277689780986,0.2543937032999795,91.75931489598484,12.657960882544511,4.9554781710982505
moderate,aptos_e756495c11cb.png,2416,1736,3,1.391705069124424,2416x1736,67.25745509964294,31.979345159082992,0.1668682954649495,80.33860734950996,14.212111581457712,9.345205573817882
moderate,aptos_e7a372a1c3a4.png,2416,1736,3,1.391705069124424,2416x1736,77.09201306764427,34.98732152537744,0.16679629085665457,92.11616484046972,10.76124936591992,11.20361305484787
moderate,aptos_e7a7187066ad.png,1504,1000,3,1.504,1504x1000,60.67853789893617,37.80717041590049,0.264373670212766,82.2585716325826,13.465340364993454,30.266022959759788
moderate,aptos_e7defafeb957.png,3388,2588,3,1.3091190108191655,3388x2588,68.02282763604248,40.0075815601886,0.24840251254997636,90.09312796514173,12.981632518860382,5.609025581207124
moderate,aptos_e7fc93ac5b6d.png,2588,1958,3,1.3217568947906027,2588x1958,57.04849541294542,22.702977291602718,0.060826822310246234,60.107129199029394,19.87449879769053,5.854913578560918
moderate,aptos_e811f39a1243.png,2896,1944,3,1.4897119341563787,2896x1944,53.55898514767069,48.78619347022414,0.45206333270809174,96.3663967722893,17.02274891009865,5.480451431291048
moderate,aptos_e83d315d8f98.png,2588,1958,3,1.3217568947906027,2588x1958,42.925981744927874,20.018301070761616,0.09635735294349816,46.94503554463039,16.604421232875488,11.976745227823077
moderate,aptos_e85d410d6836.png,640,480,3,1.3333333333333333,640x480,89.95728841145834,27.316873730969764,0.010524088541666667,90.90189395559386,25.871651555356323,33.25500414971246
moderate,aptos_e868c3da340b.png,3216,2136,3,1.5056179775280898,3216x2136,85.83578566670393,50.177686330047294,0.25475690950677327,114.47226027497605,12.619847467292187,3.733589454379714
moderate,aptos_e9129ce55fd7.png,2588,1958,3,1.3217568947906027,2588x1958,54.50739091240628,29.6143766184338,0.09480169336593976,59.65230530759781,26.259091227930835,13.327004655442114
moderate,aptos_e96099b961b4.png,2416,1736,3,1.391705069124424,2416x1736,61.83582901623585,29.230462917501185,0.16680272835474716,73.81574846276058,12.84535148275969,9.144692536176606
moderate,aptos_e9f82b5bbaf4.png,2416,1736,3,1.391705069124424,2416x1736,78.83253945471053,37.68501251412952,0.16660268906216621,94.17853559591636,17.04281267247388,10.035138007065317
moderate,aptos_ea05c22d92e9.png,1504,1000,3,1.504,1504x1000,54.79648936170213,34.73285113234734,0.26498337765957447,74.32949482796832,14.184179268115274,29.68310772719158
moderate,aptos_ea1d045f9fea.png,3388,2588,3,1.3091190108191655,3388x2588,59.14846676788155,35.104700312973144,0.2449704293177667,77.9467920041183,13.764762688048853,13.10255066435379
moderate,aptos_ea4dcb055139.png,2588,1958,3,1.3217568947906027,2588x1958,37.38975577545772,16.723597135508285,0.09558455541645025,40.74969364697134,13.821464095468757,11.855560666778375
moderate,aptos_ea588d1e5d96.png,3216,2136,3,1.5056179775280898,3216x2136,77.03516855097173,44.90473922202333,0.254571303128552,102.72148915270192,10.634474658696975,4.5286635618261775
moderate,aptos_ea9e0fb6fb0b.png,2144,1424,3,1.5056179775280898,2144x1424,61.23849578913718,36.85476833819275,0.2543975610011739,81.6666098509642,13.459484482492561,21.44182416310509
moderate,aptos_eadfc8809ec8.png,3216,2136,3,1.5056179775280898,3216x2136,68.94885488871188,40.61873721370506,0.25395101389121805,91.80770556876234,12.395845509839464,4.535621573452565
moderate,aptos_eae901557a84.png,2588,1958,3,1.3217568947906027,2588x1958,50.51606396616425,22.835134810236234,0.09127930749763583,54.779892085674746,19.351544428766587,15.132381621405086
moderate,aptos_eb1ad14dd281.png,3388,2588,3,1.3091190108191655,3388x2588,54.749373299526106,32.490701540539554,0.24958189555281027,72.52111713867376,11.880052539045524,12.069397115918242
moderate,aptos_eb32a815f78c.png,2588,1958,3,1.3217568947906027,2588x1958,71.91346562195598,28.610766865710193,0.08051401692102941,77.55856601238594,22.23272334404306,15.427989518569051
moderate,aptos_ed2c06fcc573.png,2416,1736,3,1.391705069124424,2416x1736,76.67313412694175,35.326432422521776,0.16688260101626637,91.6215953621974,12.604381996326453,10.730855356759392
moderate,aptos_ed88faaa325a.png,3216,2136,3,1.5056179775280898,3216x2136,74.02830999496898,42.82011458076968,0.2537431347476103,98.53158279849538,9.514052868744237,3.9393381529489733
moderate,aptos_ee02294cc3d9.png,3216,2136,3,1.5056179775280898,3216x2136,82.21035258515475,48.48343764247835,0.2548655074347364,109.71835102075583,13.617612343669888,5.464078086887493
moderate,aptos_ee059945b08a.png,2588,1958,3,1.3217568947906027,2588x1958,58.00313500038679,22.69334951171049,0.09459033837322568,63.57532629785705,15.506067393672602,14.027021074099169
moderate,aptos_ee2c2a5f7d0e.png,3216,2136,3,1.5056179775280898,3216x2136,54.249380875351704,34.08891424384899,0.25435541743529544,72.29677029772674,16.665874379925512,16.090298592783473
moderate,aptos_ee6e39319b39.png,3388,2588,3,1.3091190108191655,3388x2588,62.912574656620606,38.540150848374644,0.24885608630515194,83.35669492500764,17.255847940948385,6.973004090317475
moderate,aptos_ee74c3b177e0.png,2588,1958,3,1.3217568947906027,2588x1958,62.21432817135108,22.377311944186516,0.09436063042596221,67.990993103298,14.111624042080573,13.40178288033733
moderate,aptos_ef7a4ed8d5d1.png,2588,1958,3,1.3217568947906027,2588x1958,65.14256634297054,28.0745668910403,0.09466749971977209,71.41554060460874,21.32632619277627,16.201965777915998
moderate,aptos_efff2f1a35f5.png,2416,1736,3,1.391705069124424,2416x1736,71.69171870708334,33.374928006402,0.1662367053743095,85.58302291997312,13.233068488932162,9.949419856387829
moderate,aptos_f0800723bc63.png,2416,1736,3,1.391705069124424,2416x1736,67.67443807794427,32.96153714857505,0.16657169370097966,80.7988116302322,16.415331098458427,8.487219655898253
moderate,aptos_f0c0f7b5e820.png,2416,1736,3,1.391705069124424,2416x1736,67.67302516632587,34.295118935524656,0.16697129543443098,80.8339714511334,19.351247343637315,12.251218117114727
moderate,aptos_f18abfa690ab.png,640,480,3,1.3333333333333333,640x480,78.59490559895833,22.705421570817318,0.01048828125,79.41817170979479,21.36250303708685,30.88372911067539
moderate,aptos_f1a761c68559.png,1504,1000,3,1.504,1504x1000,51.61408178191489,32.44321792921217,0.26504454787234044,70.01349589686015,12.434865929662172,27.787464233602233
moderate,aptos_f2094a20b275.png,3216,2136,3,1.5056179775280898,3216x2136,68.20249830552295,40.002730009915425,0.2539727043620847,90.81051358292768,11.500120159096431,4.313712332588554
moderate,aptos_f23902998c21.png,1504,1000,3,1.504,1504x1000,71.20779787234042,46.23083122997534,0.2649461436170213,96.62797902527406,21.64429674289922,78.93303398165001
moderate,aptos_f2ee81781411.png,3216,2136,3,1.5056179775280898,3216x2136,98.84371855609592,57.82978571823013,0.2558682185980211,132.05925988527153,13.48990410124242,3.3980822636976744
moderate,aptos_f30f203ef51e.png,3216,2136,3,1.5056179775280898,3216x2136,100.0368820981702,58.18388703136635,0.2527599304507425,133.1118131380559,14.215392685364579,4.182693244286566
moderate,aptos_f3a268d2726d.png,2588,1958,3,1.3217568947906027,2588x1958,53.73123222920906,19.29075959574833,0.09323123301858345,58.538934808426696,12.741232935801726,13.266653233556616
moderate,aptos_f3a88d3026dc.png,1050,1050,3,1.0,1050x1050,78.4180172335601,42.932456691367726,0.208681179138322,98.82870812409949,18.23354014395409,41.09149391978528
moderate,aptos_f3b6b7ca1eb1.png,2416,1736,3,1.391705069124424,2416x1736,73.60251882610554,33.50391228556957,0.16654045991393782,87.9054022741238,10.88050860026121,9.457195644606696
moderate,aptos_f3cd489acbee.png,3216,2136,3,1.5056179775280898,3216x2136,88.50891216320085,52.069013166897236,0.2555304877764734,118.2089218682447,13.766819392869273,4.685789783829763
moderate,aptos_f45f1485c940.png,2416,1736,3,1.391705069124424,2416x1736,66.74450952940458,30.746285068073334,0.16626913129062776,79.653665307906,11.468871755554558,9.77643927898712
moderate,aptos_f460608cf4cc.png,3216,2136,3,1.5056179775280898,3216x2136,77.94968698758082,47.608993866776245,0.25439195641641976,104.1252880300172,18.613196856318776,5.246156824833386
moderate,aptos_f4d3777f2710.png,3216,2136,3,1.5056179775280898,3216x2136,69.3162333813144,42.00115184249115,0.2537694835746362,92.41726402995783,16.1526034820118,17.313566757103267
moderate,aptos_f583a722434c.png,2588,1958,3,1.3217568947906027,2588x1958,35.41428045366925,21.438075557137303,0.09607751972251911,38.64915281249659,19.98509938023113,11.130482994212764
moderate,aptos_f5e9a307288c.png,3216,2136,3,1.5056179775280898,3216x2136,78.21879934946057,45.51935541034592,0.2536060043881715,104.13613096739175,11.27718854264839,3.7540217535280154
moderate,aptos_f61bf44c677c.png,3388,2588,3,1.3091190108191655,3388x2588,65.62576720911518,38.3959261152832,0.24921625374765743,86.95363953710934,11.75597294096051,11.477124573638386
moderate,aptos_f69400b316a7.png,2416,1736,3,1.391705069124424,2416x1736,62.66283007675405,29.792221085710604,0.16675242049928282,74.81793969131738,13.382816713058041,9.909976353393143
moderate,aptos_f7edc074f06b.png,2416,1736,3,1.391705069124424,2416x1736,66.04928572382275,30.20953997996705,0.16708359401226844,78.89904700237419,10.363408793908905,11.819296804910516
moderate,aptos_f80118bbda18.png,2416,1736,3,1.391705069124424,2416x1736,45.91766916791284,22.83049238102013,0.16796386226996673,54.81708459108017,12.443512636557768,10.938336158847742
moderate,aptos_f8372e80f731.png,3216,2136,3,1.5056179775280898,3216x2136,89.08117171050179,51.94173096356635,0.2522048581996385,118.25617952199056,15.245326588506542,3.064874446697189
moderate,aptos_f8fc411092c7.png,3216,2136,3,1.5056179775280898,3216x2136,68.13553429015968,41.43483114531738,0.25558071067881566,91.01273169152019,16.073192330103353,6.041870168686723
moderate,aptos_f920ccd926db.png,3216,2136,3,1.5056179775280898,3216x2136,62.56084264422271,37.1359992134757,0.25401361055210836,83.40363015739607,11.758509372428481,18.753059355714278
moderate,aptos_f999c6921e6d.png,2416,1736,3,1.391705069124424,2416x1736,57.64881707396161,28.712616950004342,0.16691240424817652,68.80578263572245,15.61264096282226,10.485728064866368
moderate,aptos_f9aa35187bf3.png,1050,1050,3,1.0,1050x1050,78.51020680272109,41.56424407609378,0.209156462585034,99.06999615783829,12.768209326236821,53.28705423415471
moderate,aptos_f9e779a13204.png,2416,1736,3,1.391705069124424,2416x1736,69.08868941122165,34.06300487775517,0.1669176496169927,82.52344041116238,17.645926007274248,11.099133409477338
moderate,aptos_f9ecf1795804.png,3216,2136,3,1.5056179775280898,3216x2136,68.13618369412302,39.839053362493225,0.2539152027782436,90.85284412884963,9.73452693092785,17.614877532488897
moderate,aptos_fa3e544a7401.png,2588,1958,3,1.3217568947906027,2588x1958,66.39364048417067,32.75620880636158,0.09385977237600113,72.58293573082491,27.853986096202274,14.71581712874504
moderate,aptos_fa748b57262b.png,3388,2588,3,1.3091190108191655,3388x2588,76.78847724216209,45.01580787566744,0.2441736814541367,101.18064372342201,15.62549077121675,11.707128321204273
moderate,aptos_fac399455195.png,3388,2588,3,1.3091190108191655,3388x2588,61.2410294584578,36.06379387032515,0.24880191292478773,81.07719263299666,12.235539796512818,13.733645105374862
moderate,aptos_fba493e17448.png,2416,1736,3,1.391705069124424,2416x1736,66.59525065233314,32.80759662455818,0.1666208094271676,79.51661341002976,17.01249340610884,12.032641684390791
moderate,aptos_fc1b1841eadf.png,3216,2136,3,1.5056179775280898,3216x2136,86.20909512013901,50.41789742003995,0.25196888334544504,114.53783346018601,14.586234834081875,4.736022448439393
moderate,aptos_fc4c2d35c6f8.png,3216,2136,3,1.5056179775280898,3216x2136,60.22492581567816,35.32090311913426,0.25413632912217937,80.22349207142297,9.935548222365858,5.972657920411749
moderate,aptos_fc4d69128e7c.png,2588,1958,3,1.3217568947906027,2588x1958,61.954121955185634,40.246432202701,0.09459546930675562,67.76445871367666,37.84094026303607,15.353210502961
moderate,aptos_fc603cbedb41.png,3216,2136,3,1.5056179775280898,3216x2136,99.414680168912,57.61739219069326,0.2529943039950062,132.34463914092336,12.552180269430952,4.1415228941212465
moderate,aptos_fcc55ae641ae.png,3388,2588,3,1.3091190108191655,3388x2588,85.44162082648278,49.04643483950574,0.24590757177345626,112.85766390184136,11.53897836328908,11.86431848556714
moderate,aptos_fd48cf452e9d.png,2588,1958,3,1.3217568947906027,2588x1958,64.94785136238126,29.47348407061361,0.09456053949003257,71.10366822089227,23.633723850176025,14.319031382125187
moderate,aptos_fe37f4492920.png,2416,1736,3,1.391705069124424,2416x1736,93.91085829493088,43.47841891014412,0.16609436513870662,112.20804466673357,15.848861747461118,9.829040314561748
moderate,aptos_ff0740cb484a.png,1504,1000,3,1.504,1504x1000,80.21505385638298,48.685424591589225,0.2642553191489362,108.77695470647774,11.585954164480073,31.525143862677822
moderate,aptos_ff344e5c9341.png,3216,2136,3,1.5056179775280898,3216x2136,97.9562465353476,56.84645116665006,0.25329272993646,130.45256562495553,12.58015049555571,3.94997289054036
moderate,aptos_ff52392372d3.png,1504,1000,3,1.504,1504x1000,51.61408178191489,32.44321792921217,0.26504454787234044,70.01349589686015,12.434865929662172,27.787464233602233
moderate,aptos_ff77e8e5b5f3.png,2416,1736,3,1.391705069124424,2416x1736,80.1484103194525,39.86625463196188,0.1662636474959563,95.7208734636473,21.157936348618158,10.617551337785537
moderate,aptos_ffa47f6a7bf4.png,3388,2588,3,1.3091190108191655,3388x2588,52.20965098200942,30.489375880114196,0.2460032590705627,68.87428242460618,10.193299545526589,6.176693379445606
moderate,aptos_ffcf7b45f213.png,3216,2136,3,1.5056179775280898,3216x2136,70.08069088080198,42.20014665228883,0.2541725769560437,93.35527228274988,16.00894382046415,4.027104336072555
moderate,aptos_ffec9a18a3ce.png,2588,1958,3,1.3217568947906027,2588x1958,29.677215537098228,15.441992943980438,0.0976730427067332,32.43188984256506,13.65648485817461,10.283090771417267
moderate,idrid_ffec9a18a3ce.jpg,4288,2848,3,1.5056179775280898,4288x2848,77.69100362063453,52.91699969492984,0.30430747094059196,109.4074874237181,26.79374774345185,6.946393707300426
moderate,idrid_IDRiD_003.jpg,4288,2848,3,1.5056179775280898,4288x2848,53.350613450916065,37.169250412331536,0.30918577975641454,76.71752830420827,15.272542474645288,9.33195509554348
moderate,idrid_IDRiD_008test.jpg,4288,2848,3,1.5056179775280898,4288x2848,74.7660678349824,50.406035814432045,0.3085819585359718,107.09352962995597,16.914505482152325,25.023823092093608
moderate,idrid_IDRiD_009test.jpg,4288,2848,3,1.5056179775280898,4288x2848,53.08931452616657,38.12454719978323,0.3091969980242747,76.51799148459604,18.115231490819475,8.07414718212717
moderate,idrid_IDRiD_010test.jpg,4288,2848,3,1.5056179775280898,4288x2848,69.85509445290228,49.23203899970973,0.3088636435099782,100.32554578551125,22.35109816026474,28.08105869896021
moderate,idrid_IDRiD_011test.jpg,4288,2848,3,1.5056179775280898,4288x2848,57.89912893834899,39.928549229622604,0.30923245430152607,83.38007325439365,14.40756184306013,31.9842776345093
moderate,idrid_IDRiD_012test.jpg,4288,2848,3,1.5056179775280898,4288x2848,68.8639882465307,46.99717454549558,0.3085463384883867,98.88105734749834,16.514364710401303,26.121522499713826
moderate,idrid_IDRiD_015test.jpg,4288,2848,3,1.5056179775280898,4288x2848,61.78140631878354,42.420869957136446,0.30859194852632904,88.54140399330619,16.749637517716497,25.00307994221748
moderate,idrid_IDRiD_016.jpg,4288,2848,3,1.5056179775280898,4288x2848,62.832152030621124,42.98488013140271,0.3085387231678685,89.9291579625498,17.054288521637414,9.07391421783041
moderate,idrid_IDRiD_017test.jpg,4288,2848,3,1.5056179775280898,4288x2848,53.00645492581859,36.32863283540969,0.30914770315382356,76.029815654979,13.945107412507951,33.012561265898306
moderate,idrid_IDRiD_018.jpg,4288,2848,3,1.5056179775280898,4288x2848,46.727127343881016,32.43581650339898,0.3093788649798759,67.17894776156565,13.061745432744182,7.552668293638438
moderate,idrid_IDRiD_019.jpg,4288,2848,3,1.5056179775280898,4288x2848,37.694833144233186,26.292899977474605,0.30970042803014425,54.33320486499971,10.347781171665533,7.149708521078438
moderate,idrid_IDRiD_019test.jpg,4288,2848,3,1.5056179775280898,4288x2848,79.96897035298403,52.609616949635,0.30606398965495557,113.67396208060367,16.555880252536905,24.214044706516745
moderate,idrid_IDRiD_020.jpg,4288,2848,3,1.5056179775280898,4288x2848,82.66054323929859,56.002588691851145,0.30618788191241825,117.49510343988409,23.550394366501806,21.8621920936172
moderate,idrid_IDRiD_020test.jpg,4288,2848,3,1.5056179775280898,4288x2848,76.74511514037083,51.64399209835102,0.30783999703903236,109.4573328429246,19.3611385112123,24.37820039970264
moderate,idrid_IDRiD_023test.jpg,4288,2848,3,1.5056179775280898,4288x2848,75.05971795145585,50.83258383119265,0.3083747071786433,107.36273139320575,18.714794683742298,27.95583408654223
moderate,idrid_IDRiD_024test.jpg,4288,2848,3,1.5056179775280898,4288x2848,52.3095008738785,35.208648363591834,0.30912018973775784,75.21381186768706,9.821911781156299,6.022514899819319
moderate,idrid_IDRiD_028test.jpg,4288,2848,3,1.5056179775280898,4288x2848,71.29705408285993,50.83841056644733,0.30845675611583934,101.93606003163187,26.305668942423146,22.91828736332205
moderate,idrid_IDRiD_029.jpg,4288,2848,3,1.5056179775280898,4288x2848,64.13324902982454,44.557098788226604,0.3087754531852675,92.14460108401592,18.158370900658092,26.141888078322236
moderate,idrid_IDRiD_033test.jpg,4288,2848,3,1.5056179775280898,4288x2848,81.39875112018909,53.37095680175969,0.30711007266162166,115.94759261318642,14.900978829807599,23.49648147236156
moderate,idrid_IDRiD_037.jpg,4288,2848,3,1.5056179775280898,4288x2848,62.05950881673969,44.87036214200743,0.3088003462759936,88.79028880765921,24.443601884953114,19.27035091963187
moderate,idrid_IDRiD_038.jpg,4288,2848,3,1.5056179775280898,4288x2848,88.38810678546348,57.56508307628765,0.3031755722790542,124.49945768255239,21.25220449333864,21.08285558619642
moderate,idrid_IDRiD_041.jpg,4288,2848,3,1.5056179775280898,4288x2848,58.41670165892797,39.384475054547956,0.30851694171348315,83.50042062652037,14.217555080790623,11.645233987471666
moderate,idrid_IDRiD_042.jpg,4288,2848,3,1.5056179775280898,4288x2848,60.44167671670615,41.06302377739336,0.30853929636403654,86.4877877586383,15.43960384785349,12.607997445650886
moderate,idrid_IDRiD_043.jpg,4288,2848,3,1.5056179775280898,4288x2848,51.45360722174765,35.6238669438278,0.3091242021109341,73.98554058074251,13.914842997329467,22.902961327927112
moderate,idrid_IDRiD_044.jpg,4288,2848,3,1.5056179775280898,4288x2848,58.84198848629046,42.06690934581922,0.30921509464615127,84.78722632236529,19.595368148792232,21.19807448631112
moderate,idrid_IDRiD_045.jpg,4288,2848,3,1.5056179775280898,4288x2848,83.07906553302658,54.84626132427726,0.30714159845086364,118.24840303110311,17.65488872409573,23.082592654472005
moderate,idrid_IDRiD_047.jpg,4288,2848,3,1.5056179775280898,4288x2848,80.84696120870368,54.766554768442,0.3073188798371206,115.18596974622945,22.154474095635322,24.20501982052109
moderate,idrid_IDRiD_048.jpg,4288,2848,3,1.5056179775280898,4288x2848,62.55601019110033,43.461453119455946,0.30895871218870535,89.76382233236495,18.332272198368614,30.080313948101043
moderate,idrid_IDRiD_049test.jpg,4288,2848,3,1.5056179775280898,4288x2848,52.339613243255286,38.99752199406014,0.3090502598052574,74.74952397081168,23.96286066911569,26.41764464576313
moderate,idrid_IDRiD_050.jpg,4288,2848,3,1.5056179775280898,4288x2848,76.99826993019454,52.917672787499455,0.3085769635407932,110.3070022986061,21.27364169123781,22.750749085243577
moderate,idrid_IDRiD_051.jpg,4288,2848,3,1.5056179775280898,4288x2848,55.81824465388122,38.32954293896424,0.30886872039032365,80.15300790853351,14.402722191848158,17.244101483870672
moderate,idrid_IDRiD_051test.jpg,4288,2848,3,1.5056179775280898,4288x2848,44.71239374580748,31.67136866119537,0.3090856341973419,63.941971894617915,15.936567902275947,21.930466391705036
moderate,idrid_IDRiD_052.jpg,4288,2848,3,1.5056179775280898,4288x2848,52.01807737886236,36.47129913061913,0.3090157861500084,74.76015606650223,15.826493909229338,10.154868433463376
moderate,idrid_IDRiD_056.jpg,4288,2848,3,1.5056179775280898,4288x2848,45.179078601899214,31.357694861540033,0.30933030707592657,64.75286299442547,13.560638786547525,10.90951582594886
moderate,idrid_IDRiD_058.jpg,4288,2848,3,1.5056179775280898,4288x2848,57.81833399059827,42.32246121306398,0.30949047446230926,83.00646308749425,23.297166544864805,26.833338464377952
moderate,idrid_IDRiD_059.jpg,4288,2848,3,1.5056179775280898,4288x2848,65.56979670533393,47.40979673346224,0.30882941551022974,94.10453159857026,24.784261504966413,15.971967350090614
moderate,idrid_IDRiD_059test.jpg,4288,2848,3,1.5056179775280898,4288x2848,63.800380012682375,42.85105423433934,0.30814059748658396,91.1629931181178,14.914545659636882,24.80118960463537
moderate,idrid_IDRiD_060.jpg,4288,2848,3,1.5056179775280898,4288x2848,94.45496823510607,61.67556326140065,0.29441500581712227,131.6840475575396,26.08638835859807,18.2246321384889
moderate,idrid_IDRiD_061.jpg,4288,2848,3,1.5056179775280898,4288x2848,95.42909252237757,63.270684907351644,0.284301614513458,131.0096565677784,33.73906838238821,17.934535099790526
moderate,idrid_IDRiD_062test.jpg,4288,2848,3,1.5056179775280898,4288x2848,74.09266485776874,48.91536874800768,0.3058808944218514,105.22353433596744,16.615996844862845,24.303729852832603
moderate,idrid_IDRiD_063.jpg,4288,2848,3,1.5056179775280898,4288x2848,62.36518950192856,43.2654344919201,0.308658603052155,89.47238800419197,18.048639265156776,20.262556189543524
moderate,idrid_IDRiD_064.jpg,4288,2848,3,1.5056179775280898,4288x2848,63.14003043180341,45.19468802207357,0.3086961064585779,90.5443263600051,22.818014006191778,18.09789125952084
moderate,idrid_IDRiD_065test.jpg,4288,2848,3,1.5056179775280898,4288x2848,69.82936736175164,47.40433531277657,0.3019868453117139,98.54614112865431,22.041810573500047,22.948319072770033
moderate,idrid_IDRiD_067test.jpg,4288,2848,3,1.5056179775280898,4288x2848,66.5088036380597,44.779726597303565,0.3079122197562049,94.9498753598438,16.373227068803846,23.307456117901935
moderate,idrid_IDRiD_068.jpg,4288,2848,3,1.5056179775280898,4288x2848,59.2673829107622,40.03707076751279,0.30878855481196543,84.61669230866738,15.360147984637319,27.19231910552734
moderate,idrid_IDRiD_069.jpg,4288,2848,3,1.5056179775280898,4288x2848,61.0320444498889,44.5551365915816,0.3088495592612779,87.15493009642574,25.708857178109813,28.820120312758373
moderate,idrid_IDRiD_071.jpg,4288,2848,3,1.5056179775280898,4288x2848,54.897410004926215,38.95567084132348,0.30892440230379004,78.40626927675225,20.12569271069646,23.770880307269508
moderate,idrid_IDRiD_072.jpg,4288,2848,3,1.5056179775280898,4288x2848,53.846891360656336,37.55842517626484,0.30897803708808486,76.95542578637182,17.646033485071978,24.261533442924495
moderate,idrid_IDRiD_072test.jpg,4288,2848,3,1.5056179775280898,4288x2848,64.34963033760272,44.90310633194349,0.3081467388740986,91.8767150266414,21.29266751434279,5.705381591300707
moderate,idrid_IDRiD_073.jpg,4288,2848,3,1.5056179775280898,4288x2848,88.80539032038718,59.441445052901,0.30612401148226565,126.5672969135694,20.76299531123104,19.70389971349836
moderate,idrid_IDRiD_074.jpg,4288,2848,3,1.5056179775280898,4288x2848,69.48593139136655,49.28194404310011,0.30855583716774276,99.70419955019327,23.48900138319345,22.050441505405715
moderate,idrid_IDRiD_076.jpg,4288,2848,3,1.5056179775280898,4288x2848,57.35808367091858,40.18346565058442,0.3086304345547543,82.13069573477229,18.59358570698876,9.409822649763148
moderate,idrid_IDRiD_076test.jpg,4288,2848,3,1.5056179775280898,4288x2848,53.104854038052366,36.75645716135222,0.3069874086816619,75.45774583565958,17.877068798472546,27.193210343961525
moderate,idrid_IDRiD_078.jpg,4288,2848,3,1.5056179775280898,4288x2848,92.60193172021738,61.82984002157556,0.3003420179649505,130.32638962686585,26.886087537664046,19.25070183566995
moderate,idrid_IDRiD_079test.jpg,4288,2848,3,1.5056179775280898,4288x2848,63.36396261647346,43.51337207252234,0.30870093768342277,90.37386996125107,19.323750502380694,25.599866248359344
moderate,idrid_IDRiD_080.jpg,4288,2848,3,1.5056179775280898,4288x2848,63.94021170918581,45.67284380746139,0.3088754349740064,91.81787744035427,22.376777091208076,23.972126286605913
moderate,idrid_IDRiD_081test.jpg,4288,2848,3,1.5056179775280898,4288x2848,69.77153841921013,46.354815769346544,0.30413059898016936,98.60972818318608,18.708737941159107,13.377391616286802
moderate,idrid_IDRiD_082.jpg,4288,2848,3,1.5056179775280898,4288x2848,77.74637944734718,54.42935100363407,0.30784785801505116,111.04151185944117,26.01818634244433,23.95639508334058
moderate,idrid_IDRiD_082test.jpg,4288,2848,3,1.5056179775280898,4288x2848,55.26227949962267,38.15368393980926,0.30890474986374306,78.94928618061307,16.980420039821713,14.46486430247735
moderate,idrid_IDRiD_083.jpg,4288,2848,3,1.5056179775280898,4288x2848,55.988490139060666,39.35379707080029,0.3088254031370535,80.51760127827065,17.074816489561172,19.032416044775488
moderate,idrid_IDRiD_083test.jpg,4288,2848,3,1.5056179775280898,4288x2848,73.88961388195959,50.30667726344949,0.2926282714761865,102.67988010069246,27.23796598878692,10.731544392749194
moderate,idrid_IDRiD_084.jpg,4288,2848,3,1.5056179775280898,4288x2848,47.98876715658016,35.072788455699374,0.30943331861583934,68.97831171579993,18.88642733578402,21.860068893034722
moderate,idrid_IDRiD_084test.jpg,4288,2848,3,1.5056179775280898,4288x2848,58.468862919645105,42.23236188347544,0.30906131430278383,83.46185886579809,23.623640972772794,27.422142105841132
moderate,idrid_IDRiD_085.jpg,4288,2848,3,1.5056179775280898,4288x2848,39.92129066744927,28.555297522364736,0.30968511550394096,57.438856953742935,13.762192576358173,21.197197660302784
moderate,idrid_IDRiD_086test.jpg,4288,2848,3,1.5056179775280898,4288x2848,64.44385912017336,43.56633023741644,0.3081442004339259,91.80790268973091,17.63681507726548,26.493866064033096
moderate,idrid_IDRiD_087.jpg,4288,2848,3,1.5056179775280898,4288x2848,64.90894549592278,46.744517407386624,0.30844021531213317,92.53253958358569,26.14629102314244,20.108891958311713
moderate,idrid_IDRiD_087test.jpg,4288,2848,3,1.5056179775280898,4288x2848,63.46554435948767,43.90392307055956,0.30831681436567165,90.10824269947047,21.987579429509086,9.136729885810984
moderate,idrid_IDRiD_091.jpg,4288,2848,3,1.5056179775280898,4288x2848,61.018272511214995,42.27923981458619,0.30859063836365924,87.06403844974079,19.62474545059648,22.15636725941209
moderate,idrid_IDRiD_091test.jpg,4288,2848,3,1.5056179775280898,4288x2848,57.80018831950675,41.0937514581432,0.30971975292952375,83.2975383805443,18.635332800145836,9.640076287331587
moderate,idrid_IDRiD_092.jpg,4288,2848,3,1.5056179775280898,4288x2848,62.474366257939586,42.40989156821353,0.3083868261833389,89.09898136840106,17.3166512548492,26.256018640033048
moderate,idrid_IDRiD_093.jpg,4288,2848,3,1.5056179775280898,4288x2848,55.40006586842822,37.885146022341715,0.3089816400354268,79.32317131047506,14.93972060699104,25.118088810005034
moderate,idrid_IDRiD_094.jpg,4288,2848,3,1.5056179775280898,4288x2848,53.681101411176215,37.13262233821725,0.30887396104100284,76.90472283430721,15.731239204182446,20.967903388908198
moderate,idrid_IDRiD_097.jpg,4288,2848,3,1.5056179775280898,4288x2848,86.40263255898353,56.284398822059806,0.3035363583242495,121.98213869590623,19.367109776873562,22.246575807924202
moderate,idrid_IDRiD_100test.jpg,4288,2848,3,1.5056179775280898,4288x2848,57.58665620610955,38.93696120687919,0.308833427883406,81.6982372630834,17.612931381496598,9.577932813679208
moderate,idrid_IDRiD_102.jpg,4288,2848,3,1.5056179775280898,4288x2848,78.67783615826241,53.68344044847644,0.3016284339363575,110.86400083483122,26.251300034928896,22.313238682247853
moderate,idrid_IDRiD_102test.jpg,4288,2848,3,1.5056179775280898,4288x2848,77.69100362063453,52.91699969492984,0.30430747094059196,109.4074874237181,26.79374774345185,6.946393707300426
moderate,idrid_IDRiD_103.jpg,4288,2848,3,1.5056179775280898,4288x2848,48.64516029185184,39.14307153803973,0.3093724779368606,69.76944612215793,27.83522918317988,21.646172964322272
moderate,idrid_IDRiD_106.jpg,4288,2848,3,1.5056179775280898,4288x2848,76.13016187714867,51.182339016348536,0.3044575664514506,107.83414738666278,21.485151431975172,15.174323197407677
moderate,idrid_IDRiD_107.jpg,4288,2848,3,1.5056179775280898,4288x2848,56.59104328580936,40.800866750284136,0.3081170145585276,80.77619590907315,22.487677051905738,6.566495176757982
moderate,idrid_IDRiD_109.jpg,4288,2848,3,1.5056179775280898,4288x2848,72.71023574411998,47.778087967362175,0.30727376111017946,103.56655367643026,13.9404911383675,6.932303239274192
moderate,idrid_IDRiD_113.jpg,4288,2848,3,1.5056179775280898,4288x2848,70.56909544076493,46.9423826513486,0.30588924670887135,100.08231248811438,18.0144524651642,25.10864491183806
moderate,idrid_IDRiD_116.jpg,4288,2848,3,1.5056179775280898,4288x2848,86.63129942588672,58.86399948414325,0.307533337089133,123.72321729479063,22.97338179449157,20.802191802352358
moderate,idrid_IDRiD_117.jpg,4288,2848,3,1.5056179775280898,4288x2848,66.53246656792408,46.222101972040385,0.30880550504150595,95.643114186884,18.591245630333525,24.566471591317175
moderate,idrid_IDRiD_121.jpg,4288,2848,3,1.5056179775280898,4288x2848,72.20435565217278,48.35853003715275,0.3075637983712058,102.64799000400417,19.01636438483306,27.018537982708743
moderate,idrid_IDRiD_122.jpg,4288,2848,3,1.5056179775280898,4288x2848,42.58914723477067,30.702733049038667,0.309597088949564,61.18164423156183,15.747835511062735,22.606938586597114
moderate,idrid_IDRiD_123.jpg,4288,2848,3,1.5056179775280898,4288x2848,71.49359412339636,48.055168222706634,0.30790108337351163,101.80096028580938,18.736475521054356,25.33824182738932
moderate,idrid_IDRiD_124.jpg,4288,2848,3,1.5056179775280898,4288x2848,30.87165458150784,21.858862966835122,0.30951258345736204,43.79174781707718,12.34098500656757,4.403280598060765
moderate,idrid_IDRiD_125.jpg,4288,2848,3,1.5056179775280898,4288x2848,62.22447663914452,42.69170029758727,0.3082987177437951,89.23711849982202,16.329521384197246,25.300535594499404
moderate,idrid_IDRiD_126.jpg,4288,2848,3,1.5056179775280898,4288x2848,64.198659801851,44.0850401735735,0.30871837922396445,91.8192892135901,18.387956540520744,27.08386555578047
moderate,idrid_IDRiD_127.jpg,4288,2848,3,1.5056179775280898,4288x2848,46.79368295242537,33.489618901095916,0.30946173276874056,67.51340933152204,15.373855557371082,13.122014957209256
moderate,idrid_IDRiD_128.jpg,4288,2848,3,1.5056179775280898,4288x2848,83.66648015955161,57.41265515017286,0.3075211361992705,119.56211383461671,23.83292607209095,19.98583427259348
moderate,idrid_IDRiD_129.jpg,4288,2848,3,1.5056179775280898,4288x2848,68.22988711965978,47.744341132401836,0.3074046954919923,97.02701637678972,24.31211303678633,21.98224926095838
moderate,idrid_IDRiD_130.jpg,4288,2848,3,1.5056179775280898,4288x2848,44.74522077223608,31.31515761307464,0.30916367076136175,64.13272202419729,14.233532063800034,19.24881487497578
moderate,idrid_IDRiD_131.jpg,4288,2848,3,1.5056179775280898,4288x2848,72.1477722649044,47.15460069604782,0.3071908933213148,102.491532773729,14.475409721481551,17.6638816960451
moderate,idrid_IDRiD_132.jpg,4288,2848,3,1.5056179775280898,4288x2848,70.06799727879213,49.775272099310904,0.30964278087267316,101.046302739824,22.125352798791056,10.389670137060032
moderate,idrid_IDRiD_133.jpg,4288,2848,3,1.5056179775280898,4288x2848,70.8396740020491,47.03956500653838,0.2983854537879423,99.25189682309413,21.094558952154337,10.241863398076973
moderate,idrid_IDRiD_134.jpg,4288,2848,3,1.5056179775280898,4288x2848,64.01621915877075,42.866632212896796,0.3064239568484823,90.78592192352728,17.549865134910412,29.082663976332707
moderate,idrid_IDRiD_135.jpg,4288,2848,3,1.5056179775280898,4288x2848,63.81097005754234,44.67237727423863,0.30779266741258593,90.65086354103342,23.23650007973953,25.6433776514084
moderate,idrid_IDRiD_136.jpg,4288,2848,3,1.5056179775280898,4288x2848,45.99890871638122,31.24737860889262,0.30896919349006374,65.94911934710926,11.121446551589473,10.360122119751662
moderate,idrid_IDRiD_137.jpg,4288,2848,3,1.5056179775280898,4288x2848,48.2558331717466,31.956523742504288,0.30864632027712563,69.10148234636975,8.245338244953844,8.105602303909063
moderate,idrid_IDRiD_185.jpg,4288,2848,3,1.5056179775280898,4288x2848,72.00304776591062,50.105441908945146,0.3087117465254486,103.48837828012641,20.47429335588921,28.357351943483735
moderate,idrid_IDRiD_186.jpg,4288,2848,3,1.5056179775280898,4288x2848,63.59674429489665,46.79012888353712,0.30919748933527585,91.72650607765193,24.686083663738327,28.080061090660664
moderate,idrid_IDRiD_187.jpg,4288,2848,3,1.5056179775280898,4288x2848,57.011439439695835,42.457778010170756,0.30900284829364416,82.48871793133752,22.541052192115934,20.660047669704852
moderate,idrid_IDRiD_188.jpg,4288,2848,3,1.5056179775280898,4288x2848,67.88502782130429,48.99948730883432,0.30897697258091567,98.22026186264416,22.2732172017232,24.606299392961006
moderate,idrid_IDRiD_191.jpg,4288,2848,3,1.5056179775280898,4288x2848,84.51847935314649,59.496115273684424,0.3087941230033121,122.25643024697669,22.563191898227576,16.39888418002183
moderate,idrid_IDRiD_196.jpg,4288,2848,3,1.5056179775280898,4288x2848,77.20371490074207,59.628806669851095,0.30892464795929064,111.6969971326728,35.96590892711627,20.24403073332075
moderate,idrid_IDRiD_231.jpg,4288,2848,3,1.5056179775280898,4288x2848,78.88383467253794,55.85883409851379,0.30944805794587454,114.21292846407195,22.01990769956694,20.093122022654526
moderate,idrid_IDRiD_232.jpg,4288,2848,3,1.5056179775280898,4288x2848,76.31895205983776,53.312739333287546,0.30941587707529766,110.49335880139937,18.46941239340263,20.25891893122541
moderate,idrid_IDRiD_236.jpg,4288,2848,3,1.5056179775280898,4288x2848,80.93620686944492,56.23220708790634,0.3091881544262536,117.13948616872062,18.387920151156322,16.585390338424837
moderate,idrid_IDRiD_237.jpg,4288,2848,3,1.5056179775280898,4288x2848,82.2938066809125,56.89049610765054,0.3093636343388395,119.13562557044493,17.284134864089236,16.305019869613282
moderate,idrid_IDRiD_241.jpg,4288,2848,3,1.5056179775280898,4288x2848,77.8435834455706,54.30257850741491,0.3094009739749287,112.70042306210168,18.5159748597936,25.178162708297524
moderate,idrid_IDRiD_242.jpg,4288,2848,3,1.5056179775280898,4288x2848,77.88323985868585,55.04657543500719,0.3094288149316619,112.76123916660046,21.363592710697837,21.59324206407761
moderate,idrid_IDRiD_245.jpg,4288,2848,3,1.5056179775280898,4288x2848,74.11394918730609,53.2846623353391,0.3094575566252306,107.3063815870374,23.47996152925097,18.74336189691228
moderate,idrid_IDRiD_247.jpg,4288,2848,3,1.5056179775280898,4288x2848,73.69985270496184,53.689074839938144,0.3096200167962854,106.73496831661443,25.5042994344599,27.882547518505646
moderate,idrid_IDRiD_248.jpg,4288,2848,3,1.5056179775280898,4288x2848,73.87355775655605,52.52891595246637,0.30932817806158813,106.94004011315718,21.453428028016894,28.790337942328733
moderate,idrid_IDRiD_252.jpg,4288,2848,3,1.5056179775280898,4288x2848,70.77231919427616,52.402976154374365,0.3095587666914724,102.48461655326493,26.989997659217018,27.089282501446828
moderate,idrid_IDRiD_261.jpg,4288,2848,3,1.5056179775280898,4288x2848,64.65908707537628,46.60508058964653,0.30955049628961934,93.62973314275602,20.842049770088394,29.696629458951644
moderate,idrid_IDRiD_262.jpg,4288,2848,3,1.5056179775280898,4288x2848,82.78400445324291,57.763027158322664,0.30902159999685563,119.78397816264088,19.9634406009355,22.857902291572376
moderate,idrid_IDRiD_280.jpg,4288,2848,3,1.5056179775280898,4288x2848,62.48180839132987,44.864110472029935,0.30961362975327017,90.48514716789032,19.559546234818004,27.804834891272
moderate,idrid_IDRiD_281.jpg,4288,2848,3,1.5056179775280898,4288x2848,62.095449690408564,43.67859429503069,0.30965129693002685,89.93036468057845,16.16667551870032,28.476570605957694
moderate,idrid_IDRiD_283.jpg,4288,2848,3,1.5056179775280898,4288x2848,72.58197245645019,50.96204187445021,0.3096322995713148,105.11575467697791,18.53260112890687,24.251526415228806
moderate,idrid_IDRiD_284.jpg,4288,2848,3,1.5056179775280898,4288x2848,72.6683900491835,50.50186829132932,0.3095837416673654,105.23385836334572,16.381935220412736,24.30268442482609
moderate,idrid_IDRiD_293.jpg,4288,2848,3,1.5056179775280898,4288x2848,76.57135235973398,53.77837577620079,0.3092752802437951,110.83637766833012,19.766230909637443,24.146100084579235
moderate,idrid_IDRiD_294.jpg,4288,2848,3,1.5056179775280898,4288x2848,78.8277081226155,54.523378741432026,0.3095323177825759,114.14664938201972,16.59375290905224,23.47394060955336
moderate,idrid_IDRiD_300.jpg,4288,2848,3,1.5056179775280898,4288x2848,63.76144156871017,46.03314648392903,0.309660713724216,92.34581128363915,20.758378429529696,28.411342597010155
moderate,idrid_IDRiD_303.jpg,4288,2848,3,1.5056179775280898,4288x2848,86.54275453840349,59.42423493482906,0.30924555592822406,125.26547290735697,16.226852382399166,21.1570595166006
moderate,idrid_IDRiD_310.jpg,4288,2848,3,1.5056179775280898,4288x2848,83.73342054649505,59.8601408028798,0.3094127654389569,121.22925934647647,25.390749240784697,23.02423104604246
moderate,idrid_IDRiD_319.jpg,4288,2848,3,1.5056179775280898,4288x2848,72.17894267252223,49.877066532526364,0.30857172289011403,103.5225423108366,20.31461867001715,23.24217677138693
moderate,idrid_IDRiD_322.jpg,4288,2848,3,1.5056179775280898,4288x2848,53.445196796259225,39.148163800847705,0.3092500596124015,76.81478480528874,21.25268933485465,14.120924246406464
moderate,idrid_IDRiD_325.jpg,4288,2848,3,1.5056179775280898,4288x2848,82.5405649290416,57.491805898497546,0.30827701817457653,118.10214767109134,25.962276967992594,23.694137610766507
moderate,idrid_IDRiD_326.jpg,4288,2848,3,1.5056179775280898,4288x2848,78.12179689792785,56.50395528827465,0.3085515791390659,111.86545458894902,30.41670807332841,24.836393677788983
moderate,idrid_IDRiD_328.jpg,4288,2848,3,1.5056179775280898,4288x2848,56.19056176827415,38.87441252967043,0.30914410020648164,80.67756709317074,15.70342770016157,25.12096166842768
moderate,idrid_IDRiD_332.jpg,4288,2848,3,1.5056179775280898,4288x2848,67.12098942829742,44.40764105570806,0.3081623789409693,96.00124383409107,11.925485097029284,17.809245063786413
moderate,idrid_IDRiD_333.jpg,4288,2848,3,1.5056179775280898,4288x2848,83.07906553302658,54.84626132427726,0.30714159845086364,118.24840303110311,17.65488872409573,23.082592654472005
moderate,idrid_IDRiD_337.jpg,4288,2848,3,1.5056179775280898,4288x2848,51.62980420273981,34.92124709773776,0.3091838963975767,74.51328830860459,8.435153085310741,22.39692983014871
moderate,idrid_IDRiD_338.jpg,4288,2848,3,1.5056179775280898,4288x2848,60.40711798276874,43.50022491472345,0.30918864573725474,87.13390600642957,20.694892389067487,22.238450096569725
moderate,idrid_IDRiD_340.jpg,4288,2848,3,1.5056179775280898,4288x2848,70.79871299445539,48.331611491531305,0.30887551685917325,101.8125663864234,16.266294082192054,26.663725540035173
moderate,idrid_IDRiD_343.jpg,4288,2848,3,1.5056179775280898,4288x2848,53.48976394471637,38.270529725998415,0.3093899194774023,77.0466617697538,18.067600214466434,24.118331923673814
moderate,idrid_IDRiD_348.jpg,4288,2848,3,1.5056179775280898,4288x2848,75.24475771161748,51.83977689309527,0.30810538686483313,107.90075923372214,20.525640537817118,18.88240847799125
moderate,idrid_IDRiD_349.jpg,4288,2848,3,1.5056179775280898,4288x2848,65.09803742545175,43.999796555090185,0.3087074066116049,93.49362501806397,13.685158938137473,27.923456362590883
moderate,idrid_IDRiD_350.jpg,4288,2848,3,1.5056179775280898,4288x2848,58.97501675370514,40.85355870137523,0.30890933543308735,84.83457219250704,15.788332662893968,27.58695049874638
moderate,idrid_IDRiD_360.jpg,4288,2848,3,1.5056179775280898,4288x2848,55.53188698471302,39.793822091082504,0.30932514831041424,79.90397698737924,19.273544835175162,25.627364593061785
moderate,idrid_IDRiD_363.jpg,4288,2848,3,1.5056179775280898,4288x2848,82.72398721150218,55.84369208844371,0.30790353992851754,118.27368479338176,19.984237728953165,6.738978420293917
moderate,idrid_IDRiD_374.jpg,4288,2848,3,1.5056179775280898,4288x2848,48.454383738785005,36.9133676418539,0.3095087348545195,69.84529792939975,22.234100318891592,27.43003198608667
moderate,idrid_IDRiD_375.jpg,4288,2848,3,1.5056179775280898,4288x2848,88.80539032038718,59.441445052901,0.30612401148226565,126.5672969135694,20.76299531123104,19.70389971349836
moderate,idrid_IDRiD_391.jpg,4288,2848,3,1.5056179775280898,4288x2848,81.9724622640397,54.75893537454731,0.30724002442143217,116.77817896630552,19.559772860931965,22.699346074251725
moderate,idrid_IDRiD_397.jpg,4288,2848,3,1.5056179775280898,4288x2848,48.58157121913257,36.75712707013213,0.30961821532261447,69.85991668699815,22.221865074736893,23.07433043645447
moderate,idrid_IDRiD_398.jpg,4288,2848,3,1.5056179775280898,4288x2848,66.44143720259308,44.74907230275359,0.30880222963483145,95.26235063786997,14.343685907568963,22.91180877337529
moderate,idrid_IDRiD_401.jpg,4288,2848,3,1.5056179775280898,4288x2848,77.02378035319366,50.299116155621796,0.3061633982475264,109.57786540478737,13.502947793750579,24.447639920076774
moderate,idrid_IDRiD_404.jpg,4288,2848,3,1.5056179775280898,4288x2848,94.39371903102989,62.26383034228359,0.29605090768069764,132.04948990227044,26.734270889260028,18.16626684790767
moderate,idrid_IDRiD_405.jpg,4288,2848,3,1.5056179775280898,4288x2848,82.6027359963263,55.55748119730664,0.30735015997086196,117.84520111907193,20.312961138574806,20.533655291530295
moderate,idrid_IDRiD_407.jpg,4288,2848,3,1.5056179775280898,4288x2848,77.10501674387892,52.49155492563698,0.3077125018342277,109.89706625094477,21.98159339911214,24.34630039215896
moderate,idrid_IDRiD_409.jpg,4288,2848,3,1.5056179775280898,4288x2848,76.16131205913027,50.973928754213055,0.3063904658152356,108.35675316081726,18.992961199801957,23.202302052956888
moderate,idrid_IDRiD_410.jpg,4288,2848,3,1.5056179775280898,4288x2848,63.46644223034232,43.62768834048508,0.30849147542658895,90.68410536732594,18.69144724377853,22.74181713223548
moderate,idrid_IDRiD_411.jpg,4288,2848,3,1.5056179775280898,4288x2848,67.18192673177302,45.69342811396028,0.30850998147429987,95.90175805195041,18.54170195623325,24.51908333503681
moderate,idrid_IDRiD_413.jpg,4288,2848,3,1.5056179775280898,4288x2848,52.4383104993816,37.95703417060575,0.30924072470337916,74.43301124612317,22.817940819550486,10.204315033853865
severe,aptos_0104b032c141.png,2416,1736,3,1.391705069124424,2416x1736,86.17878672711875,41.78593167415661,0.16570811525315104,102.88328650790316,20.22079168717709,9.325049538282514
severe,aptos_03c85870824c.png,2416,1736,3,1.391705069124424,2416x1736,65.52596648304697,30.521651232698144,0.1670626125370037,78.26508851044487,12.122345595309497,13.464125009365139
severe,aptos_042470a92154.png,2416,1736,3,1.391705069124424,2416x1736,60.35613455420087,27.920333964032356,0.16707167271950438,72.06057282089213,10.765042981320473,11.512642287296877
severe,aptos_05cd0178ccfe.png,2416,1736,3,1.391705069124424,2416x1736,87.90457100512711,47.135584279155125,0.16649778168584245,105.03591767965204,30.046717647185286,12.179783343781592
severe,aptos_069f43616fab.png,2896,1944,3,1.4897119341563787,2896x1944,75.81711364333947,68.41812590266689,0.451733127003615,136.58940221845978,19.02210187202537,4.499247045726482
severe,aptos_070f67572d03.png,2416,1736,3,1.391705069124424,2416x1736,78.60500012398144,36.38417381453707,0.1657405411694693,93.81688358862782,13.805123388791317,7.906597380613588
severe,aptos_07a0e34c8d20.png,2588,1958,3,1.3217568947906027,2588x1958,70.01177786057438,29.621966327018704,0.09230884904477805,76.38466614212226,22.947162016762025,14.606537914437407
severe,aptos_093a42649c29.png,4288,2848,3,1.5056179775280898,4288x2848,53.79169109574145,34.71504605493227,0.2799544128899044,74.20370261281299,13.61069239004703,5.3724586932144724
severe,aptos_0c917c372572.png,2416,1736,3,1.391705069124424,2416x1736,96.52144735938597,45.067594290495464,0.16623765907773064,115.35506467643481,17.38576257666122,10.000623483608768
severe,aptos_0cb14014117d.png,3216,2136,3,1.5056179775280898,3216x2136,58.66408098785101,35.336394747509836,0.2542581742504705,78.20155243802145,13.15009973173055,14.219807150317868
severe,aptos_0dc8d25b3f69.png,2416,1736,3,1.391705069124424,2416x1736,77.94727140682699,35.290451029760156,0.16668756866664633,93.13080065315063,10.555315379251255,10.741638629864559
severe,aptos_0edadb2aa127.png,4288,2848,3,1.5056179775280898,4288x2848,45.99868385971302,29.837000883683338,0.27739861306179775,63.19461843466594,12.879695361973187,5.687798717079034
severe,aptos_0f882877bf13.png,2588,1958,3,1.3217568947906027,2588x1958,50.08373979536258,28.13829072656321,0.08759352113076302,54.108380100449,26.12832244980569,17.07563841673185
severe,aptos_0f96c358a250.png,2416,1736,3,1.391705069124424,2416x1736,90.44607212477493,43.745128125645714,0.1664973048341319,108.09948233008387,20.593067729782785,7.250703582617778
severe,aptos_14e3f84445f7.png,1504,1000,3,1.504,1504x1000,65.29534973404256,40.426807712611605,0.26443284574468084,88.4990088520853,13.619476651451693,26.31459076677618
severe,aptos_15bed5adde74.png,2896,1944,3,1.4897119341563787,2896x1944,33.51800535860446,31.563581276138464,0.45334170304435806,59.931956173499394,16.824855960281827,6.748633705039456
severe,aptos_15f440753916.png,2416,1736,3,1.391705069124424,2416x1736,96.61341202658163,45.54289130594476,0.16560249259926146,115.3776112195359,18.963150644013233,7.8172186778499135
severe,aptos_1623e8e3adc4.png,3216,2136,3,1.5056179775280898,3216x2136,72.63932459076341,42.331523406693954,0.2541069232489239,96.73859503261238,10.801129500720956,3.69680256570713
severe,aptos_166068a24416.png,2416,1736,3,1.391705069124424,2416x1736,64.23692258026368,30.652628035918116,0.1667261936552019,76.70383018440887,13.974886245624978,10.420170731948021
severe,aptos_191a711852bd.png,2416,1736,3,1.391705069124424,2416x1736,84.24798172513505,38.50324370723479,0.16633541367839594,100.64915247547859,12.689761052480257,9.082730193993541
severe,aptos_19244004583f.png,2416,1736,3,1.391705069124424,2416x1736,78.3284432985168,35.97780379106775,0.16633279099398784,93.54467793511714,12.673209068713417,11.674127883130085
severe,aptos_1ab3f1c71a5f.png,3216,2136,3,1.5056179775280898,3216x2136,78.84067126329961,46.44938815487738,0.2553821482475264,105.24517600966557,12.932493091706451,5.216153981980653
severe,aptos_1b495ac025b7.png,2416,1736,3,1.391705069124424,2416x1736,56.41605574015015,28.26421117734697,0.166734776985992,67.33527084482044,15.606124686112349,11.721863364790742
severe,aptos_1c9521878baf.png,3216,2136,3,1.5056179775280898,3216x2136,67.86000926430582,40.842553853618796,0.25464059617642126,90.42260760125575,15.447585813435799,4.143549572056224
severe,aptos_237c078d00fc.png,2588,1958,3,1.3217568947906027,2588x1958,82.5699553450908,35.98756309975653,0.09132430183782145,90.10136287347954,28.355035346039628,15.294823045939271
severe,aptos_24b87f744598.png,3216,2136,3,1.5056179775280898,3216x2136,76.10074874340843,44.65890035866581,0.2534439809380066,101.23129163356651,13.394476192136556,3.4345374286780936
severe,aptos_25b0e72705a8.png,2416,1736,3,1.391705069124424,2416x1736,53.29775169186987,25.29366441080048,0.16737590411084322,63.61475895230819,11.505492235225484,11.214021536909112
severe,aptos_2665f72e2dd3.png,2896,1944,3,1.4897119341563787,2896x1944,49.67542395641498,44.75075698412553,0.4527056263215333,89.12077615945367,14.896871531315394,5.915551001052048
severe,aptos_269b44e628eb.png,2588,1958,3,1.3217568947906027,2588x1958,59.51616401936809,24.887153695641384,0.09369163563109693,64.99462976914735,19.050433810566936,13.798833263247339
severe,aptos_299086c6d1b5.png,2588,1958,3,1.3217568947906027,2588x1958,43.830504939115556,25.9509265504841,0.09539411884505054,47.98963658341683,23.728660625364938,12.066582347160086
severe,aptos_2b48daf24be0.png,2416,1736,3,1.391705069124424,2416x1736,97.29564758369702,44.636590467596854,0.16608149014252144,116.24239471569227,15.088864041779653,6.470222752811602
severe,aptos_2bb063318cf1.png,3216,2136,3,1.5056179775280898,3216x2136,63.02078456616729,38.00288309405885,0.25396935616859523,83.91258643079243,14.733702127840631,5.737825238632736
severe,aptos_2bbd1f99ecc3.png,2896,1944,3,1.4897119341563787,2896x1944,46.314333094604734,41.51227772963466,0.45233154713184637,82.95829437316206,13.329788545561245,5.588914680030981
severe,aptos_2f42e20db938.png,2588,1958,3,1.3217568947906027,2588x1958,63.31756235662988,27.007091971770482,0.09207697031794422,68.98293919954303,21.321886220393914,14.088325264417563
severe,aptos_31616ff6b53b.png,2416,1736,3,1.391705069124424,2416x1736,71.60163259720146,36.001567482027,0.16649229789117098,85.50122000824972,19.862982514064775,8.87245718567434
severe,aptos_3218a6d8eb2c.png,3388,2588,3,1.3091190108191655,3388x2588,49.905035432812234,29.387252215734573,0.2494035225698848,66.11699824564549,9.830652632185906,6.010230556346831
severe,aptos_33778d136069.png,1476,1117,3,1.3213965980304387,1476x1117,83.06139472988284,35.48882225794927,0.06354370616221829,88.11753138747403,30.699708640100177,35.220674516197846
severe,aptos_3435fd8675a2.png,1476,1117,3,1.3213965980304387,1476x1117,78.76095899052098,29.298349691576764,0.029429390086201667,80.88120214576934,27.048494309580615,48.53721561777102
severe,aptos_352e4a939242.png,2588,1958,3,1.3217568947906027,2588x1958,81.06937850975588,48.230758640536706,0.09273767668172267,88.77028212192438,43.86476946263545,38.02015003424052
severe,aptos_36865bbc64d6.png,2896,1944,3,1.4897119341563787,2896x1944,35.689038591614946,32.37166864214484,0.45318414927358297,63.899414873003764,12.647640587412218,6.7336183155536515
severe,aptos_36b5b3c9fb32.png,2588,1958,3,1.3217568947906027,2588x1958,83.63966026115662,34.95016785185515,0.09181746348748762,91.33711788931727,26.449021629239233,15.907727460540485
severe,aptos_38055d8b9f08.png,2416,1736,3,1.391705069124424,2416x1736,96.51461812761315,44.19030444182993,0.16644604327524642,115.33597277172781,14.640187651734816,10.210759395667587
severe,aptos_383e72af1955.png,2416,1736,3,1.391705069124424,2416x1736,83.59207839632862,39.44768960613892,0.16646630947294533,99.86760848939083,16.599717757689625,11.696030637609141
severe,aptos_39aa3cd93c50.png,2588,1958,3,1.3217568947906027,2588x1958,54.81098114500334,24.957200264048723,0.09544700692912839,60.06001511897191,19.995025057107817,14.006385644111642
severe,aptos_3b018e8b7303.png,2588,1958,3,1.3217568947906027,2588x1958,57.85509079384225,26.090700800258396,0.09487589455852659,63.30995550239516,20.937791721650907,4.471071397778388
severe,aptos_3e3a3955b9c5.png,2416,1736,3,1.391705069124424,2416x1736,77.46525658436842,35.02296859987457,0.16616160122989593,92.50266308100758,10.493340566202754,9.84760558438017
severe,aptos_3f49f8d100e9.png,2588,1958,3,1.3217568947906027,2588x1958,47.20577904937221,27.092776426492186,0.09540063118376162,51.61621901096888,24.645881843095594,12.7774349031287
severe,aptos_3fa4f4d77177.png,2416,1736,3,1.391705069124424,2416x1736,66.09934704695273,30.90988265517276,0.166940776924955,78.94032078447692,12.613826424976073,10.259697011580505
severe,aptos_405b4f78658f.png,2146,1764,3,1.2165532879818595,2146x1764,54.84542327337894,26.72448899687097,0.18722698771959856,67.06939867160169,8.971028990855217,10.22715285023821
severe,aptos_4294a14c656a.png,3216,2136,3,1.5056179775280898,3216x2136,94.72609113258613,55.506133801661456,0.2518068598952802,125.85381195496943,16.414842744445522,4.916364986797411
severe,aptos_42cc993f23a9.png,2588,1958,3,1.3217568947906027,2588x1958,67.80711834142969,24.638112800736288,0.09201618848997416,73.93320039208612,16.14150664844948,14.385326200207981
severe,aptos_4360a112db10.png,2896,1944,3,1.4897119341563787,2896x1944,49.4079960581361,46.49560849258579,0.4525482501762044,88.5961794347087,23.56183374883829,5.920521138842913
severe,aptos_457c7c927e27.png,2588,1958,3,1.3217568947906027,2588x1958,50.037434304316456,26.720882167063284,0.09549180392571671,54.84040207548166,23.40327992119158,12.413195655724024
severe,aptos_498f143c0374.png,4288,2848,3,1.5056179775280898,4288x2848,63.06729208373512,42.6046084632695,0.280429264972539,87.09264233673993,21.541388325357087,4.506885887443103
severe,aptos_4b618537d52f.png,2416,1736,3,1.391705069124424,2416x1736,85.78677385021516,39.57167180595553,0.16680702002014222,102.55374728363358,13.927878016734484,8.378262618472302
severe,aptos_4c570172778b.png,3388,2588,3,1.3091190108191655,3388x2588,65.18408582249562,39.35792606160251,0.24609826207233823,86.06704502460471,16.808194002449824,6.453426403450884
severe,aptos_4c60b10a3a6a.png,2588,1958,3,1.3217568947906027,2588x1958,44.77225818699648,27.650994066355505,0.09555396715886791,49.04025176828886,25.585913554614486,12.324477473623055
severe,aptos_4c9f0fdaaef7.png,2588,1958,3,1.3217568947906027,2588x1958,43.89352799832021,24.49575787946956,0.09618349323427211,48.08897308748005,21.927158964033413,11.748010572995566
severe,aptos_4d47300e3ddb.png,2588,1958,3,1.3217568947906027,2588x1958,53.1277829394092,27.06965881548508,0.09578999010124516,58.2804982728807,23.089564122257965,13.079026834432963
severe,aptos_4d9fc85a8259.png,2416,1736,3,1.391705069124424,2416x1736,79.37412259285256,36.13527050261694,0.16641385578478346,94.81318297228968,11.576535166211942,7.958533927639512
severe,aptos_4df6a81b476e.png,2588,1958,3,1.3217568947906027,2588x1958,56.92105052311841,28.310287345872606,0.09599621416042929,62.432697383156274,23.874742948594832,15.361617140673507
severe,aptos_4f0866b90c27.png,2896,1944,3,1.4897119341563787,2896x1944,34.66199724893709,32.6288553629946,0.4534861125321147,61.77199160030123,18.08617124602635,6.389352491242369
severe,aptos_4fecf87184e6.png,2416,1736,3,1.391705069124424,2416x1736,66.04928572382275,30.20953997996705,0.16708359401226844,78.89904700237419,10.363408793908905,11.819296804910516
severe,aptos_4fef9ed8a4c5.png,3216,2136,3,1.5056179775280898,3216x2136,56.88356628025603,35.06553759133113,0.25392219031248253,75.6965527818151,15.938681482986288,4.221186754613956
severe,aptos_50a2aef380c8.png,3216,2136,3,1.5056179775280898,3216x2136,80.09342347834796,46.741519271717024,0.25357878211936574,106.64200631581247,12.131740111729613,4.957105705334745
severe,aptos_51269b77d312.png,2416,1736,3,1.391705069124424,2416x1736,73.07473315378277,33.67171091879045,0.1669825014496292,87.31859293346942,12.081990889163022,10.600044674549236
severe,aptos_51da6aebba8f.png,2588,1958,3,1.3217568947906027,2588x1958,43.42256592460212,19.6851146335054,0.09587958409442181,47.56120339988209,15.8071134433371,12.038968058730383
severe,aptos_537e50fdf22e.png,2896,1944,3,1.4897119341563787,2896x1944,46.940885896255374,42.64409754501065,0.45289746180342405,84.18398157716769,16.155747595875443,6.594367070759203
severe,aptos_5b3e7197ac1c.png,2416,1736,3,1.391705069124424,2416x1736,51.40459842410047,25.988234391406245,0.16709098521378216,61.321441176950486,14.908079493331527,11.104951722794036
severe,aptos_5f13e8a07344.png,640,480,3,1.3333333333333333,640x480,86.72081705729167,17.057754879994,0.010589192708333334,87.63769999374891,14.651644090998415,28.830319954670795
severe,aptos_6061f5b7378d.png,2896,1944,3,1.4897119341563787,2896x1944,60.0926764318032,55.413538880980745,0.45214024452629425,108.20335798030965,22.027184319799424,5.125019361078188
severe,aptos_6089fa333013.png,2588,1958,3,1.3217568947906027,2588x1958,46.74730428646081,23.112378991066766,0.09472019046025264,51.051625259846254,19.859089864232793,12.571512385384649
severe,aptos_6181aa9f75f4.png,2588,1958,3,1.3217568947906027,2588x1958,52.73074242240055,28.36391936209997,0.09608403206123019,57.469313383475786,25.61528756572618,18.027932363526492
severe,aptos_6253f23229b1.png,2896,1944,3,1.4897119341563787,2896x1944,35.470383265977766,33.985001085990525,0.4533615970943319,63.48519891937489,19.52880778657378,6.2738911552797525
severe,aptos_6735931000ec.png,3216,2136,3,1.5056179775280898,3216x2136,64.83448234599474,38.290417540778414,0.25399133778672184,86.34084342742692,12.003732504364306,5.530489666692251
severe,aptos_687759336b0d.png,2588,1958,3,1.3217568947906027,2588x1958,63.064363614261154,28.308155507305454,0.09508350002289186,69.16292140834769,22.23239813986634,14.323409054708666
severe,aptos_697538183db5.png,2896,1944,3,1.4897119341563787,2896x1944,50.10353769496169,46.990487926059956,0.4528413321624264,89.91549817929904,23.134663039951384,6.0724445378761684
severe,aptos_6a244e855d0e.png,3216,2136,3,1.5056179775280898,3216x2136,117.31790369314476,67.4154322779841,0.2514114819162614,155.77958966508606,13.659363352208603,2.702755626328033
severe,aptos_6b128e648646.png,3216,2136,3,1.5056179775280898,3216x2136,82.71362406134124,48.92701749992421,0.2534652346879833,110.14062498781256,15.444648588227139,4.787006996110431
severe,aptos_6baafa56895c.png,2588,1958,3,1.3217568947906027,2588x1958,56.09688958862543,23.904112564897247,0.09496923808005203,61.400988123590025,18.303702341505694,13.476597811732354
severe,aptos_6d0c0531083f.png,2416,1736,3,1.391705069124424,2416x1736,77.41538051812799,35.27901861791342,0.16613871234778893,92.43627209201452,11.595896826947182,9.223857556788838
severe,aptos_6e92b1c5ac8e.png,2144,1424,3,1.5056179775280898,2144x1424,42.311003139149754,26.641823259567243,0.25494029588713735,56.35422333142393,13.376527692876037,21.013922097235255
severe,aptos_6efa36d59ada.png,2588,1958,3,1.3217568947906027,2588x1958,55.808205507307235,29.387409266496295,0.09506258160157749,61.04375399212272,25.804916087663305,13.680449405727487
severe,aptos_6fb656d506b2.png,3388,2588,3,1.3091190108191655,3388x2588,58.631482215620544,35.56076892480511,0.24750471707581445,77.52425474618244,15.43454743885977,5.928751055917737
severe,aptos_71a39c660432.png,3216,2136,3,1.5056179775280898,3216x2136,71.61576742923957,42.337215889335916,0.253751432444519,95.33724222445127,13.569644326689575,5.335031884903038
severe,aptos_72595230840c.png,2588,1958,3,1.3217568947906027,2588x1958,78.37446815900526,27.66291073628729,0.09391937014238735,85.84027045428113,15.842322720851929,15.171380481503693
severe,aptos_74eee788edee.png,2416,1736,3,1.391705069124424,2416x1736,75.23212354464857,37.04823210744638,0.16636545533616137,89.84881406928821,19.032037081051516,8.806196966640346
severe,aptos_7525ebb3434d.png,1504,1000,3,1.504,1504x1000,54.02556781914894,33.88058096460848,0.2650119680851064,73.28542583737251,12.721340543219327,28.80885306108532
severe,aptos_762d6e5d5068.png,2416,1736,3,1.391705069124424,2416x1736,63.715143093661304,31.00103731993253,0.16639239745780815,76.0262614989516,15.554915985536038,11.623556801609995
severe,aptos_772af553b8b7.png,2896,1944,3,1.4897119341563787,2896x1944,37.68104438078348,36.75309189365447,0.4532379697837801,67.55599326093977,22.382105061584216,6.2961374991150825
severe,aptos_788ddb0b70b7.png,2588,1958,3,1.3217568947906027,2588x1958,51.91115393905714,25.991770663631982,0.09516697636455204,56.88471502251659,22.059029186083055,12.650310303032537
severe,aptos_7a6e384a0846.png,2588,1958,3,1.3217568947906027,2588x1958,42.52826335266248,19.255998575489656,0.09533254764269126,46.395267466147494,15.903238670060563,12.20411563999968
severe,aptos_7b29e3783919.png,2588,1958,3,1.3217568947906027,2588x1958,76.10688780463931,41.35635514830744,0.10630958789920636,84.293713886474,35.82180434526285,31.06305009527688
severe,aptos_7b49041cbf17.png,2588,1958,3,1.3217568947906027,2588x1958,92.5384204302722,41.34282094847474,0.0862675695004681,100.517334174197,33.65232193361872,17.46841259027311
severe,aptos_7d3835e4e63a.png,3216,2136,3,1.5056179775280898,3216x2136,60.58211968598021,35.558558730179485,0.25400211023534014,80.686704562751,10.169235334773013,5.544550333303202
severe,aptos_7e160c8b611e.png,3216,2136,3,1.5056179775280898,3216x2136,63.61952322889299,39.86490969034,0.25401186366854867,84.89969544185324,18.640026992151398,13.574725123484669
severe,aptos_80ca40196225.png,2588,1958,3,1.3217568947906027,2588x1958,63.08850051230398,28.919141808619994,0.1058604338717393,69.70156373699838,22.849293746355023,24.170664318286327
severe,aptos_80e7cc0a0649.png,2588,1958,3,1.3217568947906027,2588x1958,63.11836136138665,37.52436327550285,0.10599541689229618,69.77694327813407,34.008189222593735,24.883941222207437
severe,aptos_810d3779abd9.png,640,480,3,1.3333333333333333,640x480,92.95740559895833,19.37696559688956,0.01060546875,93.94449927946779,16.958705207518797,42.18417151810327
severe,aptos_8201cab8322d.png,640,480,3,1.3333333333333333,640x480,83.05955729166666,28.860611851980476,0.010930989583333333,83.9679537391144,27.688092430315173,66.296741157945
severe,aptos_8688f3d0fcaf.png,1050,1050,3,1.0,1050x1050,47.08912743764172,27.017209919050924,0.21135691609977325,59.50745331399608,13.983247168835133,40.221624520886664
severe,aptos_86d6808f0609.png,2416,1736,3,1.391705069124424,2416x1736,56.63402036538285,29.22099193347027,0.16706308938871425,67.77202443177069,16.807498552454252,5.402991431890288
severe,aptos_8958a4d17b7e.png,2416,1736,3,1.391705069124424,2416x1736,77.3034708128605,36.84859955617388,0.16668208487197486,92.36390190559192,16.388423935156425,12.163353158766217
severe,aptos_8a234d68b27e.png,2588,1958,3,1.3217568947906027,2588x1958,56.633436833472,34.443811795073536,0.10609606212692194,62.54454958547872,31.58643919472671,21.73818977495353
severe,aptos_8a9bef2fbd4e.png,2416,1736,3,1.391705069124424,2416x1736,51.16790568636128,26.054812478409037,0.167387586977752,61.236512287797424,14.478407270699224,5.28522193307598
severe,aptos_8b76c3c5cb3e.png,2588,1958,3,1.3217568947906027,2588x1958,82.66262770104181,34.40017141220325,0.004281171999943165,82.97548680932533,34.14083004832903,15.236058069524951
severe,aptos_8c0d05233238.png,2588,1958,3,1.3217568947906027,2588x1958,45.849376315295075,19.044595290757364,0.09483859661863586,50.05672060780583,14.627284710697566,12.484938933551375
severe,aptos_90b8bf342032.png,2416,1736,3,1.391705069124424,2416x1736,79.52620562417981,37.850259531019525,0.16671379551072726,95.02550051517204,16.680666207311173,12.22389308187308
severe,aptos_910bfd38e2f5.png,3216,2136,3,1.5056179775280898,3216x2136,70.63869294678294,41.4407386658426,0.2536700567853616,94.06458700235487,11.724816809833095,4.856979724558768
severe,aptos_913490237ad4.png,2588,1958,3,1.3217568947906027,2588x1958,79.22170763782871,41.58531457960887,0.09404468332667627,86.82572829587141,35.97140789478581,16.683053748347053
severe,aptos_916ec976ff30.png,2416,1736,3,1.391705069124424,2416x1736,60.64507354960784,29.506043953010774,0.16686734176152837,72.39409181511058,14.75382956701049,10.813671862073136
severe,aptos_91b6ebaa3678.png,3216,2136,3,1.5056179775280898,3216x2136,63.61952322889299,39.86490969034,0.25401186366854867,84.89969544185324,18.640026992151398,13.574725123484669
severe,aptos_91cf56d3d1af.png,2416,1736,3,1.391705069124424,2416x1736,73.57168201811274,35.38970715082254,0.1668427838984344,87.90028783130076,16.511408833711652,9.542128415220713
severe,aptos_9878db94d9f3.png,2896,1944,3,1.4897119341563787,2896x1944,47.02289680814178,43.78197785127365,0.4529697553600255,84.56384940792627,19.810868791408648,7.8857712069961785
severe,aptos_996f57c86ba5.png,2144,1424,3,1.5056179775280898,2144x1424,61.958987977947345,36.762128112221525,0.25461144505701827,82.65352573017775,11.439918731030007,23.471054895205672
severe,aptos_9a94e0316ee3.png,2416,1736,3,1.391705069124424,2416x1736,97.29566117397076,44.63673169980127,0.16608220542008728,116.24254388297341,15.088716349226344,6.486671037260844
severe,aptos_9b093fe95d6b.png,2896,1944,3,1.4897119341563787,2896x1944,37.18832791220471,34.69072691128561,0.45293653940158696,66.3743559389338,17.85660964178613,6.759513618897707
severe,aptos_9bafbbd152d2.png,2588,1958,3,1.3217568947906027,2588x1958,49.28025928580563,21.305650534132084,0.09642208164341433,54.05566444129168,16.302170293056722,12.448986085766151
severe,aptos_9bf060db8376.png,2416,1736,3,1.391705069124424,2416x1736,66.04928572382275,30.20953997996705,0.16708359401226844,78.89904700237419,10.363408793908905,11.819296804910516
severe,aptos_9c52b87d01f1.png,2144,1424,3,1.5056179775280898,2144x1424,42.311003139149754,26.641823259567243,0.25494029588713735,56.35422333142393,13.376527692876037,21.013922097235255
severe,aptos_9f37c98b8187.png,2588,1958,3,1.3217568947906027,2588x1958,51.765478447711054,23.50059723166064,0.09592576249619127,56.77994088472959,18.672219249041056,12.887939424945701
severe,aptos_9fefe2b44795.png,3388,2588,3,1.3091190108191655,3388x2588,61.49848143461148,36.89927409883311,0.24838061509938705,81.42845045003214,14.565930876098633,6.6930024185717025
severe,aptos_a14bbd9a583e.png,2416,1736,3,1.391705069124424,2416x1736,82.16908780175176,40.076574137185574,0.16642911503952146,98.16695569946653,19.72232793363487,10.395586878570512
severe,aptos_a14fcf84bfe1.png,3216,2136,3,1.5056179775280898,3216x2136,90.55729399584474,53.536492167330714,0.25530310176644866,120.88852340574513,15.651773665164479,4.3504903349761905
severe,aptos_a4b8de38eac1.png,2896,1944,3,1.4897119341563787,2896x1944,45.93115823869449,43.16270690154386,0.45286691022667847,82.55472081442396,21.046011903623643,6.469181274583236
severe,aptos_a4d4b69f7404.png,2416,1736,3,1.391705069124424,2416x1736,59.432911971266826,28.187691845302005,0.1671246032593768,70.9625343450438,12.590169423721319,12.30697972544679
severe,aptos_a763661f98a5.png,3216,2136,3,1.5056179775280898,3216x2136,81.11553378356345,48.14514879001932,0.25695288771498315,108.49982152198062,14.171898367268644,4.230353073579626
severe,aptos_a80dab8eddf4.png,2416,1736,3,1.391705069124424,2416x1736,87.06264210180974,40.601869728195744,0.16593175870540483,103.97981550092918,15.863384736698213,9.277883423703395
severe,aptos_a8e88d4891c4.png,1504,1000,3,1.504,1504x1000,78.53107712765957,48.58612306709458,0.26415492021276593,106.46108875758893,15.956471336042027,27.462079068688745
severe,aptos_a9e984b57556.png,1504,1000,3,1.504,1504x1000,49.14885172872341,31.963966550751127,0.26489228723404257,66.64180962046017,15.310827245110756,28.087486378197152
severe,aptos_aae8f9f3ef8c.png,3216,2136,3,1.5056179775280898,3216x2136,86.61613107216725,50.94000751306742,0.2530976612722902,115.25258534176173,15.290562097543235,3.946257417170522
severe,aptos_aba3063c5413.png,2416,1736,3,1.391705069124424,2416x1736,65.2415866668447,33.00078336998474,0.16638333727530746,77.87443851919224,18.632797242150424,8.73905624121379
severe,aptos_ad2f0b9d059c.png,640,480,3,1.3333333333333333,640x480,95.92836588541667,19.707895653917774,0.010680338541666667,96.95473135934246,17.14473013224834,39.63361961617999
severe,aptos_adb56cecafaf.png,2416,1736,3,1.391705069124424,2416x1736,68.91962545205543,34.24533060850109,0.1664286381878109,82.27889461106447,18.288883470552065,10.254892714628069
severe,aptos_aea59ebec445.png,3216,2136,3,1.5056179775280898,3216x2136,63.10165886974305,38.153706036648565,0.25398740729871244,83.97381670247731,15.358435732090848,3.4342238643653675
severe,aptos_af3b0115aad1.png,2416,1736,3,1.391705069124424,2416x1736,79.15210425122837,37.552676875635534,0.16649396687215795,94.55302555500475,16.346911600209733,10.168911825130404
severe,aptos_b019a49787c1.png,2896,1944,3,1.4897119341563787,2896x1944,38.68521396050747,38.08352940643497,0.4534553833299229,69.1548201953233,24.617617756603273,7.030478572670484
severe,aptos_b191ba0a2b12.png,2588,1958,3,1.3217568947906027,2588x1958,39.158629322416814,14.977414645469064,0.0954290486617736,42.717767559039174,10.730425706626686,11.717004939575311
severe,aptos_b2ffa3e18559.png,2416,1736,3,1.391705069124424,2416x1736,56.944557882168034,28.28369419914418,0.1674727050080874,68.00521541248754,15.176656328818003,12.956475120625585
severe,aptos_b310bd564329.png,2416,1736,3,1.391705069124424,2416x1736,86.87000664731285,40.80199253124985,0.16566019165623952,103.70730286154529,16.852030269856478,8.675524582083659
severe,aptos_b3d135bd3bb5.png,2416,1736,3,1.391705069124424,2416x1736,87.86123209898679,41.746946631750255,0.16614324243903927,104.95504957765068,18.201009642998496,9.955707150291612
severe,aptos_b5834ee64541.png,2416,1736,3,1.391705069124424,2416x1736,84.11152798547319,39.17262125553536,0.16598063600573748,100.44396922376748,15.255015268483753,7.728410293768216
severe,aptos_b6bfe9db60e5.png,2416,1736,3,1.391705069124424,2416x1736,74.45482378421887,34.91375308332143,0.16648299928281501,88.928290059518,14.286369394061735,9.715171703861431
severe,aptos_b7e0f95353f2.png,3216,2136,3,1.5056179775280898,3216x2136,74.60378089654722,43.193539123140134,0.25344631011608626,99.1973838409877,10.597381671234364,3.1703766082199194
severe,aptos_b960142a8de7.png,2896,1944,3,1.4897119341563787,2896x1944,40.148795237648635,38.66318651189819,0.4532765145056044,72.03845960161237,22.141845837039565,6.390676511187446
severe,aptos_bb5083fae98f.png,2416,1736,3,1.391705069124424,2416x1736,64.61354578348643,31.7010937741747,0.1669023903622547,77.15363815832026,16.249454805086703,11.79839568006042
severe,aptos_bb7e0a2544cd.png,1504,1000,3,1.504,1504x1000,49.230657579787234,31.835226560202095,0.2652067819148936,66.78649822780869,14.72764591347933,28.93597870085401
severe,aptos_bec0acd539b2.png,3216,2136,3,1.5056179775280898,3216x2136,51.83733486127415,30.75186161183273,0.25413006945609035,68.98418025704667,10.5237365309204,4.461076375140259
severe,aptos_bf8092e4001d.png,2896,1944,3,1.4897119341563787,2896x1944,55.59916935236341,52.50296825578469,0.4528374244026101,100.11662920976266,25.70149106144613,33.592893890253116
severe,aptos_c0a0828e01b4.png,3216,2136,3,1.5056179775280898,3216x2136,65.23370012065142,38.49194651205117,0.25431902402780104,87.04509910757984,10.778393506226584,5.22252122860146
severe,aptos_c31651ea04c6.png,2588,1958,3,1.3217568947906027,2588x1958,54.41031878095335,23.553803138495372,0.09614461654560295,59.7001154994094,17.962285626872333,11.865984741339053
severe,aptos_c3a82acb7d7a.png,3216,2136,3,1.5056179775280898,3216x2136,62.827338902398125,37.827872733717285,0.25398202107440326,83.67957440447965,14.349332766389235,5.964388465801568
severe,aptos_c3cd0200df79.png,2588,1958,3,1.3217568947906027,2588x1958,96.83383688841246,52.537496086802555,0.014411213536823526,98.10456566494696,51.850732691021385,9.055360789063107
severe,aptos_c5a9ebef1517.png,2588,1958,3,1.3217568947906027,2588x1958,61.7161867533505,28.98381465872127,0.09512592889631252,67.57771643645131,23.814089446484488,15.288571003310414
severe,aptos_c5ba9e455d5e.png,3216,2136,3,1.5056179775280898,3216x2136,37.46313944672704,23.77997739058567,0.255352451227011,49.89284639072392,12.418805925219747,4.967418729152144
severe,aptos_c67117c6ab3b.png,2416,1736,3,1.391705069124424,2416x1736,110.82869602992339,50.616519813004196,0.1658826429792169,132.42827492864666,16.092631654824935,9.772843334077818
severe,aptos_c76664770c07.png,2588,1958,3,1.3217568947906027,2588x1958,65.31762471720663,27.303026119984658,0.09311105076782447,71.32317719882268,20.84455022309934,14.321880430982727
severe,aptos_c9ea9d5eab65.png,2416,1736,3,1.391705069124424,2416x1736,69.70872180852687,32.54668876722433,0.16675480475783563,83.25003369313693,13.099695644667703,12.572043704241082
severe,aptos_ce207b69ff37.png,3216,2136,3,1.5056179775280898,3216x2136,72.6755437466227,43.29926419027037,0.25385027693927364,96.76157268353668,15.070094088582781,4.4779265209763
severe,aptos_d0079cc188e9.png,3216,2136,3,1.5056179775280898,3216x2136,64.50048068412619,39.569079540863,0.2542722948925783,86.02810538381833,16.6370076004133,18.415154724063964
severe,aptos_d035c2bd9104.png,1050,1050,3,1.0,1050x1050,71.40777959183673,39.616644669281385,0.2099111111111111,89.9916356034454,18.45885659231083,33.66957188353742
severe,aptos_d0ffa0425ef1.png,2416,1736,3,1.391705069124424,2416x1736,70.1656017773217,33.56233064398361,0.16655261963255716,83.7943045950295,15.370486300049153,9.981523424969698
severe,aptos_d16398c971e9.png,4288,2848,3,1.5056179775280898,4288x2848,50.698913973408935,35.119691148089714,0.2772225599530438,69.66489670001994,20.217920513370405,5.469025461677182
severe,aptos_d2ffe9287dc7.png,3216,2136,3,1.5056179775280898,3216x2136,69.7653501569866,41.299690052042166,0.25365229680250434,92.79848420393985,13.913447477875039,3.239649860211637
severe,aptos_d3e884109b45.png,2588,1958,3,1.3217568947906027,2588x1958,66.06287998509661,31.2006815321566,0.09444134395726012,72.30960322232177,25.724080133225332,15.873576165021898
severe,aptos_d868acdccb5b.png,2416,1736,3,1.391705069124424,2416x1736,105.95286726165044,48.07779707724975,0.16614848780785546,126.63820639804193,14.023139280363255,9.052249112051006
severe,aptos_dbb2c63f6f08.png,640,480,3,1.3333333333333333,640x480,96.60239583333333,30.383523593861405,0.010862630208333333,97.654288281232,28.83423962713501,56.566514665349324
severe,aptos_dbfd238b3468.png,2588,1958,3,1.3217568947906027,2588x1958,46.507837500966986,22.14080102284854,0.09566507160415084,50.934020215862816,18.362408197718352,12.786117430020415
severe,aptos_dd3dad6ca78f.png,2416,1736,3,1.391705069124424,2416x1736,51.9193782044435,24.276185964706652,0.16725120738853114,61.952437873905396,10.284524342856352,13.52222319661675
severe,aptos_e0b5a982a018.png,2416,1736,3,1.391705069124424,2416x1736,78.41398882641072,35.4861225073101,0.16639335116122927,93.65448633738649,10.706696655597247,13.43768239042151
severe,aptos_e13412678eff.png,2416,1736,3,1.391705069124424,2416x1736,56.49525556390576,27.493968367755144,0.16684373760185553,67.43460601578981,13.782482110591951,10.937324273299778
severe,aptos_e1900014dabf.png,2416,1736,3,1.391705069124424,2416x1736,80.07471717925047,39.7581427086084,0.1665788464766381,95.66911456537878,20.897473361596244,12.403484967699642
severe,aptos_e19936582c61.png,3216,2136,3,1.5056179775280898,3216x2136,74.63089660545587,44.86092954011155,0.25365098663983454,99.52134991706573,15.92723511221424,4.385099592981696
severe,aptos_e1fb532f55df.png,2896,1944,3,1.4897119341563787,2896x1944,38.6852333216811,38.08348781573602,0.4534564490826001,69.15492612150237,24.61745929675535,7.017240858664314
severe,aptos_e32a359be36d.png,2588,1958,3,1.3217568947906027,2588x1958,45.376608745005235,26.068768908382427,0.09509830079268976,49.54838060353137,23.83051098171916,12.420388040332627
severe,aptos_e4210e7fe587.png,2588,1958,3,1.3217568947906027,2588x1958,58.45732306567753,20.958354940263643,0.01567006834403462,59.231631795270914,20.198554096801615,12.725891716179966
severe,aptos_e52ed5c29c5e.png,3216,2136,3,1.5056179775280898,3216x2136,79.87652415590587,46.6593712097751,0.25614102358059887,106.72421718301938,10.604850711056677,3.524870222937987
severe,aptos_e76a9cbb2a8c.png,1504,1000,3,1.504,1504x1000,49.230657579787234,31.835226560202095,0.2652067819148936,66.78649822780869,14.72764591347933,28.93597870085401
severe,aptos_e8d1c6c07cf2.png,1504,1000,3,1.504,1504x1000,71.20779787234042,46.23083122997534,0.2649461436170213,96.62797902527406,21.64429674289922,78.93303398165001
severe,aptos_e93394175a19.png,3216,2136,3,1.5056179775280898,3216x2136,81.75434886662195,48.434508950844936,0.25709220167887153,109.38917993076262,13.676593157470522,4.098209340183426
severe,aptos_ed6704e3b72e.png,2416,1736,3,1.391705069124424,2416x1736,74.7617782372509,34.78397057306471,0.16691168897061068,89.33099874388938,13.43783354655507,10.600585430265172
severe,aptos_f080a22008be.png,2416,1736,3,1.391705069124424,2416x1736,79.44037970748009,38.241180952571554,0.16624791138950773,94.8746816826203,17.9171376303588,9.880157150703775
severe,aptos_f092febbf5c0.png,2416,1736,3,1.391705069124424,2416x1736,80.94300358401746,37.34855296920633,0.16670735801263467,96.72487879745097,13.411665052187608,8.723657031067159
severe,aptos_f576e45d1da2.png,3388,2588,3,1.3091190108191655,3388x2588,70.12942590815115,40.869884826936904,0.24483357025158345,92.4594306830209,13.232186910192452,11.358603139358017
severe,aptos_f5a8c6426a71.png,2416,1736,3,1.391705069124424,2416x1736,88.08024102946563,40.175066508867666,0.1661186845759453,105.21200247609326,12.988449266127567,6.787145066228824
severe,aptos_f64214bed40e.png,2588,1958,3,1.3217568947906027,2588x1958,41.91963537218213,21.368495023730095,0.09576532215158198,45.73785888007766,18.77838535801502,12.244969507523948
severe,aptos_f6f433f3306f.png,2588,1958,3,1.3217568947906027,2588x1958,51.40617535478432,31.488709741841767,0.09465901394508797,56.157263716099656,29.268214932163687,13.4788246348879
severe,aptos_f901d460517c.png,3388,2588,3,1.3091190108191655,3388x2588,55.66359060708857,34.926492298697084,0.2450861892779133,73.34603160838489,18.43835589989618,15.106666013706493
severe,aptos_f9156aeffc5e.png,2896,1944,3,1.4897119341563787,2896x1944,34.92579732510288,36.741436131289674,0.45338610940590685,62.507759623571005,28.129830517924017,6.09972194512119
severe,aptos_fb61230b99dd.png,1844,1226,3,1.504078303425775,1844x1226,54.151867703729394,38.88024510101686,0.28508269843909795,75.32721771761088,23.270783955623635,4.581504572394641
severe,aptos_fcc6aa6755e6.png,2896,1944,3,1.4897119341563787,2896x1944,37.681071912727646,36.75309703075876,0.45323868028556485,67.55608624604879,22.382070638383667,6.308093112651498
severe,aptos_fda39982a810.png,1504,1000,3,1.504,1504x1000,45.98392885638298,30.964344205296637,0.2656968085106383,62.421160240204564,16.988441973945136,27.24904882631954
severe,aptos_fe0fc67c7980.png,1504,1000,3,1.504,1504x1000,47.34464694148936,31.290759626982442,0.2860751329787234,66.06455827884326,12.091616019388786,27.335024486528397
severe,idrid_ffec9a18a3ce.jpg,4288,2848,3,1.5056179775280898,4288x2848,66.8536137234299,46.61451765111375,0.3092030575266225,96.33510728272685,18.28884972010143,12.296866482848236
severe,idrid_IDRiD_001.jpg,4288,2848,3,1.5056179775280898,4288x2848,72.01451545598901,48.71185695321129,0.3074313900563894,102.49294929191423,20.055728813049075,24.414231427547943
severe,idrid_IDRiD_002.jpg,4288,2848,3,1.5056179775280898,4288x2848,70.94033412751027,47.53801577328016,0.307869967010104,101.04661726953154,17.85182785945205,24.906979758241256
severe,idrid_IDRiD_004.jpg,4288,2848,3,1.5056179775280898,4288x2848,63.39016718003207,45.98273093184519,0.30831034543748953,90.2383605484932,26.76779174280266,25.74739072744791
severe,idrid_IDRiD_006test.jpg,4288,2848,3,1.5056179775280898,4288x2848,60.29007492820308,41.772038324566864,0.30917357886655206,86.46773666462515,17.547914306140672,28.156124878689926
severe,idrid_IDRiD_007test.jpg,4288,2848,3,1.5056179775280898,4288x2848,64.25425172351899,44.15604002366826,0.3088842785720275,92.3771019400336,16.11328062915185,24.287867791683926
severe,idrid_IDRiD_009.jpg,4288,2848,3,1.5056179775280898,4288x2848,47.47056089046516,35.779442955290484,0.3093699394966879,67.93951574608356,22.310690056856092,22.465788049116362
severe,idrid_IDRiD_011.jpg,4288,2848,3,1.5056179775280898,4288x2848,60.107931937704386,41.48015221576777,0.3085679561724384,86.21900969490129,16.662357970549753,21.02779927319744
severe,idrid_IDRiD_012.jpg,4288,2848,3,1.5056179775280898,4288x2848,92.91821653451493,60.73032813948565,0.304156392807731,131.39053246499859,20.763482429996806,20.18668007939228
severe,idrid_IDRiD_013.jpg,4288,2848,3,1.5056179775280898,4288x2848,89.90505873459249,60.012293337760774,0.30390770755597013,127.01263252374619,25.30011173321137,20.209877411418947
severe,idrid_IDRiD_013test.jpg,4288,2848,3,1.5056179775280898,4288x2848,82.15271297021738,54.41323581345292,0.30761792446650177,117.48106924170882,14.727617262859953,19.9636097382953
severe,idrid_IDRiD_014test.jpg,4288,2848,3,1.5056179775280898,4288x2848,82.61261748883742,54.695025345623236,0.30718638963713735,118.03782044122332,15.183880735953641,17.47527845822755
severe,idrid_IDRiD_016test.jpg,4288,2848,3,1.5056179775280898,4288x2848,61.291585955187195,43.012581655517295,0.30864165282261447,87.8780372859342,19.611953284697307,18.71687728113529
severe,idrid_IDRiD_018test.jpg,4288,2848,3,1.5056179775280898,4288x2848,77.2572006540332,52.23997095118264,0.3068658910940382,109.93325240123436,21.33090779029474,26.95940853587303
severe,idrid_IDRiD_021test.jpg,4288,2848,3,1.5056179775280898,4288x2848,78.65176441244445,52.0137602766478,0.307307334028593,112.21440711887176,15.420580777351205,20.156278085912692
severe,idrid_IDRiD_022test.jpg,4288,2848,3,1.5056179775280898,4288x2848,78.78389685613365,52.445858913497474,0.306592476521885,112.15387749337273,18.224121224651984,21.041044693508457
severe,idrid_IDRiD_023.jpg,4288,2848,3,1.5056179775280898,4288x2848,66.71340723851773,46.485693507400036,0.30788552519180784,95.27424521048047,21.694761414463652,26.174208563003603
severe,idrid_IDRiD_025.jpg,4288,2848,3,1.5056179775280898,4288x2848,42.077593810922565,30.943935066351365,0.3097371944700654,60.83359356575438,15.847211596236054,18.86193268232277
severe,idrid_IDRiD_025test.jpg,4288,2848,3,1.5056179775280898,4288x2848,79.57846171180614,53.64763767186887,0.30767164113596346,113.47202316203835,20.518970375553238,22.196556823284112
severe,idrid_IDRiD_026.jpg,4288,2848,3,1.5056179775280898,4288x2848,41.857181951461094,30.243697053960226,0.30980818890973505,60.570779366923574,13.952520562596145,17.359407017096665
severe,idrid_IDRiD_026test.jpg,4288,2848,3,1.5056179775280898,4288x2848,79.7535721585192,52.70658781332969,0.30724002442143217,113.67098700494319,16.226806027302583,22.357599809402217
severe,idrid_IDRiD_027test.jpg,4288,2848,3,1.5056179775280898,4288x2848,82.00409434022828,55.36749041787901,0.30416138780290963,116.21049945414879,23.57525298385853,20.4801619227359
severe,idrid_IDRiD_031test.jpg,4288,2848,3,1.5056179775280898,4288x2848,62.89469936024757,43.939208759122394,0.30872222782680697,90.10317282353232,19.829910961214914,26.277002943732533
severe,idrid_IDRiD_034.jpg,4288,2848,3,1.5056179775280898,4288x2848,65.30426030508448,43.88060598703039,0.3060878182385125,92.80175782736588,17.379587821497278,27.506259546806202
severe,idrid_IDRiD_034test.jpg,4288,2848,3,1.5056179775280898,4288x2848,64.61894352740336,45.39510723557087,0.3087415527261865,92.5919881096491,21.09417114634183,25.883501808967445
severe,idrid_IDRiD_035.jpg,4288,2848,3,1.5056179775280898,4288x2848,49.699038111321904,35.2096800238058,0.3081925945675415,71.0210643134935,17.751072141941215,21.98342488049683
severe,idrid_IDRiD_035test.jpg,4288,2848,3,1.5056179775280898,4288x2848,67.57371474679796,47.309045089501694,0.3084375131016267,96.54301264718461,22.662110786044703,26.56178694270396
severe,idrid_IDRiD_036test.jpg,4288,2848,3,1.5056179775280898,4288x2848,81.2313467227591,54.040086202542255,0.30701770619340096,115.48178126648749,19.769307580372015,22.522698486308553
severe,idrid_IDRiD_039.jpg,4288,2848,3,1.5056179775280898,4288x2848,68.45978824168309,48.519650933316264,0.3080569927312175,97.55072286771274,25.55005728130164,24.04670680783248
severe,idrid_IDRiD_040.jpg,4288,2848,3,1.5056179775280898,4288x2848,71.31197822771675,48.676729713226415,0.3081686840988177,101.79338199429291,20.18638073826232,24.934215339619282
severe,idrid_IDRiD_042test.jpg,4288,2848,3,1.5056179775280898,4288x2848,73.89122243417742,48.34930131234915,0.30226328963504107,103.98938893548664,18.727777207786055,19.7099237581968
severe,idrid_IDRiD_049.jpg,4288,2848,3,1.5056179775280898,4288x2848,74.16212133023436,51.3781339777962,0.30721660526370953,105.90130414236825,22.999135126144058,23.08043628825746
severe,idrid_IDRiD_055.jpg,4288,2848,3,1.5056179775280898,4288x2848,77.08715775275658,51.29222546267436,0.30454616620199565,108.77888242110774,21.96721807735199,24.452086777641863
severe,idrid_IDRiD_057.jpg,4288,2848,3,1.5056179775280898,4288x2848,80.64847221931075,54.641637160213,0.30711989888164515,114.71770870474131,22.96393593355953,26.921135163427518
severe,idrid_IDRiD_060test.jpg,4288,2848,3,1.5056179775280898,4288x2848,72.08629787661935,48.847025444896126,0.30829789889212644,102.74031234651017,19.97976385631949,27.58442024614053
severe,idrid_IDRiD_065.jpg,4288,2848,3,1.5056179775280898,4288x2848,69.97118436412565,48.244387373423145,0.30784613842654707,99.78466468498137,21.757041723517368,23.018468870887055
severe,idrid_IDRiD_066.jpg,4288,2848,3,1.5056179775280898,4288x2848,76.68774631058193,51.953332486607124,0.30800712466459834,109.39324584783496,20.62356971893098,23.453517556933793
severe,idrid_IDRiD_066test.jpg,4288,2848,3,1.5056179775280898,4288x2848,51.73947333425918,36.18116190725599,0.3093250664252474,74.15406636199585,16.42201497150421,25.801621228041274
severe,idrid_IDRiD_075.jpg,4288,2848,3,1.5056179775280898,4288x2848,58.822344889841524,40.34012307112139,0.30839976403970315,84.08730523419611,16.777602416447603,12.77054474033644
severe,idrid_IDRiD_077.jpg,4288,2848,3,1.5056179775280898,4288x2848,96.57897373975453,65.53429942305101,0.301437232071734,135.988015480005,31.52175145800904,15.563771426220848
severe,idrid_IDRiD_088.jpg,4288,2848,3,1.5056179775280898,4288x2848,59.09929927587309,42.55699028646338,0.30897762766225056,84.56462580519782,22.811941545061064,24.18676417908786
severe,idrid_IDRiD_088test.jpg,4288,2848,3,1.5056179775280898,4288x2848,71.83781905736416,50.60623376307945,0.30917914705789873,103.53190242493919,21.40419520447684,11.673690148465521
severe,idrid_IDRiD_089test.jpg,4288,2848,3,1.5056179775280898,4288x2848,66.8536137234299,46.61451765111375,0.3092030575266225,96.33510728272685,18.28884972010143,12.296866482848236
severe,idrid_IDRiD_095.jpg,4288,2848,3,1.5056179775280898,4288x2848,89.44213838527692,58.8845246461712,0.2964702416201996,125.24798877702722,24.515665233733934,19.660154854069077
severe,idrid_IDRiD_101.jpg,4288,2848,3,1.5056179775280898,4288x2848,71.35127770338966,49.78950882392154,0.3084739520008804,102.23401721548582,22.164494994193294,25.020996911076054
severe,idrid_IDRiD_108.jpg,4288,2848,3,1.5056179775280898,4288x2848,71.9966524524935,48.29616216167891,0.3074394148027419,102.60699350473917,17.831195684583115,24.168129898181306
severe,idrid_IDRiD_112.jpg,4288,2848,3,1.5056179775280898,4288x2848,64.19879188262514,44.31916819830727,0.3079305620335821,91.33715283788233,21.06803974310227,26.322623134256496
severe,idrid_IDRiD_114.jpg,4288,2848,3,1.5056179775280898,4288x2848,62.220264875586956,41.09389358184587,0.30789264920132486,88.67549647013726,12.835902606961746,24.31433955027244
severe,idrid_IDRiD_115.jpg,4288,2848,3,1.5056179775280898,4288x2848,60.807654936561924,49.387722745213516,0.3092380224928727,86.90157437284695,36.43563833065463,23.331460179782226
severe,idrid_IDRiD_180.jpg,4288,2848,3,1.5056179775280898,4288x2848,69.19192597515408,50.318613873415394,0.3090313443317122,100.12223568734044,23.844022393865856,27.072509557049315
severe,idrid_IDRiD_207.jpg,4288,2848,3,1.5056179775280898,4288x2848,85.74825584594583,59.41968418528147,0.3089307893468053,124.06192031463505,18.901795781855853,20.553794292372658
severe,idrid_IDRiD_253.jpg,4288,2848,3,1.5056179775280898,4288x2848,79.49683055273142,57.090583972124264,0.3094808120126195,115.10790587914417,24.947253241399324,24.604417012072325
severe,idrid_IDRiD_269.jpg,4288,2848,3,1.5056179775280898,4288x2848,57.90781105882106,41.83493558751582,0.3096056868920845,83.85919608598962,18.964890822501275,29.096184200125855
severe,idrid_IDRiD_271.jpg,4288,2848,3,1.5056179775280898,4288x2848,60.22703333970946,44.664876203362326,0.30981121866090894,87.24546634491038,23.110667661385495,25.46609519883424
severe,idrid_IDRiD_296.jpg,4288,2848,3,1.5056179775280898,4288x2848,61.83125145755597,44.73017897439985,0.30985936713902396,89.57698366142424,20.36153104978584,33.65856980423289
severe,idrid_IDRiD_306.jpg,4288,2848,3,1.5056179775280898,4288x2848,83.94889735072006,59.573563411064285,0.3094425716396948,121.5452398970645,23.903801339243234,23.08524114708496
severe,idrid_IDRiD_308.jpg,4288,2848,3,1.5056179775280898,4288x2848,73.44982535531612,51.748770528894205,0.30948474250062885,106.35179426536635,19.498872576103295,25.8316969944302
severe,idrid_IDRiD_309.jpg,4288,2848,3,1.5056179775280898,4288x2848,71.76712988559659,49.8972113213169,0.30950570510334563,103.91852056176653,16.302103079052014,26.72704398321041
severe,idrid_IDRiD_314.jpg,4288,2848,3,1.5056179775280898,4288x2848,71.22967544650344,49.41461195817168,0.30952003500754655,103.14146502921623,15.689689087137397,23.478042574296047
severe,idrid_IDRiD_320.jpg,4288,2848,3,1.5056179775280898,4288x2848,55.856301030835986,38.410803378976915,0.3090413343220694,80.40940398964607,13.556660074138568,12.221525332860642
severe,idrid_IDRiD_321.jpg,4288,2848,3,1.5056179775280898,4288x2848,55.80257609097246,39.638694027704034,0.30885070565361394,80.2725844650831,18.267627482565715,11.4706751176621
severe,idrid_IDRiD_323.jpg,4288,2848,3,1.5056179775280898,4288x2848,63.573859028461975,45.150383597615814,0.3091368124266309,91.46840811210083,20.79970510454769,24.148863465925427
severe,idrid_IDRiD_327.jpg,4288,2848,3,1.5056179775280898,4288x2848,62.2187477891005,42.57496868557398,0.30886200580664097,89.36458388129756,15.348417171666206,22.999908534003097
severe,idrid_IDRiD_329.jpg,4288,2848,3,1.5056179775280898,4288x2848,78.47570901090579,52.44810485073609,0.30783999703903236,111.97632634248504,18.059599667127358,23.373495276261703
severe,idrid_IDRiD_330.jpg,4288,2848,3,1.5056179775280898,4288x2848,77.24523485648479,52.751861730189674,0.30773330066661075,110.14138793458713,22.38401885868659,22.79399067688149
severe,idrid_IDRiD_334.jpg,4288,2848,3,1.5056179775280898,4288x2848,70.65748302684261,48.17573173189303,0.3085095720484655,101.56788759160253,16.069032715515284,24.361573371006394
severe,idrid_IDRiD_339.jpg,4288,2848,3,1.5056179775280898,4288x2848,59.55827775514108,41.04485639631798,0.30896886594939627,85.83387373923557,14.235881601577494,26.37885858999995
severe,idrid_IDRiD_341.jpg,4288,2848,3,1.5056179775280898,4288x2848,60.79764660392734,41.87185055391897,0.3090252848293644,87.60041787849693,14.552679479847164,24.32001369880931
severe,idrid_IDRiD_344.jpg,4288,2848,3,1.5056179775280898,4288x2848,74.69958305710738,53.22680283037609,0.3085600133112527,107.01198469449386,26.678656845294103,23.508663364967013
severe,idrid_IDRiD_347.jpg,4288,2848,3,1.5056179775280898,4288x2848,69.32905578869172,47.907735965783786,0.30881958929020625,99.57135478062044,18.91340483068533,23.593801008420304
severe,idrid_IDRiD_354.jpg,4288,2848,3,1.5056179775280898,4288x2848,92.34980115006078,61.15253449875079,0.3068353479267986,131.68106664530833,18.730117793056735,18.642916474282483
severe,idrid_IDRiD_356.jpg,4288,2848,3,1.5056179775280898,4288x2848,68.3263826474195,46.89484555922588,0.3086124198180446,97.93685715909979,18.384998725415056,23.32850076879841
severe,idrid_IDRiD_357.jpg,4288,2848,3,1.5056179775280898,4288x2848,77.3411699621625,51.62414510103979,0.307978792396864,110.6626865226589,15.622567670826788,15.545564178252677
severe,idrid_IDRiD_364.jpg,4288,2848,3,1.5056179775280898,4288x2848,84.19538676984635,55.85921153232994,0.30771635043707024,120.40936110437228,15.592674450416622,7.8498494620920045
severe,idrid_IDRiD_366.jpg,4288,2848,3,1.5056179775280898,4288x2848,44.333352630937654,31.760905883821614,0.309294932683842,63.97085883952012,14.600572022099303,8.30096516377193
severe,idrid_IDRiD_368.jpg,4288,2848,3,1.5056179775280898,4288x2848,94.73220479742265,64.52515916681689,0.3013710688569093,133.80177694940102,29.85987157773685,20.09228965797896
severe,idrid_IDRiD_369.jpg,4288,2848,3,1.5056179775280898,4288x2848,75.77212586339719,51.663498162988034,0.3083200078871793,108.56384735746661,19.216456941413966,24.918054891107793
severe,idrid_IDRiD_371.jpg,4288,2848,3,1.5056179775280898,4288x2848,72.40289082479981,51.76437283228482,0.3084750983932165,103.69228946589703,26.43806863082258,26.162197318649326
severe,idrid_IDRiD_372.jpg,4288,2848,3,1.5056179775280898,4288x2848,69.09501381566535,49.29622917578508,0.3088769089070099,99.19456952779275,24.114560251051188,25.746517254183523
severe,idrid_IDRiD_376.jpg,4288,2848,3,1.5056179775280898,4288x2848,86.72102010248092,59.15828793037208,0.3054758903865504,123.28426925596379,25.692147408063654,21.213882826066758
severe,idrid_IDRiD_377.jpg,4288,2848,3,1.5056179775280898,4288x2848,67.28406480261089,48.197184308649376,0.30881303847685726,96.65965290554477,23.771992743430214,24.39952762761921
severe,idrid_IDRiD_380.jpg,4288,2848,3,1.5056179775280898,4288x2848,86.63244426240462,57.873157532122896,0.30622620417050983,123.41485798618852,20.166633571109237,19.630539932894987
severe,idrid_IDRiD_383.jpg,4288,2848,3,1.5056179775280898,4288x2848,73.10804264644999,49.32721278435525,0.3080966251519789,104.67039635470177,16.77328359328808,29.71113148581145
severe,idrid_IDRiD_384.jpg,4288,2848,3,1.5056179775280898,4288x2848,53.97677269922333,41.50815407996296,0.3094343012378417,77.70092548115261,25.984347763625923,27.47562777785505
severe,idrid_IDRiD_385.jpg,4288,2848,3,1.5056179775280898,4288x2848,80.5681933118816,54.18605986966751,0.30788298675163506,115.24311227918405,18.306183267860153,20.396484778336156
proliferative_dr,aptos_001639a390f0.png,3216,2136,3,1.5056179775280898,3216x2136,74.70730674809474,43.202714375746645,0.2536453092682654,99.46620834715723,9.153035644568742,3.665408176201695
proliferative_dr,aptos_0083ee8054ee.png,3388,2588,3,1.3091190108191655,3388x2588,66.39784519962264,38.01281673869284,0.24464390639569789,87.50752120881688,9.554396500485753,13.83724696776252
proliferative_dr,aptos_0243404e8a00.png,2588,1958,3,1.3217568947906027,2588x1958,57.862110897629194,26.108207634001406,0.0948510292652661,63.32089960788503,20.947932656211,13.778530948643759
proliferative_dr,aptos_02685f13cefd.png,1844,1226,3,1.504078303425775,1844x1226,62.93114656060129,42.075969652566236,0.28466469445456893,87.54781751062028,18.602059268776564,5.816055647711295
proliferative_dr,aptos_02dda30d3acf.png,2588,1958,3,1.3217568947906027,2588x1958,71.32770522550058,32.08279676643989,0.09464026630334395,78.1686240241095,25.34402043296632,14.289524764911713
proliferative_dr,aptos_0318598cfd16.png,2588,1958,3,1.3217568947906027,2588x1958,98.13081413706381,36.51634588272989,0.0921168337245999,107.34910836166347,23.3689253374859,16.571142564170284
proliferative_dr,aptos_034cb07a550f.png,3216,2136,3,1.5056179775280898,3216x2136,41.81766174977174,25.86498973236333,0.25425599064602084,55.6374864429503,12.07281300045221,17.45594531518798
proliferative_dr,aptos_03a7f4a5786f.png,2588,1958,3,1.3217568947906027,2588x1958,45.760440265671846,24.649787125896133,0.10825046217870489,50.56315905714082,21.637201922404085,18.064842961714106
proliferative_dr,aptos_07122e268a1d.png,1844,1226,3,1.504078303425775,1844x1226,57.07148310467704,37.42143309722686,0.28493672879370685,79.39795184263025,14.453145862018623,5.394498395798744
proliferative_dr,aptos_080ee76c958c.png,3216,2136,3,1.5056179775280898,3216x2136,60.20980566502693,39.688652969394724,0.25401623087744796,80.25067817126661,23.02674626845087,16.96670847044893
proliferative_dr,aptos_080f66eedfb9.png,2416,1736,3,1.391705069124424,2416x1736,81.13482314523759,38.14808206397898,0.166606742301706,96.94300935115257,15.69123647278502,8.590977819753709
proliferative_dr,aptos_08a3875063c3.png,3216,2136,3,1.5056179775280898,3216x2136,77.31304036931448,45.26837929655658,0.25394984930217823,103.02121056434478,11.999804810575954,5.4448937814719995
proliferative_dr,aptos_0981195eb9fb.png,4288,2848,3,1.5056179775280898,4288x2848,51.08658472035888,36.31286009000816,0.2766644306557102,70.13360176491045,22.616475766185456,5.8885592009201675
proliferative_dr,aptos_0ada12c0e78f.png,2588,1958,3,1.3217568947906027,2588x1958,62.73046278652317,37.35455703675408,0.09395272121033196,68.63060687395085,34.19639481044668,14.156973213114371
proliferative_dr,aptos_0bf37ca3156a.png,2588,1958,3,1.3217568947906027,2588x1958,57.30855460813087,22.341544369384696,0.028671459221708426,58.71213447657739,21.09884609428021,12.92991833726285
proliferative_dr,aptos_0ceb222f6629.png,2416,1736,3,1.391705069124424,2416x1736,73.06618463316751,36.07661567213556,0.16647489280373545,87.24734156743044,18.798475376535706,11.964237790037956
proliferative_dr,aptos_0e0fc1d9810c.png,4288,2848,3,1.5056179775280898,4288x2848,52.97557897726082,34.601891015202824,0.2813842916736542,73.21260153948953,14.508824344143141,5.740952835435914
proliferative_dr,aptos_0e82bcacc475.png,2588,1958,3,1.3217568947906027,2588x1958,58.52697608037726,22.856419215561115,0.0949423993508185,64.06082287696879,15.955380707159698,13.58690854142211
proliferative_dr,aptos_10fca1abf338.png,1844,1226,3,1.504078303425775,1844x1226,61.43058170230685,41.86526183051226,0.2850464271938795,85.49758681256948,20.478241171568293,4.61661956010251
proliferative_dr,aptos_11242a67122d.png,2144,1424,3,1.5056179775280898,2144x1424,57.76314125911873,35.58026266962034,0.25486201366761696,77.07299771247519,15.354418929212105,27.076761771704394
proliferative_dr,aptos_15e96e848b46.png,2588,1958,3,1.3217568947906027,2588x1958,60.74239398307265,28.5501620033885,0.02447001403507664,62.017077838782825,27.73365436001757,7.0410928482940855
proliferative_dr,aptos_1638404f385c.png,1504,1000,3,1.504,1504x1000,49.988757978723406,32.22727988980269,0.26518617021276597,67.79509482789823,14.748992399506493,28.716639541979806
proliferative_dr,aptos_165cd2070ebd.png,3216,2136,3,1.5056179775280898,3216x2136,47.36805759358638,28.23809424315934,0.2542265847727654,62.99639507959988,10.406695186693634,3.763819303194327
proliferative_dr,aptos_16ce555748d8.png,2416,1736,3,1.391705069124424,2416x1736,79.37415787987915,36.13543840943237,0.16641480948820458,94.81338669407926,11.576246966908673,7.973651080532988
proliferative_dr,aptos_187f6ccda87a.png,4288,2848,3,1.5056179775280898,4288x2848,61.117749559785345,39.54826887723986,0.2827908331848482,84.68900086873434,14.692382998345257,6.009536755776073
proliferative_dr,aptos_19ef4d292196.png,1844,1226,3,1.504078303425775,1844x1226,64.0883213667713,41.62579249018554,0.2848911685710545,89.20143838166908,14.463501341132355,5.378386041600385
proliferative_dr,aptos_1a7e3356b39c.png,4288,2848,3,1.5056179775280898,4288x2848,47.4210948800153,36.05249094420879,0.27724016526391915,65.13365652656402,25.817735127490685,5.733406707836131
proliferative_dr,aptos_1a90fad9ffa2.png,3388,2588,3,1.3091190108191655,3388x2588,67.37669112186114,39.34362944666575,0.24599299464059896,88.95294817524453,12.659432761157031,11.962530492234107
proliferative_dr,aptos_1b32e1d775ea.png,1504,1000,3,1.504,1504x1000,58.85234175531915,35.9202513588237,0.264875664893617,79.85028766482729,9.50462011557255,30.042061831624526
proliferative_dr,aptos_1bf30c84bbad.png,4288,2848,3,1.5056179775280898,4288x2848,51.18987909163802,32.64833665118146,0.28180591839782826,70.77778289580124,11.066828283707736,5.567181456865502
proliferative_dr,aptos_1c4f3aa4df06.png,3216,2136,3,1.5056179775280898,3216x2136,81.31489788883299,48.041039272296864,0.25365098663983454,108.28422325779528,14.985962920011204,4.179107385625719
proliferative_dr,aptos_1e9224ccca95.png,3216,2136,3,1.5056179775280898,3216x2136,55.329246208098084,33.34075339239126,0.2539559633946373,73.70236652456839,12.671434691599769,15.680375452015529
proliferative_dr,aptos_1efa5d443707.png,1844,1226,3,1.504078303425775,1844x1226,58.66584673010301,39.01046485730973,0.28506987080359386,81.6355877778149,16.66488237203924,4.807171429540404
proliferative_dr,aptos_1fd5d860d4d7.png,3388,2588,3,1.3091190108191655,3388x2588,66.1344195533285,38.799598354201436,0.2457585094405384,87.2792901514494,13.283183270917224,12.443885957718892
proliferative_dr,aptos_2017cd92c63d.png,2416,1736,3,1.391705069124424,2416x1736,57.201977456358534,26.33985141163641,0.16692122600482193,68.27008690988383,9.941603427762963,10.413175555426724
proliferative_dr,aptos_20d5fdd450ae.png,3216,2136,3,1.5056179775280898,3216x2136,71.22435836966851,42.84031682564093,0.25385129595468353,94.8438251622842,16.18043151622814,4.722132104490813
proliferative_dr,aptos_211518c46162.png,3388,2588,3,1.3091190108191655,3388x2588,65.70968405628375,37.91457222934402,0.2455935942657876,86.65611609459111,10.900394103177085,12.401068563709964
proliferative_dr,aptos_21abd36095a1.png,3216,2136,3,1.5056179775280898,3216x2136,81.95891912162037,47.973885018988405,0.2541341455177297,109.22942158425477,12.609878672628698,5.004171515089271
proliferative_dr,aptos_21d18b022429.png,2588,1958,3,1.3217568947906027,2588x1958,66.53275726106033,31.79741569184495,0.09387516517659095,72.74876328782278,26.534642160113826,14.246844278456615
proliferative_dr,aptos_222f3ee3a1e8.png,2416,1736,3,1.391705069124424,2416x1736,89.37662797173986,40.052273430019724,0.1661859206671346,106.77348696643537,10.133008933159626,6.597083429721084
proliferative_dr,aptos_22895c89792f.png,1504,1000,3,1.504,1504x1000,72.1633550531915,45.68447788816058,0.26496941489361703,97.93959489310583,18.21170399797012,29.180289925690612
proliferative_dr,aptos_247ac63e5510.png,3216,2136,3,1.5056179775280898,3216x2136,79.09374912655822,46.74764244451241,0.25409207473866624,105.44104984424041,14.0556084601339,4.795116863266641
proliferative_dr,aptos_247e98aba610.png,2416,1736,3,1.391705069124424,2416x1736,51.531745448927275,23.33355508364338,0.1673773346659749,61.50704949306534,7.702546352017974,14.41660316533398
proliferative_dr,aptos_254052cf3e48.png,3216,2136,3,1.5056179775280898,3216x2136,60.63608222930292,36.84444682453557,0.25380791501295025,80.72961840263729,15.107967942522341,5.419281747473605
proliferative_dr,aptos_25d069089c5e.png,2416,1736,3,1.391705069124424,2416x1736,64.26106629764702,30.939737780750416,0.16671546449171423,76.71772435708519,14.764400975628693,11.660945319833187
proliferative_dr,aptos_2628305cbb29.png,2416,1736,3,1.391705069124424,2416x1736,90.45865576456495,41.32820910316929,0.16595417073580127,108.05322264578125,13.506706980202635,7.850929479233946
proliferative_dr,aptos_262ad704319c.png,640,480,3,1.3333333333333333,640x480,96.15156575520834,24.004262720052587,0.010572916666666666,97.16824696004632,22.01314535426808,36.988524325805244
proliferative_dr,aptos_26463a5fb949.png,4288,2848,3,1.5056179775280898,4288x2848,39.74415872162188,28.678952839357613,0.27754502374014756,54.55650972675059,18.64855876028158,5.919214959556391
proliferative_dr,aptos_27e2be850a99.png,2416,1736,3,1.391705069124424,2416x1736,74.19472954878384,34.804101839115965,0.1662865363780633,88.59416439478932,14.35140866228591,9.697561791755144
proliferative_dr,aptos_281d7b7c7676.png,3388,2588,3,1.3091190108191655,3388x2588,65.66232466072637,38.176800309993475,0.2450666868609822,86.57518108990531,12.073445504002484,16.254614883603445
proliferative_dr,aptos_29bc0e721cfe.png,3388,2588,3,1.3091190108191655,3388x2588,75.10636926127125,43.60730661596927,0.24374006631277953,98.90112857857251,13.832914221765492,11.67628325722437
proliferative_dr,aptos_2bbcfdc477db.png,1844,1226,3,1.504078303425775,1844x1226,83.86624403293783,55.121673455427576,0.2846991963707523,116.81994382578324,20.814349881227365,6.299393898612255
proliferative_dr,aptos_2df07eb5779f.png,3216,2136,3,1.5056179775280898,3216x2136,81.65875765134999,48.262864773733014,0.2542380850895336,108.83706261996335,14.757325900485707,3.98311183560807
proliferative_dr,aptos_2f284b6a1940.png,2416,1736,3,1.391705069124424,2416x1736,64.6134766399884,31.7012494967423,0.16690143665883359,77.15354210823654,16.249736141308937,11.813467532038652
proliferative_dr,aptos_2f7789c1e046.png,1504,1000,3,1.504,1504x1000,78.53107712765957,48.58612306709458,0.26415492021276593,106.46108875758893,15.956471336042027,27.462079068688745
proliferative_dr,aptos_2fde69f20585.png,4288,2848,3,1.5056179775280898,4288x2848,50.95044170496709,38.76780767904206,0.2772579343451283,70.01409697938703,27.72270175961743,6.0422250686132015
proliferative_dr,aptos_2fe06bedb2c4.png,2588,1958,3,1.3217568947906027,2588x1958,105.95786280041615,43.86123287375386,0.08225142995170608,114.69594588637679,34.172937490649865,16.88551012363656
proliferative_dr,aptos_312694ea8e6a.png,2416,1736,3,1.391705069124424,2416x1736,56.57645792641987,25.91956922500752,0.1670511680959502,67.52187326644022,9.45238057664494,12.000266074249717
proliferative_dr,aptos_3206171db5be.png,4288,2848,3,1.5056179775280898,4288x2848,65.42777908430111,41.7731362113539,0.27899709340411705,90.21346695515267,14.76865570520851,5.4990512781991425
proliferative_dr,aptos_374535e0adb8.png,4288,2848,3,1.5056179775280898,4288x2848,63.939669383725686,44.44685667504726,0.2712759772503354,87.25457480503331,26.588334659548348,6.4237423911187115
proliferative_dr,aptos_378963f9df22.png,1844,1226,3,1.504078303425775,1844x1226,59.486128018033,39.49545457272198,0.2848482623419547,82.75918170431878,16.72203684193953,6.679848302498823
proliferative_dr,aptos_3796af4d987a.png,2588,1958,3,1.3217568947906027,2588x1958,55.9351562487666,27.490465791965928,0.0940898750104592,61.08890317920272,23.49025916868834,13.113936912222329
proliferative_dr,aptos_37c4dfe03aba.png,640,480,3,1.3333333333333333,640x480,103.74251627604167,23.845285575752456,0.010660807291666666,104.85131200131612,21.433206410956487,60.90973155719969
proliferative_dr,aptos_3810040096cb.png,3216,2136,3,1.5056179775280898,3216x2136,90.43684011473532,52.723376249522005,0.25393354505562077,120.57648832363482,12.17936576788367,5.089403282963734
proliferative_dr,aptos_3a1ecf5e2839.png,2416,1736,3,1.391705069124424,2416x1736,69.9665645886105,32.598445446319495,0.16729150135807366,83.61419471179313,12.755983135677583,9.842870917338672
proliferative_dr,aptos_3a6e9730b298.png,2588,1958,3,1.3217568947906027,2588x1958,42.83104191104382,26.715944880897002,0.0951363881069697,46.69970005794707,25.125660030879992,12.106383985777223
proliferative_dr,aptos_3ac3fbfca7d4.png,3216,2136,3,1.5056179775280898,3216x2136,94.76729676756666,54.95415086719285,0.25283097038217156,126.03579054219267,13.204762312781423,3.46450171510091
proliferative_dr,aptos_3b185ac445d0.png,640,480,3,1.3333333333333333,640x480,88.47440104166667,19.944391008856737,0.010572916666666666,89.40985089751014,17.867333230784467,47.61335218979517
proliferative_dr,aptos_3b232b394e4f.png,2588,1958,3,1.3217568947906027,2588x1958,122.97848796914494,46.212766331141495,0.08208881882752643,133.25851653342534,32.23497193528823,19.4237002553745
proliferative_dr,aptos_3b4a5fcbe5e0.png,1504,1000,3,1.504,1504x1000,37.217896941489364,28.293601948416583,0.29225199468085106,52.31640946100955,18.726334671730502,29.60889343367334
proliferative_dr,aptos_3c78bfca247b.png,3388,2588,3,1.3091190108191655,3388x2588,71.2977196770491,41.95049257747347,0.24526798373749337,94.05705075209302,14.81896129408155,12.6236885449134
proliferative_dr,aptos_3ca637fddd56.png,1504,1000,3,1.504,1504x1000,37.217896941489364,28.293601948416583,0.29225199468085106,52.31640946100955,18.726334671730502,29.60889343367334
proliferative_dr,aptos_3ccf96c1dd6d.png,3216,2136,3,1.5056179775280898,3216x2136,77.55634107086291,45.52041054705795,0.2537119819907951,103.31670546156633,12.67898243077909,5.592366322150986
proliferative_dr,aptos_3ee4841936ef.png,2416,1736,3,1.391705069124424,2416x1736,75.41612559892575,35.23766608605353,0.16610247161778618,90.0361502587696,14.217088064878457,8.06093400736846
proliferative_dr,aptos_3f752fcccec0.png,2416,1736,3,1.391705069124424,2416x1736,65.54989251762444,30.69692893439197,0.16682704779198584,78.26928115647735,12.694766611704358,10.825374992401219
proliferative_dr,aptos_408ea9d5e082.png,3388,2588,3,1.3091190108191655,3388x2588,35.80141167845783,22.142366987799253,0.24934433102376055,47.314009253011726,11.020393433850801,12.22244228567933
proliferative_dr,aptos_4462fba1d2a1.png,3216,2136,3,1.5056179775280898,3216x2136,85.54604479358824,49.69723689503632,0.25361342864330033,113.95293580719338,11.268695299747323,4.226411965972189
proliferative_dr,aptos_44ecf3f4efa5.png,2416,1736,3,1.391705069124424,2416x1736,57.30200616283151,27.035661998475685,0.1670955153050325,68.4046012593077,11.823405223354387,9.81761924073374
proliferative_dr,aptos_4689b739d240.png,2416,1736,3,1.391705069124424,2416x1736,64.66870751251258,29.404032482131303,0.16670759643848995,77.20319916451477,9.749705329159129,10.892294453936477
proliferative_dr,aptos_46cdc8b685bd.png,3216,2136,3,1.5056179775280898,3216x2136,56.75456810050869,33.739423862880564,0.2541546713995565,75.63585519407467,11.107421362596101,16.652262126871832
proliferative_dr,aptos_46d3316c4857.png,3216,2136,3,1.5056179775280898,3216x2136,52.104002314038425,32.40665709183421,0.25437769020068196,69.42562651797358,15.126084693644906,14.981287655006483
proliferative_dr,aptos_499c8df39222.png,2416,1736,3,1.391705069124424,2416x1736,68.8310099528489,31.254571468997216,0.1664360293893246,82.17383615065184,10.107747398448335,10.086488263314983
proliferative_dr,aptos_4a3da369b227.png,3216,2136,3,1.5056179775280898,3216x2136,80.60437381794212,47.63595567612841,0.2537237734548233,107.38269898947654,14.636128046276434,5.332270787544268
proliferative_dr,aptos_4a693dd3921a.png,2588,1958,3,1.3217568947906027,2588x1958,30.910301809403975,19.08046815137219,0.09715955466654458,33.69432522682677,17.981762994874266,11.0470257928577
proliferative_dr,aptos_4a7dc013e802.png,2588,1958,3,1.3217568947906027,2588x1958,27.36862560446344,12.466606934900224,0.0990124137016449,29.769806583087618,10.682839064398733,10.623414738119536
proliferative_dr,aptos_4abca30b676b.png,2416,1736,3,1.391705069124424,2416x1736,99.6171197870571,45.60945736496107,0.16566758285775324,118.98089923891297,15.16272165914123,7.745519973722464
proliferative_dr,aptos_4bd941611343.png,2588,1958,3,1.3217568947906027,2588x1958,61.46225744498455,25.921711059901632,0.10426056932838448,67.72524423968007,19.33323758729612,22.71496358999285
proliferative_dr,aptos_4ccfa0b4e96c.png,1476,1117,3,1.3213965980304387,1476x1117,83.06131891220434,35.48895386173068,0.06353582112365438,88.11680303845807,30.700562390818803,35.224735906536424
proliferative_dr,aptos_4dc2211a1c31.png,2588,1958,3,1.3217568947906027,2588x1958,74.43129344519295,32.62745313126677,0.09229681108534242,81.2755182615562,25.7895806837826,15.37314536367985
proliferative_dr,aptos_4dd71fc7f22b.png,640,480,3,1.3333333333333333,640x480,91.96753580729167,36.14518454784906,0.010745442708333334,92.95787416213939,35.06236563079939,56.251246169524734
proliferative_dr,aptos_518e880613de.png,3216,2136,3,1.5056179775280898,3216x2136,73.40251720098011,43.48344335886003,0.25364720172545513,97.89911093825641,12.936180885960383,4.867593932593844
proliferative_dr,aptos_51a1d162e223.png,1844,1226,3,1.504078303425775,1844x1226,67.11893695172917,44.14555889089225,0.2848504740032485,93.42998014559895,17.16589659350245,6.20865828117522
proliferative_dr,aptos_51af8c112682.png,2588,1958,3,1.3217568947906027,2588x1958,74.77254532193055,30.408801928890902,0.09370643640089484,81.80108177198956,22.20346949215142,14.456039146691218
proliferative_dr,aptos_55eb405ec71e.png,3388,2588,3,1.3091190108191655,3388x2588,68.15235550419793,41.95282459492154,0.2489283935117854,90.33085227797295,19.162396472398108,6.367078023968768
proliferative_dr,aptos_576e189d23d4.png,1504,1000,3,1.504,1504x1000,49.988757978723406,32.22727988980269,0.26518617021276597,67.79509482789823,14.748992399506493,28.716639541979806
proliferative_dr,aptos_58b866484a05.png,1844,1226,3,1.504078303425775,1844x1226,45.81723538799616,31.372748356098114,0.28520655147155094,63.67737791350679,16.07620523904448,4.354943770042184
proliferative_dr,aptos_59fee5bc3479.png,2588,1958,3,1.3217568947906027,2588x1958,32.547141833211505,17.165987850014947,0.09654778951489787,35.48043464632562,15.391959634471016,11.050745916468967
proliferative_dr,aptos_5b5b80a3edee.png,2588,1958,3,1.3217568947906027,2588x1958,67.77440094377602,36.969601294398075,0.09080765630007594,73.88578502042692,33.0419932716251,14.479637890101024
proliferative_dr,aptos_5b76117c4bcb.png,2416,1736,3,1.391705069124424,2416x1736,77.6474847502823,37.15206825548424,0.16676505706961273,92.78113756297331,16.82602181321888,10.240083867804774
proliferative_dr,aptos_5bda2ed09e62.png,3388,2588,3,1.3091190108191655,3388x2588,51.555630017025265,31.053832912731185,0.24503395473432005,67.90243851224182,13.661303166428501,12.925084599600245
proliferative_dr,aptos_5c7ab966a3ee.png,2588,1958,3,1.3217568947906027,2588x1958,42.88063258095429,17.24731827879514,0.09465112020119575,46.764901765119525,13.002710797447161,12.258698510901947
proliferative_dr,aptos_5d74f98d62be.png,1844,1226,3,1.504078303425775,1844x1226,63.08122149168592,46.439872814395486,0.28488099492910296,87.79126752565874,29.536707519189623,5.507044555596647
proliferative_dr,aptos_5dd2e26fc244.png,1050,1050,3,1.0,1050x1050,80.56053424036281,45.42044784115414,0.2096798185941043,101.7020662712549,21.866528464068175,48.061763684390776
proliferative_dr,aptos_5e7db41b3bee.png,3216,2136,3,1.5056179775280898,3216x2136,38.0916157450109,25.308939821698083,0.2548350825460711,50.680919501338,15.410852319543945,13.259063968568313
proliferative_dr,aptos_60f15dd68d30.png,2896,1944,3,1.4897119341563787,2896x1944,37.681071912727646,36.75309703075876,0.45323868028556485,67.55608624604879,22.382070638383667,6.308093112651498
proliferative_dr,aptos_612f2df37a1d.png,2416,1736,3,1.391705069124424,2416x1736,78.56330492568743,37.13334474990745,0.16642625392925808,93.84700535302353,15.82864196182019,8.80394527302679
proliferative_dr,aptos_613028ede6a0.png,1050,1050,3,1.0,1050x1050,70.34507936507937,37.82001951666427,0.21039727891156462,88.8144340791948,13.773096855336574,37.92914424082556
proliferative_dr,aptos_6194e0fff071.png,1844,1226,3,1.504078303425775,1844x1226,78.7904499580669,54.30286805555049,0.28466336745779264,109.71798480453477,27.604153129160494,6.548814856434883
proliferative_dr,aptos_61bbc11fe503.png,2416,1736,3,1.391705069124424,2416x1736,86.67185020371105,40.12611939906066,0.1665039807580798,103.57433530072552,14.691785874262461,7.798847728483043
proliferative_dr,aptos_61e301bd3c25.png,3388,2588,3,1.3091190108191655,3388x2588,72.8251173794591,43.04986560202704,0.2481391728967955,96.44642061857672,14.701338883920387,13.053759833659825
proliferative_dr,aptos_61f403fdb434.png,2588,1958,3,1.3217568947906027,2588x1958,59.34874580250168,32.07187137239239,0.09345028441159244,64.74888125486665,28.677655225870787,14.681055644781733
proliferative_dr,aptos_62318d514160.png,2416,1736,3,1.391705069124424,2416x1736,66.5004632614368,32.055058002392144,0.16669019135105442,79.4026239410732,15.30865435041199,9.172787688781291
proliferative_dr,aptos_63b4d030b016.png,2416,1736,3,1.391705069124424,2416x1736,63.96491968863491,31.962728462319962,0.16631514748069703,76.34315471994248,17.437802981859623,9.298727092016314
proliferative_dr,aptos_64bad93fde3f.png,1844,1226,3,1.504078303425775,1844x1226,66.32877539429498,43.585065134763525,0.2850481965229146,92.35016515882036,16.778130899444772,6.635052409539438
proliferative_dr,aptos_64fedbf97473.png,2588,1958,3,1.3217568947906027,2588x1958,46.11185139079873,24.84127079323604,0.09494851700233498,50.392074565034754,22.107900364769144,12.256136990312765
proliferative_dr,aptos_65c958379680.png,2144,1424,3,1.5056179775280898,2144x1424,57.76314125911873,35.58026266962034,0.25486201366761696,77.07299771247519,15.354418929212105,27.076761771704394
proliferative_dr,aptos_65e120143825.png,2416,1736,3,1.391705069124424,2416x1736,84.55107344088565,38.693969457062884,0.1665738395336772,101.03800847709765,12.828900212881543,9.869165715992077
proliferative_dr,aptos_6630f8675a97.png,4288,2848,3,1.5056179775280898,4288x2848,41.44244864817416,28.8447747975411,0.2830138064942143,57.332057026979,16.37622170417777,5.680369849094654
proliferative_dr,aptos_66375b3c64db.png,3388,2588,3,1.3091190108191655,3388x2588,61.832675649487506,36.91195643690776,0.24979801882815794,82.0222187121411,13.573486888688722,5.703190206268696
proliferative_dr,aptos_664b1f9a2087.png,3216,2136,3,1.5056179775280898,3216x2136,88.37271682318743,51.77765282120847,0.2534161763746809,117.71707660914895,13.882273418682985,4.780930754328603
proliferative_dr,aptos_66a0bf258013.png,2416,1736,3,1.391705069124424,2416x1736,57.50259908024842,28.25115433594561,0.1669445917386395,68.62598966622886,14.726210762455297,11.554032063656296
proliferative_dr,aptos_69fff98cb32a.png,2416,1736,3,1.391705069124424,2416x1736,70.93651244010742,32.59384808695826,0.1668289551988281,84.73325967401028,11.577250518229217,8.976428261658436
proliferative_dr,aptos_6c250a30593b.png,2416,1736,3,1.391705069124424,2416x1736,81.93849685850093,37.744965278504985,0.16628605952635273,97.87835708829617,13.446461926596363,11.309418582525245
proliferative_dr,aptos_6c3745a222da.png,1050,1050,3,1.0,1050x1050,44.93654058956916,26.84040995333935,0.21255510204081632,56.84333266525218,15.732430214842093,33.63456266448979
proliferative_dr,aptos_6cd606dc52e9.png,4288,2848,3,1.5056179775280898,4288x2848,62.54291757177071,39.30375564137722,0.2814844372327268,86.51753073875231,10.383328213763855,5.4172657658382946
proliferative_dr,aptos_6cfb7b44ef6f.png,1844,1226,3,1.504078303425775,1844x1226,74.20830576128921,48.329186279621034,0.28478191250314056,103.33201292576959,16.9480769314844,6.486606159419016
proliferative_dr,aptos_6d259b5b4c76.png,3388,2588,3,1.3091190108191655,3388x2588,72.28294585490384,41.570421577029464,0.24840376709141637,95.73575864660103,9.20722621074068,5.526051122271443
proliferative_dr,aptos_6d7d26025122.png,3388,2588,3,1.3091190108191655,3388x2588,68.04341500322074,39.722370822720556,0.24451252169216198,89.65599512576796,13.341043233012883,12.959758302290597
proliferative_dr,aptos_6daef3e5ca22.png,1844,1226,3,1.504078303425775,1844x1226,41.739660925783724,30.075399104957306,0.2856325174367376,58.009863764874595,18.4209195625302,4.4674545103528756
proliferative_dr,aptos_6e73acb2cf60.png,2416,1736,3,1.391705069124424,2416x1736,66.86653087519456,33.102463022333616,0.16683753852961822,79.8654347060894,17.38794819433956,8.62344450666041
proliferative_dr,aptos_6f4719c6bb4b.png,2588,1958,3,1.3217568947906027,2588x1958,30.950939789679087,17.831862624159587,0.09659219182429157,33.70877784772825,16.52621743155969,11.013255766741855
proliferative_dr,aptos_6f923b60934b.png,2416,1736,3,1.391705069124424,2416x1736,83.76764494384594,38.95180440464634,0.166339705343791,100.08059074770958,14.83591776052834,7.608493055995117
proliferative_dr,aptos_6fe67482bfae.png,3216,2136,3,1.5056179775280898,3216x2136,92.35078324435874,54.14627317443946,0.255152433059422,123.24709213354551,13.950806444836827,3.4973773243753237
proliferative_dr,aptos_702de9dcde32.png,2416,1736,3,1.391705069124424,2416x1736,90.62181939909055,41.46795309787555,0.16627103869747,108.28255928410098,13.660165609581131,8.370235296861955
proliferative_dr,aptos_70d657f8f503.png,1050,1050,3,1.0,1050x1050,71.18931609977324,38.12366257129213,0.21044263038548752,89.80344910377754,13.924465582645077,33.420017511317596
proliferative_dr,aptos_710b05a96e0f.png,4288,2848,3,1.5056179775280898,4288x2848,42.671544183925874,34.831254116155066,0.27739107962644644,58.57824752948045,27.687512606891776,5.298938587808308
proliferative_dr,aptos_7270367410a1.png,3216,2136,3,1.5056179775280898,3216x2136,84.72164545950025,49.006055806916784,0.2531301241917752,112.7375659044972,10.701864560911105,3.98606204273767
proliferative_dr,aptos_72d98188648f.png,3388,2588,3,1.3091190108191655,3388x2588,66.08910825369657,39.59884381120014,0.24893660505575638,87.5149706199988,15.603642515459851,12.986957088771499
proliferative_dr,aptos_753b14c27c83.png,2416,1736,3,1.391705069124424,2416x1736,47.5255728419599,22.40134418853472,0.16692742507705924,56.6719651934301,10.056686537884115,11.562202916863633
proliferative_dr,aptos_785777558f05.png,2588,1958,3,1.3217568947906027,2588x1958,71.04575944131238,42.24798892965429,0.0932987245288619,77.72238581043419,38.60898516576025,14.528807231409118
proliferative_dr,aptos_789434d095d1.png,3216,2136,3,1.5056179775280898,3216x2136,79.0013563095105,45.649859450282726,0.25368243054390965,105.19938397452103,9.302882062519759,3.7962918252973132
proliferative_dr,aptos_78b3f819dcc5.png,2588,1958,3,1.3217568947906027,2588x1958,53.90199561739339,28.338088483685322,0.09543082475414935,58.9821134635636,24.84434343744004,12.918503408285922
proliferative_dr,aptos_79d44db3da2d.png,4288,2848,3,1.5056179775280898,4288x2848,47.58288261007987,30.94053741381024,0.2790704625136257,65.52779523481702,13.184933268621517,6.054354472904177
proliferative_dr,aptos_7a238a1d3cf3.png,2416,1736,3,1.391705069124424,2416x1736,82.0463630996887,37.340578604617384,0.1664400826288644,98.01483940519957,11.858515193696324,7.9847583874962345
proliferative_dr,aptos_7b211d8bd249.png,3388,2588,3,1.3091190108191655,3388x2588,54.458035132634684,32.185478425879396,0.24595307741296218,71.79185330855262,12.329147799629427,13.45715888407626
proliferative_dr,aptos_7bc4dd99eee5.png,4288,2848,3,1.5056179775280898,4288x2848,58.271269999633155,37.10314634295809,0.28258980510020126,80.7010442892699,11.765496727911705,5.742033228336948
proliferative_dr,aptos_7c629b491d1a.png,3216,2136,3,1.5056179775280898,3216x2136,66.32913950262731,38.4835414328658,0.2538754611772598,88.31258318846687,9.004125555313909,4.830986684827111
proliferative_dr,aptos_7c90ab025331.png,3216,2136,3,1.5056179775280898,3216x2136,79.03810200518942,46.7023226765125,0.25353569232489237,105.19879229540321,14.909363622058994,3.9352058983522955
proliferative_dr,aptos_7cc4b7aabe04.png,2416,1736,3,1.391705069124424,2416x1736,66.32613795892209,30.749041793849713,0.16680368205816828,79.20373167300602,11.85534828945772,9.91121497937165
proliferative_dr,aptos_7d626a7ffe76.png,2416,1736,3,1.391705069124424,2416x1736,65.86767317346721,31.65692856060714,0.16667827005829036,78.65291559778868,14.893994435923158,10.595088992718884
proliferative_dr,aptos_7e0598cc88a0.png,2416,1736,3,1.391705069124424,2416x1736,74.98290820413831,36.54010741596192,0.16620976325266273,89.5255821813905,18.134345036675732,9.944164717772995
proliferative_dr,aptos_7e4019ac7f5a.png,3216,2136,3,1.5056179775280898,3216x2136,84.83957203681965,48.95117900867827,0.25278118420071927,112.75983235296353,11.074128523391682,3.4868529513334807
proliferative_dr,aptos_7efc91af4ae6.png,474,358,3,1.324022346368715,474x358,67.12822643377413,36.34516700938614,0.09285057633830705,73.3327356823615,32.26891103306128,78.28031168915572
proliferative_dr,aptos_80964d8e0863.png,1504,1000,3,1.504,1504x1000,57.91193218085106,36.48174258353856,0.2649847074468085,78.56257151980664,14.182942801061795,26.490412694868642
proliferative_dr,aptos_82bb8a01935f.png,4288,2848,3,1.5056179775280898,4288x2848,60.17756470893426,39.56903807600362,0.28132222271717255,83.20929547866419,17.11177895090795,5.477223804294742
proliferative_dr,aptos_838c87c63422.png,2416,1736,3,1.391705069124424,2416x1736,76.16934315584277,36.35938278604898,0.16606766144291513,90.93319388768316,16.512522588061685,8.23030554717371
proliferative_dr,aptos_84c663f39632.png,3388,2588,3,1.3091190108191655,3388x2588,43.40222377734672,25.74357264573157,0.25003820648930947,57.4595772998855,9.656165758227518,12.402890617007689
proliferative_dr,aptos_857230f64a2e.png,1844,1226,3,1.504078303425775,1844x1226,61.86160440987569,41.48794140159502,0.28470892768044503,86.06043881292939,18.69423940883113,5.981478657737427
proliferative_dr,aptos_8596a24a14bd.png,2416,1736,3,1.391705069124424,2416x1736,65.86261902218696,34.023128049844615,0.16677626308481094,78.64660640566666,20.230470276734483,11.861945228998836
proliferative_dr,aptos_85cbb84ac8e0.png,2416,1736,3,1.391705069124424,2416x1736,75.04396358188116,36.41390525324169,0.16684373760185553,89.66527196054034,17.61001583850732,8.539926792611206
proliferative_dr,aptos_873dcc0b468f.png,2416,1736,3,1.391705069124424,2416x1736,58.58629513878292,27.1082399960723,0.166301557206946,69.87220155816463,10.745801299778103,11.535661829706557
proliferative_dr,aptos_875a2fc5fe23.png,2896,1944,3,1.4897119341563787,2896x1944,50.441883973637545,45.47798557264119,0.45215409931109746,90.43334675625657,15.422618145795003,5.469825877313692
proliferative_dr,aptos_87774aafe068.png,2416,1736,3,1.391705069124424,2416x1736,68.05614213614307,31.95428087880436,0.16725979071932126,81.32271887979903,13.184736118017913,11.079231528389906
proliferative_dr,aptos_8785b71238d8.png,2588,1958,3,1.3217568947906027,2588x1958,42.09690083721048,16.667049485513438,0.09511862718321222,45.968996854955684,12.217028568420131,12.159929027239263
proliferative_dr,aptos_887c26fc0e1f.png,3216,2136,3,1.5056179775280898,3216x2136,74.68692775006056,45.65178148195398,0.253673987273371,99.47594364041153,19.231913716126584,5.4580140903566745
proliferative_dr,aptos_8ac0c44bbf24.png,2416,1736,3,1.391705069124424,2416x1736,67.54305184141056,33.35537649538106,0.16718611713003936,80.69382914472735,17.36202639516354,13.185399229786338
proliferative_dr,aptos_8ae049175db6.png,2588,1958,3,1.3217568947906027,2588x1958,50.006866373124645,21.376616113568243,0.09626558817075115,54.85708299404935,16.160717700723165,12.337317831446766
proliferative_dr,aptos_8af6a4e5396f.png,2416,1736,3,1.391705069124424,2416x1736,74.36446038506729,35.53517673602424,0.16692313341166418,88.8594132746587,16.032050416414744,8.097040751853458
proliferative_dr,aptos_8bad12d70368.png,2588,1958,3,1.3217568947906027,2588x1958,61.96510156090892,27.53660571397892,0.09356928260076759,67.63587551925036,22.197406097228683,14.104950679425448
proliferative_dr,aptos_8bed09514c3b.png,2416,1736,3,1.391705069124424,2416x1736,92.79861956198309,42.24612320973268,0.16605454802087466,110.86167165182745,13.235513611536863,7.915571491561578
proliferative_dr,aptos_8c7c26c52a6c.png,2416,1736,3,1.391705069124424,2416x1736,84.97669768745995,40.616191434223765,0.16627556878872035,101.51539599066228,18.26402157796645,11.260185074947133
proliferative_dr,aptos_8d8aca52c07b.png,2588,1958,3,1.3217568947906027,2588x1958,101.72239320948576,44.6824075067103,0.08714476179049056,110.71246520808134,35.489238093746735,18.677241586278246
proliferative_dr,aptos_8db2ce991101.png,2588,1958,3,1.3217568947906027,2588x1958,51.450069307071374,19.665541175854635,0.09505666129365832,56.27182805913177,13.515450290982786,12.702376450871164
proliferative_dr,aptos_8eeac97f02f0.png,4288,2848,3,1.5056179775280898,4288x2848,64.25653918565528,41.02849846714336,0.27905179269558106,88.57253939828365,14.691475838000008,5.7268242049150695
proliferative_dr,aptos_8f318a978844.png,1844,1226,3,1.504078303425775,1844x1226,28.834028974532277,19.627376071351268,0.28615093084400534,39.97471047136315,10.287728075311012,3.591296492930134
proliferative_dr,aptos_8fd7ad26e691.png,3216,2136,3,1.5056179775280898,3216x2136,74.44018292200049,44.31177959037537,0.254293694216185,99.23681371164328,14.661116033021765,5.692046990335046
proliferative_dr,aptos_905cc86bf100.png,3216,2136,3,1.5056179775280898,3216x2136,89.83626445837292,52.2796847873801,0.2527797284644195,119.37286469715097,14.355748660507757,3.4143070585058672
proliferative_dr,aptos_94ef1d14597f.png,3388,2588,3,1.3091190108191655,3388x2588,67.49539526266905,39.35109536629373,0.24798338165979025,89.29141480089599,11.96764900083133,12.921305457056015
proliferative_dr,aptos_95e732e043a1.png,1504,1000,3,1.504,1504x1000,47.59604388297873,29.596434410716803,0.2652280585106383,64.58064405206059,10.21098581765195,28.42436102238002
proliferative_dr,aptos_97da093947e8.png,3216,2136,3,1.5056179775280898,3216x2136,52.907513579108205,30.917198428415684,0.2544960415618536,70.47356266086484,8.33916668452853,5.415723930450118
proliferative_dr,aptos_9859e2a6cc24.png,1050,1050,3,1.0,1050x1050,70.38551020408163,38.10725978798812,0.20917460317460318,88.64130590616882,15.572467754394737,41.043070044189406
proliferative_dr,aptos_9a496b1e20f9.png,2588,1958,3,1.3217568947906027,2588x1958,42.783117610469,16.505685226948913,0.09498818306539335,46.673451854242394,11.899720255941382,12.199761634615845
proliferative_dr,aptos_9c72ed6befa0.png,2588,1958,3,1.3217568947906027,2588x1958,55.02024843980152,24.777027458789707,0.09500633867634545,60.16635091469943,19.98799478948975,13.059569150854857
proliferative_dr,aptos_9cc6b1f9bcbd.png,2588,1958,3,1.3217568947906027,2588x1958,63.57007138312602,30.187795810106724,0.09512790233228557,69.63843287471904,24.89764138228147,15.372381052577904
proliferative_dr,aptos_9e3510963315.png,1504,1000,3,1.504,1504x1000,60.486766622340426,37.76942937909436,0.2646908244680851,82.03034166587545,13.650448286180886,29.301101291944445
proliferative_dr,aptos_9fab29e69a6b.png,1844,1226,3,1.504078303425775,1844x1226,64.41627225373594,47.770145225823555,0.2847248516417604,89.62635014044058,30.95300962540633,10.047876238182106
proliferative_dr,aptos_a0cd7bffdaa0.png,1050,1050,3,1.0,1050x1050,79.63054784580498,44.022397714920224,0.21025215419501134,100.60892365541629,18.979231926961685,44.05216055002266
proliferative_dr,aptos_a11bf2edd470.png,2588,1958,3,1.3217568947906027,2588x1958,80.27905627923646,41.10614342802798,0.09438510103202807,88.09109710862393,34.915898873119836,15.546579995078345
proliferative_dr,aptos_a182b5b191de.png,3216,2136,3,1.5056179775280898,3216x2136,91.77739288110011,53.01992109112143,0.252860230681797,122.03976787395487,11.842352562533923,3.4640296258421808
proliferative_dr,aptos_a2ddabee14e9.png,2416,1736,3,1.391705069124424,2416x1736,66.04113108272043,30.82979967982848,0.16639716597491377,78.81930121669421,12.604296535428329,10.158589432482815
proliferative_dr,aptos_a32b5ce3d48a.png,2416,1736,3,1.391705069124424,2416x1736,75.18428745002593,34.657340390370926,0.16670497375408186,89.81940013493616,12.511772242792258,9.473373791383072
proliferative_dr,aptos_a3fcf42ff56d.png,3388,2588,3,1.3091190108191655,3388x2588,60.40119619385813,35.85920741528817,0.2492609610426106,80.00702884640509,13.059314186199888,11.229451626186835
proliferative_dr,aptos_a5c9a8c726b2.png,1050,1050,3,1.0,1050x1050,72.58799365079365,40.664925026516464,0.2103873015873016,91.62217936288407,19.2819302928635,43.61078925383971
proliferative_dr,aptos_a6d45de20e4d.png,3216,2136,3,1.5056179775280898,3216x2136,69.955048027652,41.49934274772926,0.2534368478301377,93.10962512257667,13.824188846372461,5.966632775758405
proliferative_dr,aptos_a76b69e443ce.png,2588,1958,3,1.3217568947906027,2588x1958,47.260643924264265,24.712010703070174,0.0946566458219203,51.56851765064903,21.87188754201591,12.575643971626683
proliferative_dr,aptos_a81b06f50612.png,4288,2848,3,1.5056179775280898,4288x2848,47.00247661687175,35.58036544755066,0.27735840744486834,64.55447752712418,25.316513617159245,5.677145702458659
proliferative_dr,aptos_aa6673241154.png,2416,1736,3,1.391705069124424,2416x1736,72.198294492172,33.487712473697776,0.16706356624042482,86.27061081179178,12.686241582609682,9.405190193141236
proliferative_dr,aptos_ab1c20a94f3f.png,1050,1050,3,1.0,1050x1050,93.20506757369614,51.46586841479809,0.20622675736961452,117.17211173133288,23.474026943274716,56.5708771298173
proliferative_dr,aptos_aeed1f251ceb.png,3216,2136,3,1.5056179775280898,3216x2136,63.13668665101459,37.43658833206496,0.2539224814597425,84.15728708605337,11.75343932507257,17.286015337502317
proliferative_dr,aptos_b1b3e7d0a5f3.png,2416,1736,3,1.391705069124424,2416x1736,63.88724197553942,30.867326362163777,0.16680654316843166,76.27508956778536,14.949984843342978,11.128522739030677
proliferative_dr,aptos_b37aae3c8fe1.png,2416,1736,3,1.391705069124424,2416x1736,72.24979519219032,33.357353108398954,0.16684373760185553,86.31602155904126,12.23084011980257,11.948300450872804
proliferative_dr,aptos_b3819a805dca.png,2588,1958,3,1.3217568947906027,2588x1958,99.35326753634675,41.230325070041495,0.08565580434882139,107.92517924744132,31.641961755615775,16.15770239661647
proliferative_dr,aptos_b49b2fac2514.png,3388,2588,3,1.3091190108191655,3388x2588,62.58491717289314,37.63093741038157,0.24920165544726455,82.9022905290328,15.148072132255141,11.385197704667323
proliferative_dr,aptos_b55d2ddb3e75.png,3216,2136,3,1.5056179775280898,3216x2136,73.89568775970335,42.967037028408306,0.2535131284122459,98.26509258470185,11.416031066579473,3.156536921760836
proliferative_dr,aptos_b70cb31b9abb.png,3216,2136,3,1.5056179775280898,3216x2136,71.63909516672257,42.351232215631114,0.25364254336929587,95.43842746552085,13.03270508041983,6.269622303098823
proliferative_dr,aptos_b77b8a1f09f1.png,2416,1736,3,1.391705069124424,2416x1736,94.25639577356792,43.05982144529682,0.1658876499221778,112.59528203351576,13.981299190164888,6.6310936769034425
proliferative_dr,aptos_b87f9c59748b.png,2588,1958,3,1.3217568947906027,2588x1958,87.3003648488427,32.226621173832235,0.09082403581865228,95.24899095325425,21.13042548513897,16.159752601237027
proliferative_dr,aptos_b90bc89ce8d8.png,3388,2588,3,1.3091190108191655,3388x2588,50.11175409527946,29.82947695238286,0.2489331835791018,66.31931928238292,11.37014789036208,13.017363643192175
proliferative_dr,aptos_b96b518596b3.png,4288,2848,3,1.5056179775280898,4288x2848,64.03341709094101,41.60960269914043,0.2828827902272346,88.75173883335107,15.945404392285775,5.731482242165636
proliferative_dr,aptos_b99afe7137fb.png,2588,1958,3,1.3217568947906027,2588x1958,63.82604063225731,26.87379217982654,0.09334529761782596,69.70249472443541,20.650566022800287,13.873565706479265
proliferative_dr,aptos_ba08cee68c71.png,2416,1736,3,1.391705069124424,2416x1736,61.637308496353036,30.23458507866416,0.16669734412671286,73.56158051260394,15.619514548534742,10.499154540802975
proliferative_dr,aptos_ba4d2c4b3039.png,3388,2588,3,1.3091190108191655,3388x2588,51.674525988624275,31.299382245983992,0.24877294442244563,68.394030120845,13.424653538770842,13.404666932184266
proliferative_dr,aptos_ba735b286d62.png,2416,1736,3,1.391705069124424,2416x1736,65.80399987983337,30.341496412218508,0.16673692281868954,78.56611810743345,11.31121489562882,15.279615828596459
proliferative_dr,aptos_bba38f2294a3.png,2416,1736,3,1.391705069124424,2416x1736,81.82542888042848,40.106644860858715,0.16641361735892818,97.76130396132038,20.089198345177586,10.275163703020274
proliferative_dr,aptos_bc34ed91c9bc.png,3388,2588,3,1.3091190108191655,3388x2588,62.484910717707194,36.991179228817934,0.2494230249868159,82.79381240439575,13.010444598223756,11.057597579859634
proliferative_dr,aptos_bcd503c726ba.png,2416,1736,3,1.391705069124424,2416x1736,74.5210696928312,36.08177492576579,0.16662796220282602,89.00814548871072,17.395105858580106,10.72478694191694
proliferative_dr,aptos_bd5013540a13.png,1504,1000,3,1.504,1504x1000,72.1633550531915,45.68447788816058,0.26496941489361703,97.93959489310583,18.21170399797012,29.180289925690612
proliferative_dr,aptos_bd9904495ccd.png,3216,2136,3,1.5056179775280898,3216x2136,84.99772919694598,49.461807998997315,0.2534316071794585,113.19920057857536,11.767507143767359,4.779096371413291
proliferative_dr,aptos_bdff5d8bddf8.png,3216,2136,3,1.5056179775280898,3216x2136,70.96829115191831,40.98023843041952,0.2535784909721058,94.3954720182547,9.236658920787654,3.5353956420962858
proliferative_dr,aptos_bfdee9be1f1d.png,2588,1958,3,1.3217568947906027,2588x1958,47.113754769794745,23.708452261936575,0.09551607718818528,51.49213895243488,20.509770429794873,12.702162724585396
proliferative_dr,aptos_bfefa7344e7d.png,1050,1050,3,1.0,1050x1050,47.08707029478458,27.018138640349793,0.21141859410430838,59.50942879719718,13.978803500233969,40.484041994995096
proliferative_dr,aptos_c01eae4b4939.png,4288,2848,3,1.5056179775280898,4288x2848,56.10734686818716,36.733936056400566,0.27897735907890325,77.30032060272859,16.166196161746964,5.5540819591828425
proliferative_dr,aptos_c0e509786f7f.png,3216,2136,3,1.5056179775280898,3216x2136,63.13668665101459,37.43658833206496,0.2539224814597425,84.15728708605337,11.75343932507257,17.286015337502317
proliferative_dr,aptos_c1799a6f5c65.png,2416,1736,3,1.391705069124424,2416x1736,97.46357520523698,45.17959907234508,0.16632253868221075,116.46214654849439,16.67846393188782,9.455884777689482
proliferative_dr,aptos_c1896142a20a.png,2588,1958,3,1.3217568947906027,2588x1958,65.63492105466733,20.79980808153557,0.043120760072811896,68.15396888053493,17.463074711077482,14.256522597211925
proliferative_dr,aptos_c3d12a23f451.png,2588,1958,3,1.3217568947906027,2588x1958,58.01069148407122,20.680133853481717,0.09385918034520921,63.31260182795401,13.127899555288463,13.88721773804688
proliferative_dr,aptos_c5e238aa18be.png,2416,1736,3,1.391705069124424,2416x1736,71.0449113246559,35.14288429704809,0.16660626544999543,84.83748812725297,18.439914038245185,12.582155827481861
proliferative_dr,aptos_c62585bd68fb.png,1476,1117,3,1.3213965980304387,1476x1117,78.76100084187951,29.298432024106635,0.02944394708047349,80.88232088531811,27.047358070317582,48.556573983126675
proliferative_dr,aptos_c6a145742708.png,3388,2588,3,1.3091190108191655,3388x2588,72.1059053090369,42.40846593587138,0.24489321799459499,95.08463566426542,15.014086372392228,11.516240379110254
proliferative_dr,aptos_c8d2d32f7f29.png,3216,2136,3,1.5056179775280898,3216x2136,41.81766174977174,25.86498973236333,0.25425599064602084,55.6374864429503,12.07281300045221,17.45594531518798
proliferative_dr,aptos_cb547e723a16.png,2416,1736,3,1.391705069124424,2416x1736,58.348938385036774,27.871663645408,0.16697582552568133,69.66114601370981,12.88737121307501,9.377252646999548
proliferative_dr,aptos_cbd0870aa933.png,2416,1736,3,1.391705069124424,2416x1736,68.14795802560504,32.46311359167491,0.1664896752067629,81.35421490785319,14.722426524573208,9.816999808635844
proliferative_dr,aptos_cc3d2e961768.png,3216,2136,3,1.5056179775280898,3216x2136,50.33756341187322,31.3827072201832,0.25432120763225075,67.05651744082986,14.883100187009,15.005126926390481
proliferative_dr,aptos_cd54d022e37d.png,3216,2136,3,1.5056179775280898,3216x2136,74.16391663522276,43.91265328190946,0.2538686192166508,98.83876988920207,13.635613134753385,5.707922373485548
proliferative_dr,aptos_cd93a472e5cd.png,1050,1050,3,1.0,1050x1050,71.40569342403629,39.617428648954366,0.20995374149659865,89.99387963160686,18.45218750340284,33.931283804932306
proliferative_dr,aptos_cd972e5639e0.png,2588,1958,3,1.3217568947906027,2588x1958,67.88366081845494,33.46937978434681,0.09285351737334094,74.15756353296335,28.475083795750617,14.412074145800252
proliferative_dr,aptos_cf1b9d26d38d.png,3388,2588,3,1.3091190108191655,3388x2588,68.06891869020399,40.46352013948321,0.24839338861223081,90.15012150626802,14.673184942186372,5.738972804934612
proliferative_dr,aptos_d0b132d2c7ec.png,1050,1050,3,1.0,1050x1050,80.66329433106576,43.27346058202134,0.2085124716553288,101.55140239395381,16.52200164855797,44.190619358703415
proliferative_dr,aptos_d10ef306996b.png,3216,2136,3,1.5056179775280898,3216x2136,83.67567185141708,49.319004766741614,0.25332795875491454,111.36439689766631,15.196844606617667,5.057519339721246
proliferative_dr,aptos_d1a24527a15d.png,2416,1736,3,1.391705069124424,2416x1736,60.163486939985354,28.746217293511364,0.16726861247596667,71.8460712324437,13.278703344410665,12.023673541083687
proliferative_dr,aptos_d271d3a2b552.png,2416,1736,3,1.391705069124424,2416x1736,88.64142944883572,42.07052293695797,0.16632230025635547,105.9098693556095,18.167803978420466,8.656991257989981
proliferative_dr,aptos_d2901144070c.png,2416,1736,3,1.391705069124424,2416x1736,71.73311539620654,33.86962563008848,0.16693457785271767,85.69768544740548,14.449494149502488,12.072701519496489
proliferative_dr,aptos_d2c2f02bb313.png,2416,1736,3,1.391705069124424,2416x1736,67.49355391857662,33.51636990569499,0.16647107799005095,80.58087247391065,17.85372591707065,9.038724645649443
proliferative_dr,aptos_d48178e4a49b.png,3388,2588,3,1.3091190108191655,3388x2588,70.81978386760072,42.651249075067575,0.24562974786910433,93.46270145547,17.998351208908055,12.188294571924478
proliferative_dr,aptos_d51b3fe0fa1b.png,1504,1000,3,1.504,1504x1000,37.185039228723404,26.12705734502891,0.2913171542553191,52.20729852635292,13.721440932004478,29.078263797726883
proliferative_dr,aptos_d659d7fd5ccf.png,3216,2136,3,1.5056179775280898,3216x2136,70.36383450258073,40.815054534582345,0.2537482298246595,93.68380390161762,9.4299544400282,4.041362846009626
proliferative_dr,aptos_d803598dabda.png,1504,1000,3,1.504,1504x1000,65.92015824468085,40.59710658155464,0.26460571808510636,89.41691794006147,12.426304061401874,28.298748981296306
proliferative_dr,aptos_d85ea1220a03.png,1050,1050,3,1.0,1050x1050,47.08707029478458,27.018138640349793,0.21141859410430838,59.50942879719718,13.978803500233969,40.484041994995096
proliferative_dr,aptos_d9ba044671e1.png,3216,2136,3,1.5056179775280898,3216x2136,71.74162252874206,42.28391212287184,0.2537809838914044,95.53235204666977,12.86429551232165,4.0256502163213685
proliferative_dr,aptos_dad71ba27a9b.png,2416,1736,3,1.391705069124424,2416x1736,52.8454001453444,26.12730761174772,0.1672352328562273,63.070588548546965,13.944951827139661,9.852284214718074
proliferative_dr,aptos_de16416220de.png,3388,2588,3,1.3091190108191655,3388x2588,57.925826948097566,35.960059838531535,0.24949943796543486,76.73979351407652,17.440194891338145,11.527963037808624
proliferative_dr,aptos_df4913ca3712.png,1504,1000,3,1.504,1504x1000,37.185039228723404,26.12705734502891,0.2913171542553191,52.20729852635292,13.721440932004478,29.078263797726883
proliferative_dr,aptos_df4aec4a0eaf.png,3388,2588,3,1.3091190108191655,3388x2588,65.48855823991941,38.3558546618474,0.24836054243634684,86.7339011419952,11.822046754957116,7.0794166923949415
proliferative_dr,aptos_df84e7113003.png,3216,2136,3,1.5056179775280898,3216x2136,74.33280228073117,43.458205604742474,0.25363104305252765,98.87896972336544,12.434315702484932,3.0848468605696784
proliferative_dr,aptos_e019b3e0f33d.png,1504,1000,3,1.504,1504x1000,79.59792752659574,49.102430003758506,0.26439827127659576,107.94058815288179,15.463599136209643,27.242899962651013
proliferative_dr,aptos_e037643244b7.png,2416,1736,3,1.391705069124424,2416x1736,77.6474847502823,37.15206825548424,0.16676505706961273,92.78113756297331,16.82602181321888,10.240083867804774
proliferative_dr,aptos_e23add229074.png,3216,2136,3,1.5056179775280898,3216x2136,93.80304397371755,54.816238523206955,0.25263138893547243,124.74877560306321,15.149602897813516,4.022113634484278
proliferative_dr,aptos_e32dc722eca5.png,3216,2136,3,1.5056179775280898,3216x2136,80.28718096083254,47.77229049556889,0.25318602446568655,106.83214473818094,16.506770251492835,4.724848077162516
proliferative_dr,aptos_e39b627cf648.png,1504,1000,3,1.504,1504x1000,63.63902260638298,40.80134902536169,0.2651735372340426,86.37959280804286,17.750888274304906,28.582983809740963
proliferative_dr,aptos_e3ab63dc9a60.png,2416,1736,3,1.391705069124424,2416x1736,88.027444246498,40.369367941245144,0.16594964064455092,105.14561337208139,13.714425434766087,9.75338182454896
proliferative_dr,aptos_e3ec668f6fad.png,3388,2588,3,1.3091190108191655,3388x2588,64.3423548928941,40.75040121235955,0.24923062394960666,85.25263647044277,21.38508316984207,13.123055342683282
proliferative_dr,aptos_e4730ddde408.png,3216,2136,3,1.5056179775280898,3216x2136,89.10643455824808,52.903223546415695,0.2531777267687778,118.62980607200144,17.451101257094596,4.267622123096213
proliferative_dr,aptos_e4f12411fd85.png,2896,1944,3,1.4897119341563787,2896x1944,36.93020048228861,33.480161610333504,0.45314471642452764,66.14738790638513,12.8673620529156,6.840445278300659
proliferative_dr,aptos_e62490b7d0e9.png,3216,2136,3,1.5056179775280898,3216x2136,58.72438122472842,34.80650707030742,0.25431596698157155,78.23417533710865,11.304524428463244,6.018177487444065
proliferative_dr,aptos_e740af6ac6ea.png,1504,1000,3,1.504,1504x1000,58.90596609042553,37.2509044234259,0.2651914893617021,79.94548351719945,14.797850462310727,28.68179151561084
proliferative_dr,aptos_e7d2c2c3b30f.png,2416,1736,3,1.391705069124424,2416x1736,72.0270560892056,35.366885876427254,0.1664515270699179,85.9994330743076,18.101115636940197,12.61408915026205
proliferative_dr,aptos_e821c1b6417a.png,2588,1958,3,1.3217568947906027,2588x1958,28.778438001746096,12.942268546531173,0.09709502331022571,31.332418200885016,10.872523068162662,10.631236847016481
proliferative_dr,aptos_e9ab8413e771.png,2588,1958,3,1.3217568947906027,2588x1958,51.84725585834203,25.198678713647222,0.09492542780145023,56.648898411961916,21.41475755855796,13.195549940852208
proliferative_dr,aptos_eaa0dfbd5024.png,2416,1736,3,1.391705069124424,2416x1736,69.07079817346721,31.275356686973044,0.16700252922147282,82.512135426297,9.610130555759884,13.181014578240866
proliferative_dr,aptos_eadc57064154.png,1050,1050,3,1.0,1050x1050,44.93654058956916,26.84040995333935,0.21255510204081632,56.84333266525218,15.732430214842093,33.63456266448979
proliferative_dr,aptos_eb1d37b71fd1.png,2416,1736,3,1.391705069124424,2416x1736,87.21019504188665,40.66199161116146,0.16625768684957426,104.19238391449248,15.761357944342421,10.084038664090862
proliferative_dr,aptos_ebe0175e530c.png,2416,1736,3,1.391705069124424,2416x1736,82.77909939878536,39.46980715317701,0.16618186742759483,98.8686058481405,17.62183621289338,8.82690471049501
proliferative_dr,aptos_ed246ae1ed08.png,2416,1736,3,1.391705069124424,2416x1736,91.55445169682913,42.21189102465768,0.16664894367809077,109.44228991528719,14.76619308640726,8.182105612493379
proliferative_dr,aptos_ed3a0fc5b546.png,2416,1736,3,1.391705069124424,2416x1736,65.80399987983337,30.341496412218508,0.16673692281868954,78.56611810743345,11.31121489562882,15.279615828596459
proliferative_dr,aptos_ee1ec90b980f.png,2416,1736,3,1.391705069124424,2416x1736,76.40978013321329,35.99302312574459,0.16697582552568133,91.31793837743463,14.968897022830134,10.052319454375276
proliferative_dr,aptos_ef26625121b3.png,2416,1736,3,1.391705069124424,2416x1736,73.03335220076602,33.83942369888119,0.1672059064760277,87.29067404165897,12.619809578271305,9.629992869682281
proliferative_dr,aptos_f0098e9d4aee.png,2416,1736,3,1.391705069124424,2416x1736,69.46673100985748,31.995839175139352,0.16668709181493577,82.95606743344393,11.696781206114489,13.471865746937322
proliferative_dr,aptos_f025f33b2c9b.png,3216,2136,3,1.5056179775280898,3216x2136,97.07030041738871,56.7835476205799,0.25524166969459816,129.55507195527778,13.955335522880707,3.8047668185832872
proliferative_dr,aptos_f03d3c4ce7fb.png,3216,2136,3,1.5056179775280898,3216x2136,59.166679477146104,36.43204504247776,0.25414302550915835,78.86960034913143,15.870412112993627,19.58935832075822
proliferative_dr,aptos_f0f89314e860.png,1504,1000,3,1.504,1504x1000,65.29534973404256,40.426807712611605,0.26443284574468084,88.4990088520853,13.619476651451693,26.31459076677618
proliferative_dr,aptos_f1dc26c4bfa3.png,3216,2136,3,1.5056179775280898,3216x2136,73.36959281308812,43.58932308760035,0.2549241736076173,97.91324479710273,13.670712555992127,5.673987974798492
proliferative_dr,aptos_f2d2a0c92034.png,3216,2136,3,1.5056179775280898,3216x2136,67.88136986532692,39.733037810249506,0.25377428750442543,90.38024855128796,10.984501092777615,5.764506411629138
proliferative_dr,aptos_f549294e12e1.png,3388,2588,3,1.3091190108191655,3388x2588,77.03639196619034,44.63429937443413,0.24630355067161305,101.79721961910074,12.403625587623722,13.174032604663852
proliferative_dr,aptos_f58d37d48e42.png,3388,2588,3,1.3091190108191655,3388x2588,56.590217724526426,34.8960336958571,0.24946066123001628,75.01230162667758,16.184226477833242,5.335045820138098
proliferative_dr,aptos_f5e6226bd2e0.png,2416,1736,3,1.391705069124424,2416x1736,69.62640790467543,32.70739866346354,0.16708073290200506,83.19129103082662,13.528168231409044,11.290333306227243
proliferative_dr,aptos_f69835dc7c50.png,2416,1736,3,1.391705069124424,2416x1736,56.736055187002165,27.68018198950961,0.16670616588335826,67.71344822761554,14.019322428085335,10.251297036084262
proliferative_dr,aptos_f6f3ea0d2693.png,3216,2136,3,1.5056179775280898,3216x2136,55.329246208098084,33.34075339239126,0.2539559633946373,73.70236652456839,12.671434691599769,15.680375452015529
proliferative_dr,aptos_f72adcac5638.png,2588,1958,3,1.3217568947906027,2588x1958,82.85141586137323,31.900758234090677,0.09032574323545617,90.31529314065702,22.400502479652207,15.681015386247353
proliferative_dr,aptos_f850cb51fdba.png,2416,1736,3,1.391705069124424,2416x1736,79.0971015522477,37.79463615250272,0.16639621227149265,94.4800151932868,17.070195204250567,8.19087014795404
proliferative_dr,aptos_f8cf7ed8ef00.png,2416,1736,3,1.391705069124424,2416x1736,72.36004020813624,33.885188797095616,0.16660602702414015,86.42827933046881,13.77531393801034,10.187260141907823
proliferative_dr,aptos_fa59221cf464.png,2896,1944,3,1.4897119341563787,2896x1944,37.509314678398475,33.81841029630368,0.45308965253620714,67.22037805021031,11.938470660795584,6.965117026747424
proliferative_dr,aptos_fb696a8e055a.png,1844,1226,3,1.504078303425775,1844x1226,67.77182776997307,44.88988615749806,0.28463417352871445,94.31361705206155,18.487488532618162,8.415676412892312
proliferative_dr,aptos_fce93caa4758.png,2416,1736,3,1.391705069124424,2416x1736,83.17767113254189,39.741915750619626,0.16577249023407697,99.29729912026562,18.048376265015076,10.545276116206294
proliferative_dr,aptos_fdd534271f3d.png,2416,1736,3,1.391705069124424,2416x1736,96.03973700674459,45.66243290708865,0.16627151554918057,114.74622112077199,19.904638525219422,10.261758924306339
proliferative_dr,aptos_ff8a0b45c789.png,1844,1226,3,1.504078303425775,1844x1226,72.92155016224747,50.72116404711918,0.2846288655416093,101.51478941995498,26.901992287254878,7.052233201652022
proliferative_dr,idrid_ffec9a18a3ce.jpg,4288,2848,3,1.5056179775280898,4288x2848,68.22002519770355,46.15870811191178,0.30624544718472246,96.93418635773155,19.399395399191693,24.347618090979065
proliferative_dr,idrid_IDRiD_001test.jpg,4288,2848,3,1.5056179775280898,4288x2848,27.570555289519746,19.710154100787314,0.3103611594415563,39.93706275356138,8.39280999181788,5.954253704917911
proliferative_dr,idrid_IDRiD_004test.jpg,4288,2848,3,1.5056179775280898,4288x2848,65.25276542585527,47.47998011103775,0.3092982080905165,94.45879332614504,22.49322920708224,30.302686387424295
proliferative_dr,idrid_IDRiD_005.jpg,4288,2848,3,1.5056179775280898,4288x2848,72.55407229674137,48.665477949264634,0.3081641804146403,103.40573407943846,18.222027118147484,26.907649907972417
proliferative_dr,idrid_IDRiD_005test.jpg,4288,2848,3,1.5056179775280898,4288x2848,42.55678089429084,33.466200696938174,0.3092941138321734,61.594467255992996,21.203897966522238,22.317272676805665
proliferative_dr,idrid_IDRiD_006.jpg,4288,2848,3,1.5056179775280898,4288x2848,58.26717082818003,41.74850912043066,0.3087975621803203,83.17987662536211,22.5688973689991,25.190134737116008
proliferative_dr,idrid_IDRiD_007.jpg,4288,2848,3,1.5056179775280898,4288x2848,53.56535115962498,39.752153668166564,0.3090116100064984,76.52609567690011,24.060772839080116,25.83076661012396
proliferative_dr,idrid_IDRiD_008.jpg,4288,2848,3,1.5056179775280898,4288x2848,55.88045109555802,40.568200169363685,0.3090490315277545,80.01171420214723,22.274588927070226,28.243645546515104
proliferative_dr,idrid_IDRiD_010.jpg,4288,2848,3,1.5056179775280898,4288x2848,69.6409464811651,48.94046110649068,0.30819005612736877,99.63724031305772,23.261882393377185,20.347717825832376
proliferative_dr,idrid_IDRiD_014.jpg,4288,2848,3,1.5056179775280898,4288x2848,43.155609412339636,32.56265137835288,0.3096191160594499,62.07292690407855,19.47345544236119,8.453082747147445
proliferative_dr,idrid_IDRiD_015.jpg,4288,2848,3,1.5056179775280898,4288x2848,73.65528326372002,53.03332129041508,0.3082096266822489,104.995459441007,29.602693906820704,20.342982078847236
proliferative_dr,idrid_IDRiD_017.jpg,4288,2848,3,1.5056179775280898,4288x2848,65.3330616929398,45.873748332116605,0.3081686840988177,93.26383986647096,22.547527607495205,5.909354756945861
proliferative_dr,idrid_IDRiD_022.jpg,4288,2848,3,1.5056179775280898,4288x2848,78.69736642564041,54.16269041381807,0.30771029093472246,112.06961288900912,24.812892239955644,24.524348878602876
proliferative_dr,idrid_IDRiD_024.jpg,4288,2848,3,1.5056179775280898,4288x2848,70.36752470311714,48.55612192771176,0.3081552549314523,100.61987192984512,20.87638761364815,25.029711950140314
proliferative_dr,idrid_IDRiD_027.jpg,4288,2848,3,1.5056179775280898,4288x2848,62.95127750686525,43.80699133699221,0.3088547999119571,90.44305804687444,18.12005128608554,21.679696751536397
proliferative_dr,idrid_IDRiD_028.jpg,4288,2848,3,1.5056179775280898,4288x2848,62.2187477891005,42.57496868557398,0.30886200580664097,89.36458388129756,15.348417171666206,22.999908534003097
proliferative_dr,idrid_IDRiD_030.jpg,4288,2848,3,1.5056179775280898,4288x2848,27.639381328085694,20.183515384304545,0.31022449309806305,39.93398572336385,10.150204279972197,8.30259983741587
proliferative_dr,idrid_IDRiD_031.jpg,4288,2848,3,1.5056179775280898,4288x2848,63.097753283922735,41.817411819397925,0.308001392702918,90.13411089687868,12.327998204129285,13.3954078307113
proliferative_dr,idrid_IDRiD_032.jpg,4288,2848,3,1.5056179775280898,4288x2848,72.78912899075549,50.63784569933615,0.30851473081397784,104.13267751963302,22.842607505399048,22.774261836140475
proliferative_dr,idrid_IDRiD_032test.jpg,4288,2848,3,1.5056179775280898,4288x2848,64.95503161422522,45.86054609056112,0.30827554424157305,92.8436949466907,22.70633397143175,25.73466200686133
proliferative_dr,idrid_IDRiD_033.jpg,4288,2848,3,1.5056179775280898,4288x2848,77.2538758706031,53.22455408343926,0.30689954589761864,110.0601368241052,24.04336370402665,22.117090300120736
proliferative_dr,idrid_IDRiD_040test.jpg,4288,2848,3,1.5056179775280898,4288x2848,71.38674102276539,48.28936382345933,0.3078418803978702,101.73255197396362,19.378800795403617,23.07247131975488
proliferative_dr,idrid_IDRiD_046.jpg,4288,2848,3,1.5056179775280898,4288x2848,92.74149180362234,60.7407453370948,0.2989511165206272,130.18927049725477,23.857882698284662,18.657650477981534
proliferative_dr,idrid_IDRiD_048test.jpg,4288,2848,3,1.5056179775280898,4288x2848,83.85438933973042,54.91103212467393,0.306104195271885,118.73933713326547,19.154689401491076,22.803096468680028
proliferative_dr,idrid_IDRiD_053.jpg,4288,2848,3,1.5056179775280898,4288x2848,64.26833146853514,44.269282862508945,0.30849196673759016,91.96735454539103,18.57722725299543,27.849902932778598
proliferative_dr,idrid_IDRiD_053test.jpg,4288,2848,3,1.5056179775280898,4288x2848,63.82362442745892,44.28568921510396,0.30860906252620324,91.22418270982816,20.051462136471823,24.118814966778395
proliferative_dr,idrid_IDRiD_054.jpg,4288,2848,3,1.5056179775280898,4288x2848,73.0457879744099,48.74412349367591,0.3074270501425457,104.02017556222286,17.533347706483216,23.718321244669347
proliferative_dr,idrid_IDRiD_057test.jpg,4288,2848,3,1.5056179775280898,4288x2848,60.01048310283205,42.0278831717331,0.30870298481259434,85.70076225907853,20.37017543203048,25.648081705327694
proliferative_dr,idrid_IDRiD_061test.jpg,4288,2848,3,1.5056179775280898,4288x2848,68.22002519770355,46.15870811191178,0.30624544718472246,96.93418635773155,19.399395399191693,24.347618090979065
proliferative_dr,idrid_IDRiD_062.jpg,4288,2848,3,1.5056179775280898,4288x2848,73.7175762580182,50.23497355600706,0.3069691482894516,104.44190890048594,23.745725557761705,25.83956443342588
proliferative_dr,idrid_IDRiD_067.jpg,4288,2848,3,1.5056179775280898,4288x2848,65.6196721416181,44.655284935661825,0.308089992453463,93.3254607231448,19.707531440186884,25.77181052330963
proliferative_dr,idrid_IDRiD_070.jpg,4288,2848,3,1.5056179775280898,4288x2848,69.3093217091334,45.61933567283234,0.30787545331628374,98.48716101263786,15.464932031336069,26.29886415215517
proliferative_dr,idrid_IDRiD_081.jpg,4288,2848,3,1.5056179775280898,4288x2848,84.54345703125,66.52469336387469,0.3031781107192269,119.39351872470914,48.40105979830956,19.351903221692474
proliferative_dr,idrid_IDRiD_086.jpg,4288,2848,3,1.5056179775280898,4288x2848,42.950059465008174,30.104059544909205,0.30911535851291294,61.5228737176787,13.94957681913299,17.97708885765424
proliferative_dr,idrid_IDRiD_089.jpg,4288,2848,3,1.5056179775280898,4288x2848,50.425699446718305,34.982030297890574,0.2979085545761362,70.62057956417107,19.281544340432774,9.765776241653437
proliferative_dr,idrid_IDRiD_090.jpg,4288,2848,3,1.5056179775280898,4288x2848,50.32178479530018,36.90637078295075,0.30910283008238304,71.94752489246972,21.380869466215795,11.865836312823903
proliferative_dr,idrid_IDRiD_096.jpg,4288,2848,3,1.5056179775280898,4288x2848,64.9646742477046,43.76583396764843,0.30853536587602715,92.7635671358301,16.226368290345118,25.60666099640644
proliferative_dr,idrid_IDRiD_098.jpg,4288,2848,3,1.5056179775280898,4288x2848,67.90104906362674,45.95101719982203,0.30821896159127116,97.01671850225817,17.322520739167015,15.504658609100042
proliferative_dr,idrid_IDRiD_099.jpg,4288,2848,3,1.5056179775280898,4288x2848,67.71615980840181,46.42753551858444,0.30799230344939627,96.69020026498787,19.68010493387704,15.90511122180729
proliferative_dr,idrid_IDRiD_100.jpg,4288,2848,3,1.5056179775280898,4288x2848,55.87514297150134,38.67386500569638,0.3088925489738806,79.93972032328593,16.960130400131856,23.307268519219715
proliferative_dr,idrid_IDRiD_104.jpg,4288,2848,3,1.5056179775280898,4288x2848,67.8769333906748,46.670595551902565,0.3084719048717089,97.06365670680357,19.652960833283196,23.136919532197165
proliferative_dr,idrid_IDRiD_111.jpg,4288,2848,3,1.5056179775280898,4288x2848,52.00136011262158,35.601385615851015,0.308803703567835,74.43322852007405,14.246938945403182,6.080351374590721
proliferative_dr,idrid_IDRiD_119.jpg,4288,2848,3,1.5056179775280898,4288x2848,61.11519023889506,43.738767575613615,0.3091783282062301,87.89624841862158,21.173478380529197,24.436278191109512
proliferative_dr,idrid_IDRiD_178.jpg,4288,2848,3,1.5056179775280898,4288x2848,69.81525347062092,49.71787255808698,0.3090383864560624,101.02375169141965,20.633237495064755,22.13268344559693
proliferative_dr,idrid_IDRiD_189.jpg,4288,2848,3,1.5056179775280898,4288x2848,57.55447427102549,42.42390465003249,0.3092300796316871,83.30386623164956,21.477165982883,23.183526926175663
proliferative_dr,idrid_IDRiD_192.jpg,4288,2848,3,1.5056179775280898,4288x2848,83.11524018884684,57.10311206001656,0.3085948145071692,120.19297064816585,16.160209776528603,19.539879302068922
proliferative_dr,idrid_IDRiD_224.jpg,4288,2848,3,1.5056179775280898,4288x2848,67.0489677392095,50.12782552634103,0.30955246153362403,97.09172084583545,26.89935031484368,24.014607085019822
proliferative_dr,idrid_IDRiD_239.jpg,4288,2848,3,1.5056179775280898,4288x2848,60.16543595990378,45.46239014082482,0.3097900922878585,87.15287238174692,25.36524895595417,23.7312154606313
proliferative_dr,idrid_IDRiD_240.jpg,4288,2848,3,1.5056179775280898,4288x2848,59.08864961861165,42.49386937810585,0.3097584846134496,85.58842994932964,18.680177230307773,24.37486014006523
proliferative_dr,idrid_IDRiD_246.jpg,4288,2848,3,1.5056179775280898,4288x2848,71.66229476301778,50.465916113237455,0.3095135660793644,103.76494534457967,18.938146615454272,20.72913778706663
proliferative_dr,idrid_IDRiD_254.jpg,4288,2848,3,1.5056179775280898,4288x2848,72.97552902730904,51.19877784083125,0.30938246792721785,105.6478536339207,18.578366819393047,25.00783010411116
proliferative_dr,idrid_IDRiD_272.jpg,4288,2848,3,1.5056179775280898,4288x2848,60.73560589782827,44.45366282036195,0.3097533258479373,87.97482954694418,21.621205269870853,27.101507058201673
proliferative_dr,idrid_IDRiD_278.jpg,4288,2848,3,1.5056179775280898,4288x2848,58.71805766091418,40.416255063560165,0.30984380895732017,85.06107191663556,11.271094163086165,27.499886669345297
proliferative_dr,idrid_IDRiD_285.jpg,4288,2848,3,1.5056179775280898,4288x2848,68.78689901200633,51.10375893899338,0.3097557005177763,99.6383988787838,26.658968105204078,27.178134547102193
proliferative_dr,idrid_IDRiD_286.jpg,4288,2848,3,1.5056179775280898,4288x2848,66.06736086727528,47.307414029258176,0.3095965976385628,95.67582030943758,20.24497431991222,29.462514280546074
proliferative_dr,idrid_IDRiD_289.jpg,4288,2848,3,1.5056179775280898,4288x2848,75.46767443833326,53.42790486094863,0.3096820038676002,109.30327562969748,20.932365178972454,25.573559486042445
proliferative_dr,idrid_IDRiD_299.jpg,4288,2848,3,1.5056179775280898,4288x2848,72.49168947441514,50.986793254047065,0.30952044443338084,104.96955501179929,18.89493742216753,26.38706929587978
proliferative_dr,idrid_IDRiD_313.jpg,4288,2848,3,1.5056179775280898,4288x2848,78.9099585792072,55.173489592807854,0.309366336549346,114.23822881034098,19.320625454418288,21.32874674818499
proliferative_dr,idrid_IDRiD_324.jpg,4288,2848,3,1.5056179775280898,4288x2848,59.48465029793099,41.36532645137902,0.30923474708619825,85.60991076106774,16.400789854050235,25.601401594343105
proliferative_dr,idrid_IDRiD_361.jpg,4288,2848,3,1.5056179775280898,4288x2848,71.44257229477611,48.56743736496507,0.3087463839510314,102.61821182921443,16.227545563749064,21.841926497093816
proliferative_dr,idrid_IDRiD_362.jpg,4288,2848,3,1.5056179775280898,4288x2848,80.61659653475076,54.918850785728544,0.3079920577938957,115.34508652038893,20.99036681302363,21.6783509701305
proliferative_dr,idrid_IDRiD_389.jpg,4288,2848,3,1.5056179775280898,4288x2848,50.30396797503878,37.10132045542272,0.30965604626970483,72.45407564198901,20.21950522325339,24.59312063053215
proliferative_dr,idrid_IDRiD_390.jpg,4288,2848,3,1.5056179775280898,4288x2848,52.28012792755849,39.792793856820644,0.30954034252892837,75.2224431122783,24.328140293129522,23.05124324450149
proliferative_dr,idrid_IDRiD_392.jpg,4288,2848,3,1.5056179775280898,4288x2848,65.64153752829951,45.43703184067631,0.30862306488973673,94.10831551831345,18.94643186594635,21.339650491921404
proliferative_dr,idrid_IDRiD_394.jpg,4288,2848,3,1.5056179775280898,4288x2848,64.60010019469017,44.34685470623698,0.30883621197907934,92.59706418240214,17.485241050910645,23.259378062500318
